{
  "type": "FeatureCollection",
  "crs": {
    "type": "name",
    "properties": {
      "name": "EPSG:4326"
    }
  },
  "features": [
    {
      "type": "Feature",
      "id": "csidc_industrial_area_outer_boundary.fid-23377b7a_19c5672bde0_5c01",
      "geometry": {
        "type": "Polygon",
        "coordinates": [
          [
            [
              81.84881274,
              21.57321597
            ],
            [
              81.84990696,
              21.57252427
            ],
            [
              81.85108621,
              21.57162363
            ],
            [
              81.85114616,
              21.57157784
            ],
            [
              81.85120611,
              21.57153206
            ],
            [
              81.85137413,
              21.57140295
            ],
            [
              81.85121806,
              21.57126638
            ],
            [
              81.85119798,
              21.57126477
            ],
            [
              81.85115853,
              21.57127134
            ],
            [
              81.85114702,
              21.57127891
            ],
            [
              81.85111102,
              21.57127602
            ],
            [
              81.85110172,
              21.57128334
            ],
            [
              81.8510763,
              21.5712813
            ],
            [
              81.85106153,
              21.57128012
            ],
            [
              81.85105366,
              21.5712875
            ],
            [
              81.85102541,
              21.57128523
            ],
            [
              81.85101207,
              21.57129246
            ],
            [
              81.85097627,
              21.57128959
            ],
            [
              81.85090546,
              21.57130746
            ],
            [
              81.85080462,
              21.57130762
            ],
            [
              81.85079413,
              21.57130819
            ],
            [
              81.85066313,
              21.57131537
            ],
            [
              81.85062396,
              21.57131751
            ],
            [
              81.85057674,
              21.57132145
            ],
            [
              81.85053633,
              21.57132482
            ],
            [
              81.85051835,
              21.57132632
            ],
            [
              81.85048595,
              21.57133172
            ],
            [
              81.85045571,
              21.57134497
            ],
            [
              81.8504174,
              21.57135135
            ],
            [
              81.85037782,
              21.57135794
            ],
            [
              81.85011454,
              21.57138531
            ],
            [
              81.84991254,
              21.57141896
            ],
            [
              81.84986043,
              21.57142331
            ],
            [
              81.84983108,
              21.57142576
            ],
            [
              81.84981371,
              21.57142721
            ],
            [
              81.84944535,
              21.57148856
            ],
            [
              81.84941305,
              21.57149394
            ],
            [
              81.84927189,
              21.57152955
            ],
            [
              81.84914006,
              21.57156282
            ],
            [
              81.84862747,
              21.5716631
            ],
            [
              81.84846232,
              21.57169469
            ],
            [
              81.84840046,
              21.57169479
            ],
            [
              81.84831268,
              21.57169493
            ],
            [
              81.84811226,
              21.57169524
            ],
            [
              81.84798406,
              21.57168972
            ],
            [
              81.84783064,
              21.57168563
            ],
            [
              81.84772937,
              21.57168294
            ],
            [
              81.84754043,
              21.57171906
            ],
            [
              81.84746573,
              21.57176816
            ],
            [
              81.84742538,
              21.57179469
            ],
            [
              81.84734268,
              21.57178805
            ],
            [
              81.84726427,
              21.57178176
            ],
            [
              81.84724591,
              21.57179171
            ],
            [
              81.84716728,
              21.57177887
            ],
            [
              81.84715595,
              21.57178951
            ],
            [
              81.84710119,
              21.57178511
            ],
            [
              81.84709178,
              21.57178436
            ],
            [
              81.84697563,
              21.57177234
            ],
            [
              81.84691404,
              21.57176597
            ],
            [
              81.84689804,
              21.57175346
            ],
            [
              81.84681625,
              21.5717469
            ],
            [
              81.84680502,
              21.57173642
            ],
            [
              81.8467169,
              21.57172935
            ],
            [
              81.84663019,
              21.57171273
            ],
            [
              81.84661865,
              21.5717052
            ],
            [
              81.84656251,
              21.57169603
            ],
            [
              81.84634766,
              21.57167879
            ],
            [
              81.84577028,
              21.57162529
            ],
            [
              81.84571242,
              21.57163011
            ],
            [
              81.8456985,
              21.57163926
            ],
            [
              81.84564473,
              21.57163048
            ],
            [
              81.84559706,
              21.57163842
            ],
            [
              81.84551809,
              21.57164501
            ],
            [
              81.84522043,
              21.57162111
            ],
            [
              81.84513483,
              21.5715998
            ],
            [
              81.84511507,
              21.57159122
            ],
            [
              81.84506459,
              21.57158717
            ],
            [
              81.84504987,
              21.57157756
            ],
            [
              81.84499595,
              21.57157323
            ],
            [
              81.8449451,
              21.57156057
            ],
            [
              81.84494143,
              21.57155966
            ],
            [
              81.84489713,
              21.57154466
            ],
            [
              81.84484272,
              21.57153111
            ],
            [
              81.8447158,
              21.5714942
            ],
            [
              81.84455273,
              21.57148111
            ],
            [
              81.84446985,
              21.57148124
            ],
            [
              81.84436009,
              21.57147243
            ],
            [
              81.84433489,
              21.57147247
            ],
            [
              81.84433442,
              21.57148301
            ],
            [
              81.84433454,
              21.57155249
            ],
            [
              81.84434667,
              21.57167978
            ],
            [
              81.84436737,
              21.57175156
            ],
            [
              81.84438465,
              21.57184235
            ],
            [
              81.84442139,
              21.57191572
            ],
            [
              81.8444513,
              21.57199221
            ],
            [
              81.84447748,
              21.57205914
            ],
            [
              81.84452529,
              21.57215463
            ],
            [
              81.84454533,
              21.57219466
            ],
            [
              81.84462079,
              21.57231644
            ],
            [
              81.84462418,
              21.57232192
            ],
            [
              81.84468852,
              21.57240757
            ],
            [
              81.84475997,
              21.57247418
            ],
            [
              81.84484229,
              21.57255092
            ],
            [
              81.84495319,
              21.57261058
            ],
            [
              81.84502364,
              21.57266569
            ],
            [
              81.84511106,
              21.57272275
            ],
            [
              81.84518473,
              21.57275474
            ],
            [
              81.84525772,
              21.57278644
            ],
            [
              81.84534525,
              21.57282445
            ],
            [
              81.84541152,
              21.57283528
            ],
            [
              81.84543976,
              21.57283989
            ],
            [
              81.84555846,
              21.57286944
            ],
            [
              81.84558578,
              21.57287624
            ],
            [
              81.84575605,
              21.57291863
            ],
            [
              81.84591185,
              21.57295742
            ],
            [
              81.84597298,
              21.57296233
            ],
            [
              81.84609476,
              21.57297211
            ],
            [
              81.84635973,
              21.57300311
            ],
            [
              81.84638477,
              21.57300604
            ],
            [
              81.84650741,
              21.57302039
            ],
            [
              81.84673071,
              21.57304651
            ],
            [
              81.84687638,
              21.57302879
            ],
            [
              81.84702508,
              21.57302242
            ],
            [
              81.84755167,
              21.57299784
            ],
            [
              81.84804712,
              21.57299707
            ],
            [
              81.8484461,
              21.57302909
            ],
            [
              81.84861877,
              21.57300787
            ],
            [
              81.84838736,
              21.57313333
            ],
            [
              81.84840385,
              21.57313892
            ],
            [
              81.84846317,
              21.57318531
            ],
            [
              81.84852329,
              21.57320482
            ],
            [
              81.84853335,
              21.57321118
            ],
            [
              81.84856865,
              21.5732335
            ],
            [
              81.84862639,
              21.573317
            ],
            [
              81.84881274,
              21.57321597
            ]
          ]
        ]
      },
      "geometry_name": "geom",
      "properties": {
        "gid": 21,
        "objectid": 61,
        "industrial": "KHAPRI KHURD",
        "location": "KHAPRI KHURD",
        "industri_1": "KHAPRI KHURD",
        "show_yn": "YES",
        "st_area_sh": 7.89522741552e-06,
        "st_length_": 0.016247816323
      }
    },
    {
      "type": "Feature",
      "id": "csidc_industrial_area_outer_boundary.fid-23377b7a_19c5672bde0_5c02",
      "geometry": {
        "type": "Polygon",
        "coordinates": [
          [
            [
              83.78614982,
              22.65527425
            ],
            [
              83.78648082,
              22.65518968
            ],
            [
              83.78650635,
              22.65542209
            ],
            [
              83.78665266,
              22.65544247
            ],
            [
              83.78675406,
              22.65539965
            ],
            [
              83.78695347,
              22.65531544
            ],
            [
              83.78692154,
              22.6550724
            ],
            [
              83.78706281,
              22.65499614
            ],
            [
              83.78740398,
              22.65491856
            ],
            [
              83.78776429,
              22.65483348
            ],
            [
              83.78798104,
              22.65474874
            ],
            [
              83.7879201,
              22.65455994
            ],
            [
              83.78882631,
              22.65424311
            ],
            [
              83.78888264,
              22.65429288
            ],
            [
              83.78890826,
              22.65444647
            ],
            [
              83.78904306,
              22.65465488
            ],
            [
              83.78927025,
              22.65453331
            ],
            [
              83.78932307,
              22.65450492
            ],
            [
              83.78957,
              22.65491438
            ],
            [
              83.78972609,
              22.65483202
            ],
            [
              83.7899468,
              22.65471556
            ],
            [
              83.78986039,
              22.65451407
            ],
            [
              83.78982499,
              22.65438682
            ],
            [
              83.78978269,
              22.65423481
            ],
            [
              83.78966134,
              22.65408706
            ],
            [
              83.79009687,
              22.65396126
            ],
            [
              83.79068969,
              22.65378853
            ],
            [
              83.79059769,
              22.65362767
            ],
            [
              83.79057656,
              22.65359071
            ],
            [
              83.79045393,
              22.65366629
            ],
            [
              83.78948659,
              22.65377267
            ],
            [
              83.7894218,
              22.65377979
            ],
            [
              83.7892209,
              22.6535791
            ],
            [
              83.78879435,
              22.65376744
            ],
            [
              83.78866529,
              22.65390641
            ],
            [
              83.78866416,
              22.65390648
            ],
            [
              83.78809733,
              22.65394078
            ],
            [
              83.78807187,
              22.65394579
            ],
            [
              83.78782248,
              22.65399489
            ],
            [
              83.78782118,
              22.65399514
            ],
            [
              83.78757394,
              22.65404203
            ],
            [
              83.78734633,
              22.6540852
            ],
            [
              83.78732203,
              22.65408842
            ],
            [
              83.7870691,
              22.65412193
            ],
            [
              83.78699348,
              22.65413194
            ],
            [
              83.78680462,
              22.65414024
            ],
            [
              83.78654358,
              22.65415171
            ],
            [
              83.78627504,
              22.65416172
            ],
            [
              83.78606278,
              22.65416963
            ],
            [
              83.78606047,
              22.65418281
            ],
            [
              83.78606954,
              22.65421787
            ],
            [
              83.78611415,
              22.65435621
            ],
            [
              83.78617227,
              22.6545383
            ],
            [
              83.78594167,
              22.65443388
            ],
            [
              83.78599796,
              22.65434168
            ],
            [
              83.78595909,
              22.65427739
            ],
            [
              83.78595602,
              22.65420198
            ],
            [
              83.785647,
              22.6542323
            ],
            [
              83.78539979,
              22.65425655
            ],
            [
              83.78515942,
              22.65427984
            ],
            [
              83.78515065,
              22.65428064
            ],
            [
              83.78450603,
              22.65433992
            ],
            [
              83.78450575,
              22.65453003
            ],
            [
              83.7842282,
              22.65470012
            ],
            [
              83.78429571,
              22.6547811
            ],
            [
              83.7843666,
              22.65508078
            ],
            [
              83.78415617,
              22.65515991
            ],
            [
              83.78416234,
              22.65521043
            ],
            [
              83.78443643,
              22.65517509
            ],
            [
              83.78457331,
              22.65517462
            ],
            [
              83.78467473,
              22.6552
            ],
            [
              83.78471607,
              22.65521035
            ],
            [
              83.78483819,
              22.65524357
            ],
            [
              83.78504805,
              22.65532839
            ],
            [
              83.78506027,
              22.65533333
            ],
            [
              83.78540572,
              22.65546775
            ],
            [
              83.78572837,
              22.65536375
            ],
            [
              83.78592264,
              22.65530113
            ],
            [
              83.78595804,
              22.6552955
            ],
            [
              83.78614982,
              22.65527425
            ]
          ]
        ]
      },
      "geometry_name": "geom",
      "properties": {
        "gid": 17,
        "objectid": 63,
        "industrial": "NARAYANBAHALI",
        "location": "NARAYANBAHALI",
        "industri_1": "NARAYANBAHALI",
        "show_yn": "YES",
        "st_area_sh": 5.17966482217e-06,
        "st_length_": 0.0176381259642
      }
    },
    {
      "type": "Feature",
      "id": "csidc_industrial_area_outer_boundary.fid-23377b7a_19c5672bde0_5c03",
      "geometry": {
        "type": "Polygon",
        "coordinates": [
          [
            [
              81.96079929,
              21.74588848
            ],
            [
              81.96104084,
              21.74276545
            ],
            [
              81.96104649,
              21.7426925
            ],
            [
              81.96104655,
              21.74269165
            ],
            [
              81.96105226,
              21.74261785
            ],
            [
              81.96140529,
              21.7427815
            ],
            [
              81.96142037,
              21.74275026
            ],
            [
              81.96142039,
              21.74275022
            ],
            [
              81.96150239,
              21.74278823
            ],
            [
              81.96142489,
              21.74263769
            ],
            [
              81.96139883,
              21.74258707
            ],
            [
              81.96148083,
              21.74262507
            ],
            [
              81.96152595,
              21.74253164
            ],
            [
              81.96098221,
              21.7422796
            ],
            [
              81.9608387,
              21.74221307
            ],
            [
              81.95937232,
              21.74153332
            ],
            [
              81.95932997,
              21.74162101
            ],
            [
              81.95924674,
              21.7415824
            ],
            [
              81.95927766,
              21.74164233
            ],
            [
              81.95935041,
              21.74178332
            ],
            [
              81.95926842,
              21.74174531
            ],
            [
              81.95926839,
              21.74174536
            ],
            [
              81.95925041,
              21.74178259
            ],
            [
              81.95922149,
              21.74184563
            ],
            [
              81.95951085,
              21.74197977
            ],
            [
              81.95950554,
              21.74226608
            ],
            [
              81.95950536,
              21.74227539
            ],
            [
              81.95949281,
              21.7427308
            ],
            [
              81.95948,
              21.74319551
            ],
            [
              81.95947039,
              21.74354405
            ],
            [
              81.95945691,
              21.74403342
            ],
            [
              81.95944666,
              21.74440519
            ],
            [
              81.95943875,
              21.74469205
            ],
            [
              81.95842913,
              21.74424242
            ],
            [
              81.95828699,
              21.74417912
            ],
            [
              81.95814558,
              21.74435025
            ],
            [
              81.95783482,
              21.74404827
            ],
            [
              81.95719044,
              21.74469995
            ],
            [
              81.96030285,
              21.747862
            ],
            [
              81.96095931,
              21.74719809
            ],
            [
              81.96071626,
              21.74696192
            ],
            [
              81.96074465,
              21.74659486
            ],
            [
              81.96078066,
              21.74612933
            ],
            [
              81.96078308,
              21.746098
            ],
            [
              81.96079929,
              21.74588848
            ]
          ]
        ]
      },
      "geometry_name": "geom",
      "properties": {
        "gid": 8,
        "objectid": 8,
        "industrial": "AURETHI, BHATAPARA",
        "location": "AURETHI",
        "industri_1": "AURETHI, BHATAPARA",
        "show_yn": "YES",
        "st_area_sh": 1.14969569958e-05,
        "st_length_": 0.0198559774342
      }
    },
    {
      "type": "Feature",
      "id": "csidc_industrial_area_outer_boundary.fid-23377b7a_19c5672bde0_5c04",
      "geometry": {
        "type": "Polygon",
        "coordinates": [
          [
            [
              83.49506149,
              21.87246688
            ],
            [
              83.49504123,
              21.87223313
            ],
            [
              83.49502102,
              21.87207704
            ],
            [
              83.495022,
              21.87202021
            ],
            [
              83.49502297,
              21.87195202
            ],
            [
              83.49502697,
              21.871916
            ],
            [
              83.49503298,
              21.87186481
            ],
            [
              83.49504604,
              21.87181357
            ],
            [
              83.4950621,
              21.87174337
            ],
            [
              83.49491714,
              21.87164129
            ],
            [
              83.49485675,
              21.87161999
            ],
            [
              83.49477623,
              21.87159506
            ],
            [
              83.49472692,
              21.87158882
            ],
            [
              83.49469371,
              21.87159192
            ],
            [
              83.49465548,
              21.8716017
            ],
            [
              83.4946102,
              21.87161342
            ],
            [
              83.49458203,
              21.87163448
            ],
            [
              83.49454884,
              21.87166315
            ],
            [
              83.49453174,
              21.87167275
            ],
            [
              83.49446898,
              21.87114645
            ],
            [
              83.49448945,
              21.87114645
            ],
            [
              83.49452514,
              21.87118215
            ],
            [
              83.49452086,
              21.87115502
            ],
            [
              83.49450658,
              21.87104937
            ],
            [
              83.49485065,
              21.87099798
            ],
            [
              83.49499913,
              21.87098513
            ],
            [
              83.49502625,
              21.87093516
            ],
            [
              83.49508193,
              21.87082951
            ],
            [
              83.49512476,
              21.87077812
            ],
            [
              83.49516474,
              21.8707567
            ],
            [
              83.49522898,
              21.87075242
            ],
            [
              83.49527752,
              21.87076812
            ],
            [
              83.49530179,
              21.87079382
            ],
            [
              83.4953332,
              21.87086806
            ],
            [
              83.49535034,
              21.87093088
            ],
            [
              83.49538032,
              21.87103653
            ],
            [
              83.49540173,
              21.87105366
            ],
            [
              83.49541173,
              21.8710251
            ],
            [
              83.49545598,
              21.87087377
            ],
            [
              83.49548025,
              21.87080524
            ],
            [
              83.49548168,
              21.87076669
            ],
            [
              83.4954774,
              21.8707153
            ],
            [
              83.49546598,
              21.87067961
            ],
            [
              83.49543742,
              21.87064391
            ],
            [
              83.49545799,
              21.87048888
            ],
            [
              83.49545988,
              21.87048884
            ],
            [
              83.49545958,
              21.87047693
            ],
            [
              83.49548193,
              21.87026506
            ],
            [
              83.49561022,
              21.87011282
            ],
            [
              83.49561217,
              21.8701105
            ],
            [
              83.49586688,
              21.86998093
            ],
            [
              83.49586797,
              21.86998038
            ],
            [
              83.49595298,
              21.86992452
            ],
            [
              83.49600039,
              21.86989336
            ],
            [
              83.49606478,
              21.86985032
            ],
            [
              83.49615844,
              21.86978439
            ],
            [
              83.49620916,
              21.86975418
            ],
            [
              83.49624846,
              21.86974433
            ],
            [
              83.49626741,
              21.8697462
            ],
            [
              83.49628353,
              21.8697473
            ],
            [
              83.49629398,
              21.86974615
            ],
            [
              83.49630494,
              21.86973664
            ],
            [
              83.49632107,
              21.86971334
            ],
            [
              83.49634559,
              21.86969145
            ],
            [
              83.49639724,
              21.86965736
            ],
            [
              83.49644275,
              21.86963011
            ],
            [
              83.4964611,
              21.86962502
            ],
            [
              83.49646578,
              21.86962372
            ],
            [
              83.49646796,
              21.86962604
            ],
            [
              83.4964937,
              21.86965331
            ],
            [
              83.49650582,
              21.86967447
            ],
            [
              83.49653381,
              21.8697413
            ],
            [
              83.49654085,
              21.86977951
            ],
            [
              83.49654203,
              21.86982417
            ],
            [
              83.49652861,
              21.86988762
            ],
            [
              83.49650119,
              21.87001707
            ],
            [
              83.49648445,
              21.87008229
            ],
            [
              83.49645211,
              21.8701768
            ],
            [
              83.49639441,
              21.87038393
            ],
            [
              83.49638841,
              21.87042467
            ],
            [
              83.49633728,
              21.87074231
            ],
            [
              83.49630539,
              21.87100385
            ],
            [
              83.49630828,
              21.87112215
            ],
            [
              83.49629074,
              21.87129306
            ],
            [
              83.49629149,
              21.87134757
            ],
            [
              83.49629658,
              21.87137563
            ],
            [
              83.49631271,
              21.87139589
            ],
            [
              83.4963391,
              21.87142193
            ],
            [
              83.49656061,
              21.87159957
            ],
            [
              83.49666785,
              21.87144354
            ],
            [
              83.49669098,
              21.87141339
            ],
            [
              83.49674946,
              21.87134462
            ],
            [
              83.49684271,
              21.87123212
            ],
            [
              83.49698712,
              21.8710666
            ],
            [
              83.49706613,
              21.87099856
            ],
            [
              83.49710859,
              21.87098065
            ],
            [
              83.4971339,
              21.8709748
            ],
            [
              83.49717782,
              21.8709731
            ],
            [
              83.49719361,
              21.87088366
            ],
            [
              83.4973235,
              21.8707608
            ],
            [
              83.49748222,
              21.87077832
            ],
            [
              83.49752319,
              21.87078116
            ],
            [
              83.49757657,
              21.87077851
            ],
            [
              83.49772982,
              21.87084587
            ],
            [
              83.49783271,
              21.87083362
            ],
            [
              83.49784793,
              21.87041192
            ],
            [
              83.49784018,
              21.87027331
            ],
            [
              83.49784351,
              21.87014869
            ],
            [
              83.49785281,
              21.87007608
            ],
            [
              83.49787155,
              21.87003304
            ],
            [
              83.49791171,
              21.87000671
            ],
            [
              83.49793672,
              21.86999116
            ],
            [
              83.4980215,
              21.86999629
            ],
            [
              83.49804487,
              21.8699963
            ],
            [
              83.49810821,
              21.87000808
            ],
            [
              83.49815192,
              21.8700196
            ],
            [
              83.49818874,
              21.87002931
            ],
            [
              83.49823167,
              21.87003448
            ],
            [
              83.4983248,
              21.87004058
            ],
            [
              83.49843749,
              21.87005184
            ],
            [
              83.49855472,
              21.87006921
            ],
            [
              83.49858517,
              21.8700797
            ],
            [
              83.49856569,
              21.87004626
            ],
            [
              83.49853924,
              21.87001591
            ],
            [
              83.49852019,
              21.86997152
            ],
            [
              83.49849908,
              21.86990689
            ],
            [
              83.4984856,
              21.86985536
            ],
            [
              83.49812201,
              21.86960983
            ],
            [
              83.4980839,
              21.86955126
            ],
            [
              83.49804984,
              21.86948635
            ],
            [
              83.49800361,
              21.86938544
            ],
            [
              83.49796145,
              21.86928172
            ],
            [
              83.49794253,
              21.86919299
            ],
            [
              83.49790858,
              21.86904901
            ],
            [
              83.49788852,
              21.86899679
            ],
            [
              83.49785214,
              21.86891904
            ],
            [
              83.49782673,
              21.86887345
            ],
            [
              83.49778315,
              21.86881965
            ],
            [
              83.49774057,
              21.86877897
            ],
            [
              83.49770262,
              21.86874436
            ],
            [
              83.49767304,
              21.86872532
            ],
            [
              83.49763105,
              21.86870441
            ],
            [
              83.49758228,
              21.86868856
            ],
            [
              83.49753828,
              21.86868308
            ],
            [
              83.49749917,
              21.86868006
            ],
            [
              83.49745633,
              21.86868469
            ],
            [
              83.49741247,
              21.86869581
            ],
            [
              83.49738737,
              21.86870549
            ],
            [
              83.49734011,
              21.86877932
            ],
            [
              83.49727233,
              21.86889361
            ],
            [
              83.49721494,
              21.86901539
            ],
            [
              83.49716505,
              21.86912188
            ],
            [
              83.49714227,
              21.86916892
            ],
            [
              83.49711746,
              21.8691897
            ],
            [
              83.49708428,
              21.86920471
            ],
            [
              83.4970218,
              21.86921069
            ],
            [
              83.49694143,
              21.86919916
            ],
            [
              83.49686571,
              21.8691881
            ],
            [
              83.49679114,
              21.86917242
            ],
            [
              83.49668541,
              21.86914013
            ],
            [
              83.49650672,
              21.86908177
            ],
            [
              83.49646748,
              21.86911318
            ],
            [
              83.49641024,
              21.86914205
            ],
            [
              83.49633454,
              21.86917023
            ],
            [
              83.49627614,
              21.86918017
            ],
            [
              83.49621265,
              21.86917511
            ],
            [
              83.49618379,
              21.86916496
            ],
            [
              83.49614062,
              21.86913751
            ],
            [
              83.49609098,
              21.86910843
            ],
            [
              83.49604873,
              21.86910083
            ],
            [
              83.49601088,
              21.86909922
            ],
            [
              83.49597579,
              21.86911008
            ],
            [
              83.49593309,
              21.86913964
            ],
            [
              83.49591624,
              21.86914818
            ],
            [
              83.49590101,
              21.86914242
            ],
            [
              83.49579827,
              21.86909812
            ],
            [
              83.49579371,
              21.86913752
            ],
            [
              83.49578756,
              21.86919053
            ],
            [
              83.49578468,
              21.86921539
            ],
            [
              83.49576784,
              21.86924749
            ],
            [
              83.49575653,
              21.86926134
            ],
            [
              83.49573737,
              21.86926342
            ],
            [
              83.49570875,
              21.8692602
            ],
            [
              83.49568682,
              21.86928513
            ],
            [
              83.49567044,
              21.86930361
            ],
            [
              83.49564228,
              21.86931423
            ],
            [
              83.49544456,
              21.8693073
            ],
            [
              83.49538674,
              21.86928731
            ],
            [
              83.49534891,
              21.86927589
            ],
            [
              83.49531464,
              21.86926232
            ],
            [
              83.49529465,
              21.86924876
            ],
            [
              83.49526539,
              21.86923734
            ],
            [
              83.49521256,
              21.86923234
            ],
            [
              83.49515117,
              21.86922877
            ],
            [
              83.49508693,
              21.86922306
            ],
            [
              83.49503553,
              21.86921807
            ],
            [
              83.49499698,
              21.8692095
            ],
            [
              83.49494773,
              21.86919094
            ],
            [
              83.49487135,
              21.86915739
            ],
            [
              83.49480282,
              21.86911956
            ],
            [
              83.49473001,
              21.86905602
            ],
            [
              83.49466805,
              21.86899942
            ],
            [
              83.49463093,
              21.86894517
            ],
            [
              83.49459095,
              21.86890662
            ],
            [
              83.49449387,
              21.86882381
            ],
            [
              83.4943354,
              21.86866534
            ],
            [
              83.49423118,
              21.86883666
            ],
            [
              83.49416551,
              21.86892803
            ],
            [
              83.49413552,
              21.86897943
            ],
            [
              83.49409555,
              21.86904938
            ],
            [
              83.494057,
              21.86911934
            ],
            [
              83.49403987,
              21.86916788
            ],
            [
              83.49401703,
              21.86924926
            ],
            [
              83.49400418,
              21.86931779
            ],
            [
              83.49374984,
              21.86935052
            ],
            [
              83.49349956,
              21.86938273
            ],
            [
              83.49332746,
              21.86940488
            ],
            [
              83.4932445,
              21.86941817
            ],
            [
              83.49306444,
              21.86944702
            ],
            [
              83.49299905,
              21.86945573
            ],
            [
              83.49274267,
              21.86948986
            ],
            [
              83.49248988,
              21.86952351
            ],
            [
              83.49244959,
              21.86952888
            ],
            [
              83.49218451,
              21.86956266
            ],
            [
              83.49202604,
              21.86958122
            ],
            [
              83.49205745,
              21.86963262
            ],
            [
              83.49208886,
              21.86967117
            ],
            [
              83.49213312,
              21.86971257
            ],
            [
              83.49216462,
              21.86974174
            ],
            [
              83.49235468,
              21.86990394
            ],
            [
              83.49242075,
              21.86999419
            ],
            [
              83.49250734,
              21.87009294
            ],
            [
              83.49260804,
              21.87021904
            ],
            [
              83.49263,
              21.87025912
            ],
            [
              83.49263909,
              21.87031302
            ],
            [
              83.49262788,
              21.87052477
            ],
            [
              83.49262034,
              21.87053122
            ],
            [
              83.49260979,
              21.8705661
            ],
            [
              83.49260604,
              21.87057583
            ],
            [
              83.49257652,
              21.8707063
            ],
            [
              83.49252116,
              21.8709168
            ],
            [
              83.49251325,
              21.87094686
            ],
            [
              83.49242888,
              21.8712501
            ],
            [
              83.49242621,
              21.8712571
            ],
            [
              83.49238366,
              21.87136836
            ],
            [
              83.49233392,
              21.87148523
            ],
            [
              83.49228618,
              21.87159988
            ],
            [
              83.49227814,
              21.8716192
            ],
            [
              83.49217132,
              21.87187431
            ],
            [
              83.49217387,
              21.87195051
            ],
            [
              83.49212873,
              21.87198872
            ],
            [
              83.49211058,
              21.87202016
            ],
            [
              83.49204293,
              21.87212807
            ],
            [
              83.49199577,
              21.87224158
            ],
            [
              83.49192492,
              21.87240834
            ],
            [
              83.49181792,
              21.87264776
            ],
            [
              83.49183699,
              21.87264704
            ],
            [
              83.49208522,
              21.8726314
            ],
            [
              83.49209877,
              21.87255743
            ],
            [
              83.4921244,
              21.87251745
            ],
            [
              83.49214401,
              21.87248036
            ],
            [
              83.49217267,
              21.87243894
            ],
            [
              83.49221792,
              21.87238602
            ],
            [
              83.49225413,
              21.87235164
            ],
            [
              83.4923175,
              21.87230142
            ],
            [
              83.49238087,
              21.87225405
            ],
            [
              83.49248196,
              21.8721808
            ],
            [
              83.49257853,
              21.87211469
            ],
            [
              83.49264566,
              21.87206725
            ],
            [
              83.49272864,
              21.87200622
            ],
            [
              83.49279025,
              21.87195483
            ],
            [
              83.49281008,
              21.87194288
            ],
            [
              83.49297465,
              21.87186386
            ],
            [
              83.49298971,
              21.87185707
            ],
            [
              83.49303876,
              21.87184484
            ],
            [
              83.49307272,
              21.87183392
            ],
            [
              83.49311674,
              21.8718241
            ],
            [
              83.49314315,
              21.87181916
            ],
            [
              83.49318843,
              21.8718117
            ],
            [
              83.49322365,
              21.87180905
            ],
            [
              83.4932639,
              21.87180518
            ],
            [
              83.49332554,
              21.87180588
            ],
            [
              83.49337334,
              21.87180786
            ],
            [
              83.49342994,
              21.87181215
            ],
            [
              83.49345888,
              21.87181547
            ],
            [
              83.49351297,
              21.87183399
            ],
            [
              83.49353058,
              21.8718474
            ],
            [
              83.49356766,
              21.87187187
            ],
            [
              83.4935956,
              21.87190148
            ],
            [
              83.49365904,
              21.87198834
            ],
            [
              83.4937134,
              21.87201348
            ],
            [
              83.49376247,
              21.8720351
            ],
            [
              83.49382965,
              21.87206511
            ],
            [
              83.4937912,
              21.8721407
            ],
            [
              83.49371882,
              21.87226841
            ],
            [
              83.49366905,
              21.87234906
            ],
            [
              83.49361626,
              21.87241411
            ],
            [
              83.49360585,
              21.87243295
            ],
            [
              83.49358677,
              21.87250128
            ],
            [
              83.49358277,
              21.87255387
            ],
            [
              83.49358281,
              21.87262868
            ],
            [
              83.49363063,
              21.87265766
            ],
            [
              83.49370008,
              21.87268836
            ],
            [
              83.4937207,
              21.87267163
            ],
            [
              83.49374434,
              21.87265297
            ],
            [
              83.49376144,
              21.87263721
            ],
            [
              83.49378809,
              21.87260623
            ],
            [
              83.49381574,
              21.87256907
            ],
            [
              83.49382781,
              21.8725685
            ],
            [
              83.49400393,
              21.87259362
            ],
            [
              83.49408544,
              21.87260056
            ],
            [
              83.49413274,
              21.87259923
            ],
            [
              83.49416393,
              21.87259046
            ],
            [
              83.49418807,
              21.87257228
            ],
            [
              83.49429065,
              21.87245499
            ],
            [
              83.49431277,
              21.87242356
            ],
            [
              83.4943329,
              21.87241488
            ],
            [
              83.49436912,
              21.87241554
            ],
            [
              83.49440133,
              21.87242381
            ],
            [
              83.49443354,
              21.87243681
            ],
            [
              83.4944748,
              21.87245353
            ],
            [
              83.49451004,
              21.87247124
            ],
            [
              83.49460365,
              21.8725188
            ],
            [
              83.49467813,
              21.87255609
            ],
            [
              83.49470834,
              21.87258615
            ],
            [
              83.49476069,
              21.87262457
            ],
            [
              83.49478486,
              21.87265657
            ],
            [
              83.49481306,
              21.87269802
            ],
            [
              83.49482618,
              21.87276515
            ],
            [
              83.49483124,
              21.87283614
            ],
            [
              83.4948353,
              21.87289008
            ],
            [
              83.49483331,
              21.87292987
            ],
            [
              83.49482327,
              21.8729773
            ],
            [
              83.49481022,
              21.87304464
            ],
            [
              83.49479818,
              21.87310061
            ],
            [
              83.49478815,
              21.87315846
            ],
            [
              83.49478718,
              21.87321718
            ],
            [
              83.49479526,
              21.87327393
            ],
            [
              83.49480533,
              21.87329753
            ],
            [
              83.49482345,
              21.87330401
            ],
            [
              83.49483352,
              21.87331056
            ],
            [
              83.49485163,
              21.87330853
            ],
            [
              83.49488282,
              21.87330638
            ],
            [
              83.49492005,
              21.8733023
            ],
            [
              83.49494823,
              21.87329545
            ],
            [
              83.49496533,
              21.87328584
            ],
            [
              83.49497336,
              21.87326021
            ],
            [
              83.49498138,
              21.87320238
            ],
            [
              83.49499143,
              21.87316726
            ],
            [
              83.49500751,
              21.87313304
            ],
            [
              83.49502359,
              21.87309977
            ],
            [
              83.49503264,
              21.87307792
            ],
            [
              83.49504771,
              21.87303518
            ],
            [
              83.49506479,
              21.87298012
            ],
            [
              83.49507078,
              21.87290432
            ],
            [
              83.49508479,
              21.87276405
            ],
            [
              83.49506759,
              21.87258804
            ],
            [
              83.49506149,
              21.87246688
            ]
          ]
        ]
      },
      "geometry_name": "geom",
      "properties": {
        "gid": 23,
        "objectid": 458,
        "industrial": "INDUSTRIAL AREA SIYARPALI-MAHUAPALI",
        "location": "INDUSTRIAL AREA SIYARPALI-MAHUAPALI",
        "industri_1": "SIYARPALI-MAHUAPALI",
        "show_yn": "YES",
        "st_area_sh": 1.26550048526e-05,
        "st_length_": 0.0288274044128
      }
    },
    {
      "type": "Feature",
      "id": "csidc_industrial_area_outer_boundary.fid-23377b7a_19c5672bde0_5c05",
      "geometry": {
        "type": "Polygon",
        "coordinates": [
          [
            [
              82.91062319,
              22.98018425
            ],
            [
              82.91062139,
              22.98011656
            ],
            [
              82.91062398,
              22.98011672
            ],
            [
              82.91086887,
              22.98005103
            ],
            [
              82.91104215,
              22.98000455
            ],
            [
              82.91111422,
              22.98000305
            ],
            [
              82.91136065,
              22.97999793
            ],
            [
              82.91157549,
              22.97999346
            ],
            [
              82.91160713,
              22.9799944
            ],
            [
              82.9119205,
              22.98000369
            ],
            [
              82.91191652,
              22.97989664
            ],
            [
              82.91195422,
              22.97986394
            ],
            [
              82.91206685,
              22.97984809
            ],
            [
              82.91206893,
              22.9795885
            ],
            [
              82.91207023,
              22.97942568
            ],
            [
              82.91207313,
              22.9790639
            ],
            [
              82.91207603,
              22.97870212
            ],
            [
              82.91207733,
              22.97853932
            ],
            [
              82.91207817,
              22.97843503
            ],
            [
              82.91218002,
              22.97849263
            ],
            [
              82.91225908,
              22.97826863
            ],
            [
              82.91229875,
              22.97815624
            ],
            [
              82.91266294,
              22.97822697
            ],
            [
              82.91269726,
              22.97809571
            ],
            [
              82.91273158,
              22.97796445
            ],
            [
              82.91134505,
              22.97769514
            ],
            [
              82.90939775,
              22.97773823
            ],
            [
              82.90940559,
              22.97787102
            ],
            [
              82.90941376,
              22.9780095
            ],
            [
              82.90949525,
              22.98120731
            ],
            [
              82.91107789,
              22.98121299
            ],
            [
              82.91062319,
              22.98018425
            ]
          ]
        ]
      },
      "geometry_name": "geom",
      "properties": {
        "gid": 16,
        "objectid": 65,
        "industrial": "RIKHI",
        "location": "RIKHI",
        "industri_1": "RIKHI",
        "show_yn": "YES",
        "st_area_sh": 7.83637107992e-06,
        "st_length_": 0.013720034971
      }
    },
    {
      "type": "Feature",
      "id": "csidc_industrial_area_outer_boundary.fid-23377b7a_19c5672bde0_5c06",
      "geometry": {
        "type": "Polygon",
        "coordinates": [
          [
            [
              81.61681054,
              21.33571165
            ],
            [
              81.61685941,
              21.33554899
            ],
            [
              81.61690201,
              21.33531606
            ],
            [
              81.61690343,
              21.33461228
            ],
            [
              81.61685095,
              21.33455571
            ],
            [
              81.61685953,
              21.33431854
            ],
            [
              81.61692106,
              21.33432943
            ],
            [
              81.61694494,
              21.33413718
            ],
            [
              81.61697366,
              21.33387284
            ],
            [
              81.61699064,
              21.33387412
            ],
            [
              81.61701016,
              21.33364982
            ],
            [
              81.61703233,
              21.33365144
            ],
            [
              81.61703011,
              21.33365058
            ],
            [
              81.61720552,
              21.33365727
            ],
            [
              81.6172269,
              21.33366567
            ],
            [
              81.6175326,
              21.33379742
            ],
            [
              81.61773489,
              21.33390075
            ],
            [
              81.61786239,
              21.33396589
            ],
            [
              81.6179495,
              21.33402104
            ],
            [
              81.61795142,
              21.33402185
            ],
            [
              81.61795684,
              21.3340253
            ],
            [
              81.61875909,
              21.33447549
            ],
            [
              81.61980623,
              21.33528597
            ],
            [
              81.61988145,
              21.33514588
            ],
            [
              81.62025899,
              21.33526386
            ],
            [
              81.61968954,
              21.33475985
            ],
            [
              81.62057375,
              21.33502246
            ],
            [
              81.62012822,
              21.33471559
            ],
            [
              81.62022,
              21.33456047
            ],
            [
              81.61916643,
              21.33377666
            ],
            [
              81.61921284,
              21.3337743
            ],
            [
              81.61928743,
              21.3337705
            ],
            [
              81.61937562,
              21.33375816
            ],
            [
              81.61945786,
              21.33374665
            ],
            [
              81.61945794,
              21.33374664
            ],
            [
              81.61952727,
              21.33373694
            ],
            [
              81.61965054,
              21.33379672
            ],
            [
              81.61978353,
              21.33377979
            ],
            [
              81.61983854,
              21.33377278
            ],
            [
              81.62013819,
              21.33373463
            ],
            [
              81.62089256,
              21.3336304
            ],
            [
              81.62096417,
              21.33361991
            ],
            [
              81.62229846,
              21.33342435
            ],
            [
              81.62321229,
              21.33336573
            ],
            [
              81.62382811,
              21.33335611
            ],
            [
              81.62411518,
              21.33335162
            ],
            [
              81.62373294,
              21.33312585
            ],
            [
              81.62381787,
              21.33299295
            ],
            [
              81.6237643,
              21.33287181
            ],
            [
              81.62365854,
              21.33263263
            ],
            [
              81.62358087,
              21.33238986
            ],
            [
              81.62344048,
              21.33240652
            ],
            [
              81.62338338,
              21.33240652
            ],
            [
              81.6228286,
              21.33244398
            ],
            [
              81.62256163,
              21.33245388
            ],
            [
              81.62251841,
              21.33242386
            ],
            [
              81.62250547,
              21.33239466
            ],
            [
              81.62248092,
              21.33239533
            ],
            [
              81.62245773,
              21.33237949
            ],
            [
              81.62229363,
              21.33239035
            ],
            [
              81.62220243,
              21.33237812
            ],
            [
              81.621739,
              21.33231593
            ],
            [
              81.62167779,
              21.33229131
            ],
            [
              81.62166853,
              21.33227689
            ],
            [
              81.62165939,
              21.33226265
            ],
            [
              81.62164446,
              21.33225212
            ],
            [
              81.62161592,
              21.33226692
            ],
            [
              81.62158879,
              21.33228098
            ],
            [
              81.62154684,
              21.33225382
            ],
            [
              81.62154473,
              21.33225246
            ],
            [
              81.62154353,
              21.33225319
            ],
            [
              81.62152967,
              21.33226167
            ],
            [
              81.62151871,
              21.33229065
            ],
            [
              81.62150945,
              21.33234288
            ],
            [
              81.62148345,
              21.33231652
            ],
            [
              81.62142364,
              21.3322946
            ],
            [
              81.62131069,
              21.33228581
            ],
            [
              81.62093055,
              21.33228714
            ],
            [
              81.6207702,
              21.3322877
            ],
            [
              81.62077054,
              21.33228949
            ],
            [
              81.62051059,
              21.3322458
            ],
            [
              81.62015017,
              21.33220762
            ],
            [
              81.6199803,
              21.33218962
            ],
            [
              81.61997968,
              21.33218952
            ],
            [
              81.61959313,
              21.33212104
            ],
            [
              81.61920596,
              21.33205245
            ],
            [
              81.61881878,
              21.33198386
            ],
            [
              81.61843161,
              21.33191527
            ],
            [
              81.61827854,
              21.33188815
            ],
            [
              81.61804444,
              21.33184668
            ],
            [
              81.61804345,
              21.33185136
            ],
            [
              81.61778107,
              21.33181029
            ],
            [
              81.61765684,
              21.3317802
            ],
            [
              81.61765727,
              21.33177809
            ],
            [
              81.61762314,
              21.33177204
            ],
            [
              81.61758004,
              21.331611
            ],
            [
              81.61729682,
              21.33157682
            ],
            [
              81.61711839,
              21.33155529
            ],
            [
              81.61645258,
              21.33147493
            ],
            [
              81.61587545,
              21.33139689
            ],
            [
              81.6157841,
              21.33140726
            ],
            [
              81.61532606,
              21.33145928
            ],
            [
              81.61507318,
              21.33154632
            ],
            [
              81.61487785,
              21.33164605
            ],
            [
              81.61415349,
              21.33165573
            ],
            [
              81.61363936,
              21.33178575
            ],
            [
              81.61347817,
              21.33175689
            ],
            [
              81.61346744,
              21.33199577
            ],
            [
              81.61365782,
              21.33210863
            ],
            [
              81.61307296,
              21.33226905
            ],
            [
              81.61370647,
              21.33247599
            ],
            [
              81.61339098,
              21.332667
            ],
            [
              81.61338312,
              21.33284201
            ],
            [
              81.61384817,
              21.33288863
            ],
            [
              81.61411954,
              21.33292414
            ],
            [
              81.61420275,
              21.33293559
            ],
            [
              81.61428597,
              21.33294703
            ],
            [
              81.61445939,
              21.33363183
            ],
            [
              81.61464291,
              21.3336416
            ],
            [
              81.61472452,
              21.33405209
            ],
            [
              81.61487413,
              21.33480462
            ],
            [
              81.61499511,
              21.33530472
            ],
            [
              81.61610885,
              21.33506877
            ],
            [
              81.61625738,
              21.33517701
            ],
            [
              81.61631612,
              21.33559475
            ],
            [
              81.61633401,
              21.33565345
            ],
            [
              81.61643771,
              21.33564847
            ],
            [
              81.6165501,
              21.33566398
            ],
            [
              81.61681054,
              21.33571165
            ]
          ]
        ]
      },
      "geometry_name": "geom",
      "properties": {
        "gid": 6,
        "objectid": 6,
        "industrial": "METAL PARK PHASE II SECTOR A",
        "location": "Kanhera",
        "industri_1": "METAL PARK PHASE II SECTOR A",
        "show_yn": "YES",
        "st_area_sh": 2.19411995298e-05,
        "st_length_": 0.0345661650634
      }
    },
    {
      "type": "Feature",
      "id": "csidc_industrial_area_outer_boundary.fid-23377b7a_19c5672bde0_5c07",
      "geometry": {
        "type": "Polygon",
        "coordinates": [
          [
            [
              81.66853064,
              20.87252533
            ],
            [
              81.66867075,
              20.87221745
            ],
            [
              81.66944178,
              20.87211026
            ],
            [
              81.66982456,
              20.87204006
            ],
            [
              81.66986305,
              20.87208702
            ],
            [
              81.67000214,
              20.87206539
            ],
            [
              81.66998624,
              20.87205143
            ],
            [
              81.66998165,
              20.87188753
            ],
            [
              81.66998463,
              20.87169308
            ],
            [
              81.67000445,
              20.87151565
            ],
            [
              81.67007321,
              20.87134011
            ],
            [
              81.67007246,
              20.87125154
            ],
            [
              81.67007234,
              20.87123867
            ],
            [
              81.67008258,
              20.87123761
            ],
            [
              81.67018729,
              20.87117562
            ],
            [
              81.67033238,
              20.87107236
            ],
            [
              81.67036047,
              20.87098493
            ],
            [
              81.6703696,
              20.87077588
            ],
            [
              81.67039764,
              20.87063904
            ],
            [
              81.67043862,
              20.87053451
            ],
            [
              81.67045674,
              20.87040777
            ],
            [
              81.67049078,
              20.87022662
            ],
            [
              81.67052428,
              20.87007677
            ],
            [
              81.67060254,
              20.86995186
            ],
            [
              81.67058949,
              20.86979837
            ],
            [
              81.67060659,
              20.86951751
            ],
            [
              81.67060692,
              20.86928534
            ],
            [
              81.67059262,
              20.86901278
            ],
            [
              81.67053084,
              20.86861583
            ],
            [
              81.67053896,
              20.86816616
            ],
            [
              81.67053189,
              20.86767809
            ],
            [
              81.67037099,
              20.86713791
            ],
            [
              81.67040015,
              20.86697959
            ],
            [
              81.6704175,
              20.8668845
            ],
            [
              81.67053896,
              20.86648155
            ],
            [
              81.67062107,
              20.86630917
            ],
            [
              81.67062465,
              20.8659161
            ],
            [
              81.67066214,
              20.86559755
            ],
            [
              81.67052145,
              20.86565777
            ],
            [
              81.67032434,
              20.8656394
            ],
            [
              81.67006676,
              20.86565177
            ],
            [
              81.66975371,
              20.86569033
            ],
            [
              81.66923943,
              20.86578457
            ],
            [
              81.66877294,
              20.86589881
            ],
            [
              81.6683905,
              20.8660181
            ],
            [
              81.66799522,
              20.8661363
            ],
            [
              81.66757699,
              20.86623726
            ],
            [
              81.66722163,
              20.86637324
            ],
            [
              81.66688858,
              20.8665626
            ],
            [
              81.66658264,
              20.86698063
            ],
            [
              81.66649496,
              20.86735589
            ],
            [
              81.66644466,
              20.86759678
            ],
            [
              81.66644057,
              20.86761586
            ],
            [
              81.6664431,
              20.86769048
            ],
            [
              81.66644812,
              20.86786726
            ],
            [
              81.66646902,
              20.86817364
            ],
            [
              81.66647879,
              20.86851256
            ],
            [
              81.66651888,
              20.86863914
            ],
            [
              81.66644021,
              20.86870691
            ],
            [
              81.6675269,
              20.8686704
            ],
            [
              81.66784431,
              20.86868454
            ],
            [
              81.66784294,
              20.86871571
            ],
            [
              81.66783423,
              20.86899152
            ],
            [
              81.66781602,
              20.86917767
            ],
            [
              81.66781873,
              20.86939932
            ],
            [
              81.66784364,
              20.86959948
            ],
            [
              81.66784142,
              20.86981531
            ],
            [
              81.66785722,
              20.87001615
            ],
            [
              81.66787764,
              20.87023089
            ],
            [
              81.66786924,
              20.87036659
            ],
            [
              81.6678746,
              20.87047675
            ],
            [
              81.66787448,
              20.87059125
            ],
            [
              81.66700704,
              20.87050738
            ],
            [
              81.66695699,
              20.87056204
            ],
            [
              81.66679126,
              20.87077608
            ],
            [
              81.66665974,
              20.87097783
            ],
            [
              81.66656603,
              20.87109605
            ],
            [
              81.66651009,
              20.87119729
            ],
            [
              81.66643551,
              20.8713307
            ],
            [
              81.66631689,
              20.87151147
            ],
            [
              81.6662355,
              20.8716428
            ],
            [
              81.66617332,
              20.8717656
            ],
            [
              81.66609326,
              20.87186623
            ],
            [
              81.66593534,
              20.87207619
            ],
            [
              81.66561859,
              20.87198741
            ],
            [
              81.66554117,
              20.87211891
            ],
            [
              81.66589617,
              20.87224622
            ],
            [
              81.66630558,
              20.87254728
            ],
            [
              81.66667304,
              20.87278442
            ],
            [
              81.66698837,
              20.87295741
            ],
            [
              81.66718078,
              20.87310155
            ],
            [
              81.66760599,
              20.87326962
            ],
            [
              81.66782236,
              20.8733743
            ],
            [
              81.66800286,
              20.87351989
            ],
            [
              81.66821078,
              20.87362818
            ],
            [
              81.66835045,
              20.87363097
            ],
            [
              81.66898801,
              20.87387757
            ],
            [
              81.66838291,
              20.87351041
            ],
            [
              81.6683873,
              20.87334524
            ],
            [
              81.66838742,
              20.87334114
            ],
            [
              81.66839302,
              20.87317196
            ],
            [
              81.66842721,
              20.87285573
            ],
            [
              81.66848709,
              20.87266288
            ],
            [
              81.66853064,
              20.87252533
            ]
          ]
        ]
      },
      "geometry_name": "geom",
      "properties": {
        "gid": 4,
        "objectid": 4,
        "industrial": "FOOD PARK SECTOR 1",
        "location": "Bagaud",
        "industri_1": "FOOD PARK SECTOR 1",
        "show_yn": "YES",
        "st_area_sh": 2.40265248301e-05,
        "st_length_": 0.0268912391619
      }
    },
    {
      "type": "Feature",
      "id": "csidc_industrial_area_outer_boundary.fid-23377b7a_19c5672bde0_5c08",
      "geometry": {
        "type": "Polygon",
        "coordinates": [
          [
            [
              80.85403827,
              20.91697371
            ],
            [
              80.85433833,
              20.91684303
            ],
            [
              80.85441835,
              20.91690849
            ],
            [
              80.85515073,
              20.91682587
            ],
            [
              80.85524354,
              20.9168183
            ],
            [
              80.85526323,
              20.9168167
            ],
            [
              80.85561544,
              20.91678802
            ],
            [
              80.85592282,
              20.91676297
            ],
            [
              80.8561216,
              20.91671569
            ],
            [
              80.8558808,
              20.91622915
            ],
            [
              80.85580831,
              20.91608271
            ],
            [
              80.85579802,
              20.9160619
            ],
            [
              80.85591118,
              20.91602921
            ],
            [
              80.85585654,
              20.91585068
            ],
            [
              80.85584187,
              20.91580272
            ],
            [
              80.85577468,
              20.91566907
            ],
            [
              80.85571131,
              20.91554301
            ],
            [
              80.8556828,
              20.91549136
            ],
            [
              80.8555858,
              20.91531563
            ],
            [
              80.85556954,
              20.91528618
            ],
            [
              80.8553945,
              20.91505039
            ],
            [
              80.85537984,
              20.91503064
            ],
            [
              80.8552424,
              20.9148427
            ],
            [
              80.85521455,
              20.91478076
            ],
            [
              80.85518024,
              20.91470445
            ],
            [
              80.85515799,
              20.91446329
            ],
            [
              80.85512775,
              20.91413562
            ],
            [
              80.85510627,
              20.9139029
            ],
            [
              80.85508772,
              20.91381174
            ],
            [
              80.85504381,
              20.91359603
            ],
            [
              80.85501282,
              20.91344376
            ],
            [
              80.85496392,
              20.91324542
            ],
            [
              80.85494499,
              20.91288689
            ],
            [
              80.85494834,
              20.91262251
            ],
            [
              80.85493426,
              20.91252546
            ],
            [
              80.85487566,
              20.91238815
            ],
            [
              80.85477778,
              20.91227635
            ],
            [
              80.85460424,
              20.91214737
            ],
            [
              80.85451513,
              20.91211243
            ],
            [
              80.85445491,
              20.9120611
            ],
            [
              80.85445472,
              20.91206094
            ],
            [
              80.85444819,
              20.91205538
            ],
            [
              80.85443494,
              20.91198808
            ],
            [
              80.85443385,
              20.91198255
            ],
            [
              80.8544223,
              20.91198592
            ],
            [
              80.85414477,
              20.91206689
            ],
            [
              80.85389585,
              20.91215522
            ],
            [
              80.85370457,
              20.91223096
            ],
            [
              80.85350391,
              20.91231436
            ],
            [
              80.85347195,
              20.91236207
            ],
            [
              80.8534568,
              20.9125198
            ],
            [
              80.85345896,
              20.91265252
            ],
            [
              80.85348927,
              20.91276343
            ],
            [
              80.85353444,
              20.91293622
            ],
            [
              80.85350432,
              20.91300188
            ],
            [
              80.85342407,
              20.91304131
            ],
            [
              80.85324913,
              20.91303332
            ],
            [
              80.85317477,
              20.9130022
            ],
            [
              80.85309012,
              20.91296133
            ],
            [
              80.85301405,
              20.91291521
            ],
            [
              80.85294692,
              20.91291144
            ],
            [
              80.85284353,
              20.91295257
            ],
            [
              80.85280194,
              20.91301894
            ],
            [
              80.85273821,
              20.91313395
            ],
            [
              80.85267553,
              20.91324016
            ],
            [
              80.85260717,
              20.9132707
            ],
            [
              80.85248173,
              20.91325968
            ],
            [
              80.85242533,
              20.91323924
            ],
            [
              80.85236548,
              20.91319239
            ],
            [
              80.85232869,
              20.91310717
            ],
            [
              80.85231772,
              20.91300256
            ],
            [
              80.85234442,
              20.91290151
            ],
            [
              80.85232368,
              20.91280172
            ],
            [
              80.85227585,
              20.91268087
            ],
            [
              80.85222219,
              20.91264427
            ],
            [
              80.85213728,
              20.91258234
            ],
            [
              80.85204166,
              20.91253577
            ],
            [
              80.85196062,
              20.91252567
            ],
            [
              80.85188052,
              20.91256178
            ],
            [
              80.85182745,
              20.9125994
            ],
            [
              80.85177857,
              20.91266224
            ],
            [
              80.85181508,
              20.91294761
            ],
            [
              80.85180771,
              20.91302052
            ],
            [
              80.8517784,
              20.91308609
            ],
            [
              80.85175413,
              20.91310836
            ],
            [
              80.8517086,
              20.91315151
            ],
            [
              80.85169007,
              20.91319476
            ],
            [
              80.85168163,
              20.91324812
            ],
            [
              80.85172258,
              20.91332924
            ],
            [
              80.85184046,
              20.91349021
            ],
            [
              80.85186644,
              20.91353608
            ],
            [
              80.85191821,
              20.91370779
            ],
            [
              80.85188594,
              20.91380561
            ],
            [
              80.85180853,
              20.91391623
            ],
            [
              80.85174491,
              20.91392858
            ],
            [
              80.85171685,
              20.91393402
            ],
            [
              80.85156754,
              20.91390034
            ],
            [
              80.85146259,
              20.91391129
            ],
            [
              80.85138936,
              20.91393107
            ],
            [
              80.8512942,
              20.91402478
            ],
            [
              80.85121375,
              20.91410461
            ],
            [
              80.8510765,
              20.91414455
            ],
            [
              80.85087802,
              20.91418558
            ],
            [
              80.85077534,
              20.91438917
            ],
            [
              80.85069154,
              20.91453744
            ],
            [
              80.85055186,
              20.91470401
            ],
            [
              80.85049441,
              20.91477455
            ],
            [
              80.85027291,
              20.91499206
            ],
            [
              80.85021645,
              20.9150311
            ],
            [
              80.85024483,
              20.91509582
            ],
            [
              80.85024798,
              20.915103
            ],
            [
              80.85037999,
              20.91540406
            ],
            [
              80.85046722,
              20.91560298
            ],
            [
              80.85078234,
              20.9163216
            ],
            [
              80.85103734,
              20.91630129
            ],
            [
              80.85124986,
              20.91631798
            ],
            [
              80.85135457,
              20.9163262
            ],
            [
              80.85147848,
              20.91630524
            ],
            [
              80.85180715,
              20.91616248
            ],
            [
              80.85196477,
              20.91609402
            ],
            [
              80.85198076,
              20.91608708
            ],
            [
              80.85271899,
              20.91588838
            ],
            [
              80.85281758,
              20.91586184
            ],
            [
              80.85298405,
              20.91632427
            ],
            [
              80.85308359,
              20.91660076
            ],
            [
              80.85328595,
              20.91655535
            ],
            [
              80.85377979,
              20.9163843
            ],
            [
              80.8540266,
              20.91694709
            ],
            [
              80.85403827,
              20.91697371
            ]
          ]
        ]
      },
      "geometry_name": "geom",
      "properties": {
        "gid": 18,
        "objectid": 64,
        "industrial": "PANGRIKHURD",
        "location": "PANGRIKHURD",
        "industri_1": "PANGRIKHURD",
        "show_yn": "YES",
        "st_area_sh": 1.68166646921e-05,
        "st_length_": 0.0208711819342
      }
    },
    {
      "type": "Feature",
      "id": "csidc_industrial_area_outer_boundary.fid-23377b7a_19c5672bde0_5c09",
      "geometry": {
        "type": "Polygon",
        "coordinates": [
          [
            [
              82.59278996,
              23.06699255
            ],
            [
              82.59283134,
              23.06697505
            ],
            [
              82.59310103,
              23.06755021
            ],
            [
              82.59312859,
              23.06763035
            ],
            [
              82.5931651,
              23.06781455
            ],
            [
              82.59316855,
              23.06783195
            ],
            [
              82.59344114,
              23.06772332
            ],
            [
              82.59343285,
              23.06768148
            ],
            [
              82.59337267,
              23.06737792
            ],
            [
              82.59331742,
              23.06709919
            ],
            [
              82.59334626,
              23.066931
            ],
            [
              82.59338072,
              23.06673004
            ],
            [
              82.5941872,
              23.06642169
            ],
            [
              82.59434737,
              23.06636045
            ],
            [
              82.59452533,
              23.06629241
            ],
            [
              82.59470328,
              23.06622436
            ],
            [
              82.59486345,
              23.06616313
            ],
            [
              82.59521936,
              23.06602704
            ],
            [
              82.59557528,
              23.06589095
            ],
            [
              82.59573544,
              23.06582972
            ],
            [
              82.59609136,
              23.06569363
            ],
            [
              82.59599714,
              23.06548399
            ],
            [
              82.59589986,
              23.06526753
            ],
            [
              82.59580393,
              23.0650541
            ],
            [
              82.59571441,
              23.0648549
            ],
            [
              82.59569928,
              23.06482125
            ],
            [
              82.59546017,
              23.0647788
            ],
            [
              82.59544168,
              23.06471347
            ],
            [
              82.59538145,
              23.06450061
            ],
            [
              82.59533127,
              23.06432322
            ],
            [
              82.59528617,
              23.06416384
            ],
            [
              82.59499922,
              23.0641975
            ],
            [
              82.59482087,
              23.06421842
            ],
            [
              82.59442454,
              23.0642649
            ],
            [
              82.59409019,
              23.06430412
            ],
            [
              82.59402821,
              23.06431139
            ],
            [
              82.59397692,
              23.0643174
            ],
            [
              82.59391144,
              23.06446882
            ],
            [
              82.59360375,
              23.06518031
            ],
            [
              82.59328415,
              23.06591937
            ],
            [
              82.59296725,
              23.06593092
            ],
            [
              82.59282114,
              23.06435262
            ],
            [
              82.59258884,
              23.06435569
            ],
            [
              82.59200812,
              23.06436335
            ],
            [
              82.5918339,
              23.06436565
            ],
            [
              82.59171052,
              23.06436728
            ],
            [
              82.5916593,
              23.06465006
            ],
            [
              82.59161769,
              23.0648798
            ],
            [
              82.59157608,
              23.06510953
            ],
            [
              82.59153447,
              23.06533927
            ],
            [
              82.59149287,
              23.065569
            ],
            [
              82.59145125,
              23.06579874
            ],
            [
              82.59143284,
              23.06590039
            ],
            [
              82.59166262,
              23.06599075
            ],
            [
              82.59166294,
              23.06601178
            ],
            [
              82.59166545,
              23.06617513
            ],
            [
              82.59166754,
              23.06631118
            ],
            [
              82.59166963,
              23.06644724
            ],
            [
              82.5916759,
              23.06685542
            ],
            [
              82.59167841,
              23.06701868
            ],
            [
              82.59168251,
              23.06728538
            ],
            [
              82.59168464,
              23.06742367
            ],
            [
              82.59168676,
              23.06756196
            ],
            [
              82.59168889,
              23.06770025
            ],
            [
              82.59169101,
              23.06783854
            ],
            [
              82.59170086,
              23.06847913
            ],
            [
              82.5921352,
              23.06828513
            ],
            [
              82.59299426,
              23.06790141
            ],
            [
              82.59278996,
              23.06699255
            ]
          ]
        ]
      },
      "geometry_name": "geom",
      "properties": {
        "gid": 13,
        "objectid": 58,
        "industrial": "BARBASPUR",
        "location": "BARBASPUR",
        "industri_1": "BARBASPUR",
        "show_yn": "YES",
        "st_area_sh": 9.97769568506e-06,
        "st_length_": 0.0197332980185
      }
    },
    {
      "type": "Feature",
      "id": "csidc_industrial_area_outer_boundary.fid-23377b7a_19c5672bde0_5c0a",
      "geometry": {
        "type": "Polygon",
        "coordinates": [
          [
            [
              83.17379802,
              23.10780478
            ],
            [
              83.17405631,
              23.10772168
            ],
            [
              83.174194,
              23.10773922
            ],
            [
              83.17421609,
              23.1077843
            ],
            [
              83.17426072,
              23.10780297
            ],
            [
              83.17434282,
              23.10780076
            ],
            [
              83.17438808,
              23.10774591
            ],
            [
              83.17440366,
              23.10765545
            ],
            [
              83.17436484,
              23.10757807
            ],
            [
              83.17429333,
              23.10754043
            ],
            [
              83.17417239,
              23.10751022
            ],
            [
              83.17414835,
              23.10766484
            ],
            [
              83.17400932,
              23.10763507
            ],
            [
              83.17393986,
              23.1076639
            ],
            [
              83.17388856,
              23.10766861
            ],
            [
              83.17379568,
              23.10759642
            ],
            [
              83.1737923,
              23.10729492
            ],
            [
              83.17391249,
              23.10705869
            ],
            [
              83.17392882,
              23.10702516
            ],
            [
              83.17405969,
              23.10711873
            ],
            [
              83.17413304,
              23.10707062
            ],
            [
              83.17412518,
              23.10703472
            ],
            [
              83.17409109,
              23.10687903
            ],
            [
              83.1744548,
              23.10668365
            ],
            [
              83.17504936,
              23.10633376
            ],
            [
              83.17517211,
              23.10629602
            ],
            [
              83.17532443,
              23.10630305
            ],
            [
              83.17546994,
              23.10627361
            ],
            [
              83.17580791,
              23.1068198
            ],
            [
              83.1761141,
              23.10714902
            ],
            [
              83.17622411,
              23.10712781
            ],
            [
              83.17552153,
              23.10605539
            ],
            [
              83.17617213,
              23.1057296
            ],
            [
              83.17643328,
              23.10559883
            ],
            [
              83.17640612,
              23.10548528
            ],
            [
              83.17626541,
              23.10548305
            ],
            [
              83.17649088,
              23.10515309
            ],
            [
              83.17655259,
              23.10528931
            ],
            [
              83.1767326,
              23.10536346
            ],
            [
              83.17673127,
              23.10544986
            ],
            [
              83.176721,
              23.10561797
            ],
            [
              83.17673966,
              23.10600352
            ],
            [
              83.17777703,
              23.10589685
            ],
            [
              83.17788574,
              23.10594859
            ],
            [
              83.17824193,
              23.10575569
            ],
            [
              83.17820968,
              23.1057047
            ],
            [
              83.17820674,
              23.10567624
            ],
            [
              83.17820661,
              23.10567064
            ],
            [
              83.17820635,
              23.10565946
            ],
            [
              83.17820407,
              23.10556322
            ],
            [
              83.17825021,
              23.10548015
            ],
            [
              83.1782311,
              23.10544429
            ],
            [
              83.17822211,
              23.1054274
            ],
            [
              83.17821761,
              23.10541896
            ],
            [
              83.17815069,
              23.10529334
            ],
            [
              83.17801124,
              23.10514889
            ],
            [
              83.17776628,
              23.10449267
            ],
            [
              83.17759969,
              23.10413696
            ],
            [
              83.17739041,
              23.10421303
            ],
            [
              83.17718702,
              23.10415656
            ],
            [
              83.17647199,
              23.10359888
            ],
            [
              83.17646851,
              23.10359429
            ],
            [
              83.17638814,
              23.10348857
            ],
            [
              83.17637797,
              23.10344855
            ],
            [
              83.17637393,
              23.103404
            ],
            [
              83.17636888,
              23.10334826
            ],
            [
              83.17638602,
              23.10322841
            ],
            [
              83.1763941,
              23.10307858
            ],
            [
              83.17639412,
              23.10306639
            ],
            [
              83.17687189,
              23.1029293
            ],
            [
              83.17689054,
              23.10292395
            ],
            [
              83.17687537,
              23.10288284
            ],
            [
              83.17697638,
              23.10279884
            ],
            [
              83.17683433,
              23.10281125
            ],
            [
              83.17684677,
              23.10280531
            ],
            [
              83.17681428,
              23.1027172
            ],
            [
              83.17679563,
              23.10272256
            ],
            [
              83.17639443,
              23.10283767
            ],
            [
              83.17629635,
              23.10286581
            ],
            [
              83.17624341,
              23.102881
            ],
            [
              83.17610438,
              23.10291763
            ],
            [
              83.1758471,
              23.10321894
            ],
            [
              83.17528931,
              23.10389798
            ],
            [
              83.1751355,
              23.10399706
            ],
            [
              83.17513172,
              23.10399967
            ],
            [
              83.17499553,
              23.10409387
            ],
            [
              83.17496436,
              23.10411544
            ],
            [
              83.17493318,
              23.10413701
            ],
            [
              83.174902,
              23.10415857
            ],
            [
              83.17487082,
              23.10418014
            ],
            [
              83.17483965,
              23.1042017
            ],
            [
              83.17480847,
              23.10422327
            ],
            [
              83.17477729,
              23.10424484
            ],
            [
              83.17474611,
              23.10426641
            ],
            [
              83.17471493,
              23.10428797
            ],
            [
              83.17468376,
              23.10430954
            ],
            [
              83.17465258,
              23.10433111
            ],
            [
              83.1746214,
              23.10435267
            ],
            [
              83.17459022,
              23.10437424
            ],
            [
              83.1745749,
              23.10438483
            ],
            [
              83.1744831,
              23.10458687
            ],
            [
              83.17472669,
              23.10463427
            ],
            [
              83.17440161,
              23.10506669
            ],
            [
              83.17428274,
              23.10503075
            ],
            [
              83.17422465,
              23.10502566
            ],
            [
              83.17412287,
              23.10507411
            ],
            [
              83.17410496,
              23.10510565
            ],
            [
              83.17408683,
              23.10513761
            ],
            [
              83.17406892,
              23.10516917
            ],
            [
              83.17405097,
              23.10520079
            ],
            [
              83.17403271,
              23.10523296
            ],
            [
              83.17401419,
              23.1052656
            ],
            [
              83.17399676,
              23.1052963
            ],
            [
              83.17397864,
              23.10532823
            ],
            [
              83.17396032,
              23.10536052
            ],
            [
              83.17394209,
              23.10539263
            ],
            [
              83.17392355,
              23.10542529
            ],
            [
              83.17390628,
              23.10545731
            ],
            [
              83.17388899,
              23.10548963
            ],
            [
              83.17387171,
              23.10552194
            ],
            [
              83.17385442,
              23.10555424
            ],
            [
              83.17383714,
              23.10558654
            ],
            [
              83.17381986,
              23.10561884
            ],
            [
              83.17380258,
              23.10565115
            ],
            [
              83.1737853,
              23.10568345
            ],
            [
              83.17376801,
              23.10571575
            ],
            [
              83.17375073,
              23.10574805
            ],
            [
              83.17373345,
              23.10578035
            ],
            [
              83.17371617,
              23.10581265
            ],
            [
              83.17369888,
              23.10584495
            ],
            [
              83.1736816,
              23.10587725
            ],
            [
              83.17366432,
              23.10590956
            ],
            [
              83.17365257,
              23.10593152
            ],
            [
              83.17338594,
              23.10641763
            ],
            [
              83.17303528,
              23.10681741
            ],
            [
              83.17264555,
              23.10737566
            ],
            [
              83.17262961,
              23.10757493
            ],
            [
              83.17253804,
              23.10871973
            ],
            [
              83.17254293,
              23.10872011
            ],
            [
              83.17255271,
              23.10872088
            ],
            [
              83.17276164,
              23.10873739
            ],
            [
              83.17277565,
              23.1087385
            ],
            [
              83.17279093,
              23.1087397
            ],
            [
              83.17279172,
              23.10873976
            ],
            [
              83.1727923,
              23.10873986
            ],
            [
              83.17306607,
              23.10876218
            ],
            [
              83.17323855,
              23.10877625
            ],
            [
              83.17340492,
              23.1088205
            ],
            [
              83.17352381,
              23.10882447
            ],
            [
              83.17363148,
              23.10884363
            ],
            [
              83.17373028,
              23.10886122
            ],
            [
              83.17371852,
              23.1085802
            ],
            [
              83.1737584,
              23.10842333
            ],
            [
              83.1737472,
              23.10833384
            ],
            [
              83.17390344,
              23.10830197
            ],
            [
              83.17390972,
              23.10813959
            ],
            [
              83.17404791,
              23.10811124
            ],
            [
              83.17393274,
              23.10800573
            ],
            [
              83.17379802,
              23.10780478
            ]
          ]
        ]
      },
      "geometry_name": "geom",
      "properties": {
        "gid": 3,
        "objectid": 3,
        "industrial": "GANGAPUR KHURD AMBIKAPUR",
        "location": null,
        "industri_1": "GANGAPUR KHURD AMBIKAPUR",
        "show_yn": "YES",
        "st_area_sh": 1.1763828908e-05,
        "st_length_": 0.0264097181312
      }
    },
    {
      "type": "Feature",
      "id": "csidc_industrial_area_outer_boundary.fid-23377b7a_19c5672bde0_5c0b",
      "geometry": {
        "type": "Polygon",
        "coordinates": [
          [
            [
              81.80538241,
              21.10595518
            ],
            [
              81.80538249,
              21.10569084
            ],
            [
              81.80542483,
              21.10580827
            ],
            [
              81.80549371,
              21.10578622
            ],
            [
              81.80553281,
              21.10577073
            ],
            [
              81.80525971,
              21.10502929
            ],
            [
              81.80584375,
              21.10501976
            ],
            [
              81.80629174,
              21.10498075
            ],
            [
              81.80695264,
              21.10488123
            ],
            [
              81.80698514,
              21.10540244
            ],
            [
              81.80790372,
              21.10526652
            ],
            [
              81.80856471,
              21.10518256
            ],
            [
              81.80881943,
              21.1051266
            ],
            [
              81.80886073,
              21.10470748
            ],
            [
              81.80889333,
              21.10461389
            ],
            [
              81.80892982,
              21.10450916
            ],
            [
              81.80833991,
              21.10447868
            ],
            [
              81.80736385,
              21.10446652
            ],
            [
              81.80734384,
              21.10434114
            ],
            [
              81.80688074,
              21.10440739
            ],
            [
              81.80561243,
              21.10428045
            ],
            [
              81.80448257,
              21.10288167
            ],
            [
              81.80444601,
              21.10278063
            ],
            [
              81.80426623,
              21.10228193
            ],
            [
              81.80520085,
              21.10337137
            ],
            [
              81.80519953,
              21.10363183
            ],
            [
              81.80565371,
              21.10410519
            ],
            [
              81.80562488,
              21.10386563
            ],
            [
              81.8059198,
              21.10420941
            ],
            [
              81.80830809,
              21.10413841
            ],
            [
              81.80862347,
              21.10412903
            ],
            [
              81.8094799,
              21.10404293
            ],
            [
              81.81001288,
              21.10398934
            ],
            [
              81.81003759,
              21.10398686
            ],
            [
              81.81028581,
              21.1039619
            ],
            [
              81.81072491,
              21.10385678
            ],
            [
              81.81113257,
              21.10357071
            ],
            [
              81.81124877,
              21.10344434
            ],
            [
              81.81136329,
              21.10331978
            ],
            [
              81.81137695,
              21.10330492
            ],
            [
              81.81160466,
              21.10305728
            ],
            [
              81.81198266,
              21.10264616
            ],
            [
              81.81288169,
              21.1020689
            ],
            [
              81.81288894,
              21.10206425
            ],
            [
              81.81309574,
              21.10193147
            ],
            [
              81.81318182,
              21.1018762
            ],
            [
              81.8131686,
              21.10175591
            ],
            [
              81.81313351,
              21.10143664
            ],
            [
              81.81312067,
              21.10107341
            ],
            [
              81.81288983,
              21.1010432
            ],
            [
              81.81290295,
              21.10020007
            ],
            [
              81.81227013,
              21.10019005
            ],
            [
              81.81217239,
              21.09979679
            ],
            [
              81.81186817,
              21.09994439
            ],
            [
              81.81171538,
              21.09995431
            ],
            [
              81.81168221,
              21.09963245
            ],
            [
              81.81165244,
              21.09934359
            ],
            [
              81.81163074,
              21.09913305
            ],
            [
              81.81115581,
              21.09913998
            ],
            [
              81.8105972,
              21.09921437
            ],
            [
              81.81017964,
              21.09917192
            ],
            [
              81.80922552,
              21.09902749
            ],
            [
              81.80921428,
              21.0990853
            ],
            [
              81.80921355,
              21.09908906
            ],
            [
              81.80902929,
              21.09914808
            ],
            [
              81.80904073,
              21.09905987
            ],
            [
              81.80945725,
              21.09859432
            ],
            [
              81.81021265,
              21.09807714
            ],
            [
              81.81047474,
              21.09813512
            ],
            [
              81.81015381,
              21.09772714
            ],
            [
              81.81006942,
              21.09728285
            ],
            [
              81.81026822,
              21.09732302
            ],
            [
              81.81039476,
              21.09646337
            ],
            [
              81.81027757,
              21.09648293
            ],
            [
              81.80972277,
              21.09657556
            ],
            [
              81.80958872,
              21.09659794
            ],
            [
              81.80876467,
              21.0966491
            ],
            [
              81.80875794,
              21.09623954
            ],
            [
              81.80761387,
              21.09634957
            ],
            [
              81.80768923,
              21.0968581
            ],
            [
              81.80741617,
              21.09688605
            ],
            [
              81.80559945,
              21.09707204
            ],
            [
              81.80563343,
              21.09790334
            ],
            [
              81.80420824,
              21.09805212
            ],
            [
              81.80407186,
              21.09749019
            ],
            [
              81.80355973,
              21.09755559
            ],
            [
              81.80260634,
              21.09767734
            ],
            [
              81.80253461,
              21.09747835
            ],
            [
              81.80249885,
              21.0974898
            ],
            [
              81.80242997,
              21.09751186
            ],
            [
              81.80238764,
              21.09739442
            ],
            [
              81.80238755,
              21.09765876
            ],
            [
              81.80233655,
              21.09754178
            ],
            [
              81.80228427,
              21.09755852
            ],
            [
              81.80224851,
              21.09756997
            ],
            [
              81.80394704,
              21.10228179
            ],
            [
              81.80415996,
              21.10287241
            ],
            [
              81.80524335,
              21.10586639
            ],
            [
              81.80527912,
              21.10585494
            ],
            [
              81.8053314,
              21.10583819
            ],
            [
              81.80538241,
              21.10595518
            ]
          ]
        ]
      },
      "geometry_name": "geom",
      "properties": {
        "gid": 1,
        "objectid": 0,
        "industrial": "TEXTILE PARK",
        "location": "Kurru Nava Raipur Atal Nagar",
        "industri_1": "TEXTILE PARK",
        "show_yn": "YES",
        "st_area_sh": 0.0,
        "st_length_": 0.0
      }
    },
    {
      "type": "Feature",
      "id": "csidc_industrial_area_outer_boundary.fid-23377b7a_19c5672bde0_5c0c",
      "geometry": {
        "type": "Polygon",
        "coordinates": [
          [
            [
              81.62066372,
              21.33144423
            ],
            [
              81.62058504,
              21.33135343
            ],
            [
              81.62045769,
              21.33109822
            ],
            [
              81.62039943,
              21.33097362
            ],
            [
              81.62044705,
              21.33073783
            ],
            [
              81.6204305,
              21.33072321
            ],
            [
              81.62041164,
              21.33071129
            ],
            [
              81.62039097,
              21.33070237
            ],
            [
              81.62036903,
              21.3306967
            ],
            [
              81.62034639,
              21.33069442
            ],
            [
              81.62029381,
              21.33068507
            ],
            [
              81.620167,
              21.33026282
            ],
            [
              81.61924589,
              21.33027228
            ],
            [
              81.61929171,
              21.33013006
            ],
            [
              81.61879265,
              21.33007309
            ],
            [
              81.61876621,
              21.33015749
            ],
            [
              81.61872546,
              21.33021214
            ],
            [
              81.61867592,
              21.3302363
            ],
            [
              81.61851223,
              21.33022207
            ],
            [
              81.61848609,
              21.3301122
            ],
            [
              81.61785225,
              21.33011934
            ],
            [
              81.61779406,
              21.33007586
            ],
            [
              81.6178297,
              21.32947079
            ],
            [
              81.61755937,
              21.32946327
            ],
            [
              81.61748838,
              21.32973442
            ],
            [
              81.61735876,
              21.32994185
            ],
            [
              81.61706613,
              21.32997147
            ],
            [
              81.61706836,
              21.32991399
            ],
            [
              81.61681802,
              21.32990827
            ],
            [
              81.61646854,
              21.3299003
            ],
            [
              81.61634789,
              21.32991428
            ],
            [
              81.61603088,
              21.32992016
            ],
            [
              81.61598547,
              21.32992139
            ],
            [
              81.61600003,
              21.32968324
            ],
            [
              81.6155897,
              21.32958968
            ],
            [
              81.61537039,
              21.32958842
            ],
            [
              81.6150205,
              21.32971453
            ],
            [
              81.61502913,
              21.33036015
            ],
            [
              81.61496113,
              21.33037926
            ],
            [
              81.61498071,
              21.33076936
            ],
            [
              81.61498868,
              21.33092823
            ],
            [
              81.61501483,
              21.33098474
            ],
            [
              81.6148851,
              21.33161106
            ],
            [
              81.61507318,
              21.33154632
            ],
            [
              81.61532606,
              21.33145928
            ],
            [
              81.6157841,
              21.33140726
            ],
            [
              81.61587545,
              21.33139689
            ],
            [
              81.61645258,
              21.33147493
            ],
            [
              81.61711839,
              21.33155529
            ],
            [
              81.61729682,
              21.33157682
            ],
            [
              81.61758004,
              21.331611
            ],
            [
              81.61762314,
              21.33177204
            ],
            [
              81.6176571,
              21.33177893
            ],
            [
              81.61766648,
              21.33178068
            ],
            [
              81.61804444,
              21.33184668
            ],
            [
              81.61827854,
              21.33188815
            ],
            [
              81.61843161,
              21.33191527
            ],
            [
              81.61881878,
              21.33198386
            ],
            [
              81.61920596,
              21.33205245
            ],
            [
              81.61959222,
              21.33212407
            ],
            [
              81.61990683,
              21.33217853
            ],
            [
              81.6199791,
              21.332191
            ],
            [
              81.62014972,
              21.33220833
            ],
            [
              81.62016586,
              21.33220928
            ],
            [
              81.62051059,
              21.3322458
            ],
            [
              81.62077037,
              21.33228859
            ],
            [
              81.62073003,
              21.33207101
            ],
            [
              81.62074572,
              21.33187076
            ],
            [
              81.62075238,
              21.33178503
            ],
            [
              81.62075308,
              21.33175383
            ],
            [
              81.62077838,
              21.33146343
            ],
            [
              81.62066372,
              21.33144423
            ]
          ]
        ]
      },
      "geometry_name": "geom",
      "properties": {
        "gid": 7,
        "objectid": 7,
        "industrial": "METAL PARK PHASE II SECTOR B",
        "location": "Achholi",
        "industri_1": "METAL PARK PHASE II SECTOR B",
        "show_yn": "YES",
        "st_area_sh": 9.98819301976e-06,
        "st_length_": 0.0172556562361
      }
    },
    {
      "type": "Feature",
      "id": "csidc_industrial_area_outer_boundary.fid-23377b7a_19c5672bde0_5c0d",
      "geometry": {
        "type": "Polygon",
        "coordinates": [
          [
            [
              81.81564692,
              21.49793963
            ],
            [
              81.81567165,
              21.49787221
            ],
            [
              81.81569333,
              21.49782729
            ],
            [
              81.8156995,
              21.49777751
            ],
            [
              81.81575112,
              21.4975977
            ],
            [
              81.81584288,
              21.49763352
            ],
            [
              81.81606108,
              21.49774808
            ],
            [
              81.81612345,
              21.49753971
            ],
            [
              81.81624044,
              21.49757194
            ],
            [
              81.81603076,
              21.49741211
            ],
            [
              81.81615246,
              21.49744459
            ],
            [
              81.81619349,
              21.49731
            ],
            [
              81.81624864,
              21.49712912
            ],
            [
              81.81636563,
              21.49716135
            ],
            [
              81.81615596,
              21.49700152
            ],
            [
              81.81627765,
              21.497034
            ],
            [
              81.81631869,
              21.49689941
            ],
            [
              81.81637384,
              21.49671854
            ],
            [
              81.81649082,
              21.49675076
            ],
            [
              81.81628115,
              21.49659094
            ],
            [
              81.81640284,
              21.49662342
            ],
            [
              81.81643623,
              21.49651232
            ],
            [
              81.81628409,
              21.49648567
            ],
            [
              81.81608633,
              21.49646565
            ],
            [
              81.81598635,
              21.4964428
            ],
            [
              81.81592905,
              21.49643976
            ],
            [
              81.81587161,
              21.49642983
            ],
            [
              81.81583718,
              21.49643104
            ],
            [
              81.81577935,
              21.4964209
            ],
            [
              81.81559743,
              21.49640251
            ],
            [
              81.81535791,
              21.49637792
            ],
            [
              81.81521092,
              21.4963684
            ],
            [
              81.8150199,
              21.49635026
            ],
            [
              81.81483129,
              21.49633982
            ],
            [
              81.81483217,
              21.49633713
            ],
            [
              81.81499893,
              21.49582606
            ],
            [
              81.8149602,
              21.49583022
            ],
            [
              81.81466702,
              21.49584167
            ],
            [
              81.81461715,
              21.49580717
            ],
            [
              81.81461329,
              21.49580113
            ],
            [
              81.81454159,
              21.49568868
            ],
            [
              81.81453825,
              21.49568345
            ],
            [
              81.81450708,
              21.49557747
            ],
            [
              81.81447459,
              21.49538602
            ],
            [
              81.81447475,
              21.49537837
            ],
            [
              81.81447555,
              21.49532541
            ],
            [
              81.81469298,
              21.49530285
            ],
            [
              81.81470091,
              21.49528893
            ],
            [
              81.81469948,
              21.49524594
            ],
            [
              81.81466784,
              21.49512097
            ],
            [
              81.81466588,
              21.49511324
            ],
            [
              81.81465199,
              21.49506956
            ],
            [
              81.81461613,
              21.49495679
            ],
            [
              81.8140547,
              21.49517781
            ],
            [
              81.81399098,
              21.49520061
            ],
            [
              81.81397259,
              21.49520719
            ],
            [
              81.81367755,
              21.49531274
            ],
            [
              81.81349946,
              21.49495743
            ],
            [
              81.81333063,
              21.4946206
            ],
            [
              81.81318655,
              21.49433312
            ],
            [
              81.81308104,
              21.49412263
            ],
            [
              81.81307536,
              21.49411328
            ],
            [
              81.81307068,
              21.49410196
            ],
            [
              81.813038,
              21.49399489
            ],
            [
              81.81302769,
              21.49396408
            ],
            [
              81.81320124,
              21.49396966
            ],
            [
              81.81320329,
              21.49391389
            ],
            [
              81.81315308,
              21.49391228
            ],
            [
              81.8132576,
              21.49380397
            ],
            [
              81.81320739,
              21.49380236
            ],
            [
              81.81320944,
              21.49374659
            ],
            [
              81.81290793,
              21.4937369
            ],
            [
              81.81281314,
              21.49356654
            ],
            [
              81.81267438,
              21.49328734
            ],
            [
              81.81242185,
              21.49327925
            ],
            [
              81.81217099,
              21.49327121
            ],
            [
              81.81192504,
              21.49326333
            ],
            [
              81.811679,
              21.49325545
            ],
            [
              81.81142657,
              21.49324736
            ],
            [
              81.81118054,
              21.49323948
            ],
            [
              81.81092984,
              21.49323145
            ],
            [
              81.81068374,
              21.49322356
            ],
            [
              81.81043295,
              21.49321553
            ],
            [
              81.81019328,
              21.49320785
            ],
            [
              81.80993691,
              21.49319963
            ],
            [
              81.80968618,
              21.4931916
            ],
            [
              81.80944733,
              21.49318394
            ],
            [
              81.80919411,
              21.49317582
            ],
            [
              81.80894337,
              21.49316779
            ],
            [
              81.80869494,
              21.49315983
            ],
            [
              81.80839687,
              21.49315027
            ],
            [
              81.80821978,
              21.49314459
            ],
            [
              81.80823002,
              21.49286604
            ],
            [
              81.80817042,
              21.49286412
            ],
            [
              81.80816869,
              21.4929111
            ],
            [
              81.80805293,
              21.49281331
            ],
            [
              81.80805121,
              21.49286029
            ],
            [
              81.8079916,
              21.49285837
            ],
            [
              81.80798136,
              21.49313695
            ],
            [
              81.80780156,
              21.49313119
            ],
            [
              81.80750602,
              21.49312171
            ],
            [
              81.80725475,
              21.49311366
            ],
            [
              81.80700657,
              21.4931057
            ],
            [
              81.80675735,
              21.49309771
            ],
            [
              81.80651139,
              21.49308982
            ],
            [
              81.80626002,
              21.49308176
            ],
            [
              81.80601515,
              21.49307391
            ],
            [
              81.80576486,
              21.49306589
            ],
            [
              81.80551984,
              21.49305803
            ],
            [
              81.8052664,
              21.4930499
            ],
            [
              81.80497096,
              21.49304043
            ],
            [
              81.80473152,
              21.49303274
            ],
            [
              81.80473063,
              21.49303271
            ],
            [
              81.80462498,
              21.49312408
            ],
            [
              81.80461579,
              21.49313203
            ],
            [
              81.8045507,
              21.49318454
            ],
            [
              81.80447243,
              21.49324588
            ],
            [
              81.80445041,
              21.49326314
            ],
            [
              81.80435377,
              21.49333889
            ],
            [
              81.80424387,
              21.4934273
            ],
            [
              81.80423391,
              21.49343486
            ],
            [
              81.80415873,
              21.49350512
            ],
            [
              81.80408004,
              21.49356246
            ],
            [
              81.80394418,
              21.49366146
            ],
            [
              81.8039223,
              21.49367888
            ],
            [
              81.80391743,
              21.49368276
            ],
            [
              81.80390538,
              21.49369235
            ],
            [
              81.80396498,
              21.49372935
            ],
            [
              81.8040587,
              21.49378754
            ],
            [
              81.80423374,
              21.4938981
            ],
            [
              81.80441017,
              21.49400965
            ],
            [
              81.80453836,
              21.4940907
            ],
            [
              81.80468977,
              21.4942063
            ],
            [
              81.80467348,
              21.49464909
            ],
            [
              81.80473308,
              21.49465101
            ],
            [
              81.80473184,
              21.49468472
            ],
            [
              81.80485353,
              21.49462114
            ],
            [
              81.80485229,
              21.49465485
            ],
            [
              81.8049119,
              21.49465677
            ],
            [
              81.80492318,
              21.49435012
            ],
            [
              81.80517187,
              21.49447687
            ],
            [
              81.80539423,
              21.49460751
            ],
            [
              81.80595441,
              21.49492585
            ],
            [
              81.80646164,
              21.49523532
            ],
            [
              81.80691841,
              21.49549059
            ],
            [
              81.80729818,
              21.49571902
            ],
            [
              81.80747583,
              21.4958025
            ],
            [
              81.80754358,
              21.49582675
            ],
            [
              81.80764246,
              21.49586544
            ],
            [
              81.80771046,
              21.49589541
            ],
            [
              81.80777932,
              21.49592298
            ],
            [
              81.80783394,
              21.49594256
            ],
            [
              81.80787241,
              21.49594511
            ],
            [
              81.80788795,
              21.49593975
            ],
            [
              81.80794052,
              21.4959539
            ],
            [
              81.80808999,
              21.49596369
            ],
            [
              81.808136,
              21.49597255
            ],
            [
              81.80826529,
              21.49600261
            ],
            [
              81.8083674,
              21.496043
            ],
            [
              81.80842424,
              21.49603433
            ],
            [
              81.80846442,
              21.49604664
            ],
            [
              81.80849379,
              21.49605786
            ],
            [
              81.80856673,
              21.49608123
            ],
            [
              81.80863814,
              21.49609902
            ],
            [
              81.80872147,
              21.49612662
            ],
            [
              81.80877325,
              21.49616936
            ],
            [
              81.80882887,
              21.49618894
            ],
            [
              81.80886621,
              21.49623423
            ],
            [
              81.80888931,
              21.49626226
            ],
            [
              81.80889252,
              21.49631032
            ],
            [
              81.80890649,
              21.49635153
            ],
            [
              81.80891214,
              21.49638163
            ],
            [
              81.80895036,
              21.49639997
            ],
            [
              81.80903103,
              21.49642561
            ],
            [
              81.80911941,
              21.49648325
            ],
            [
              81.80922589,
              21.49652897
            ],
            [
              81.80929265,
              21.49655859
            ],
            [
              81.8093872,
              21.49660205
            ],
            [
              81.80948304,
              21.49664483
            ],
            [
              81.8095797,
              21.49668597
            ],
            [
              81.80964226,
              21.49671139
            ],
            [
              81.80988323,
              21.49681981
            ],
            [
              81.81003343,
              21.49688844
            ],
            [
              81.81017223,
              21.49695014
            ],
            [
              81.81026103,
              21.49699049
            ],
            [
              81.81030593,
              21.49700437
            ],
            [
              81.81035646,
              21.49702867
            ],
            [
              81.81045904,
              21.49710546
            ],
            [
              81.81056063,
              21.49718118
            ],
            [
              81.81065374,
              21.49725186
            ],
            [
              81.81073356,
              21.49730075
            ],
            [
              81.81078092,
              21.49733647
            ],
            [
              81.81084054,
              21.49738144
            ],
            [
              81.81085281,
              21.49745347
            ],
            [
              81.81086521,
              21.49750672
            ],
            [
              81.81087149,
              21.49754816
            ],
            [
              81.81087355,
              21.49759493
            ],
            [
              81.81087573,
              21.49763678
            ],
            [
              81.81089086,
              21.49769347
            ],
            [
              81.81094179,
              21.49769237
            ],
            [
              81.81092774,
              21.49770781
            ],
            [
              81.81091528,
              21.49773829
            ],
            [
              81.81092313,
              21.49778212
            ],
            [
              81.81091417,
              21.49785041
            ],
            [
              81.81106196,
              21.49787079
            ],
            [
              81.81110388,
              21.49787865
            ],
            [
              81.81111118,
              21.49787714
            ],
            [
              81.81112505,
              21.49787973
            ],
            [
              81.81114117,
              21.49788275
            ],
            [
              81.81116526,
              21.49788727
            ],
            [
              81.8111798,
              21.49788999
            ],
            [
              81.81121386,
              21.49789637
            ],
            [
              81.81124915,
              21.49790298
            ],
            [
              81.81132363,
              21.49790597
            ],
            [
              81.81137939,
              21.4979082
            ],
            [
              81.81145031,
              21.49791104
            ],
            [
              81.81148765,
              21.49791527
            ],
            [
              81.81148853,
              21.49791258
            ],
            [
              81.81150549,
              21.49786082
            ],
            [
              81.81151425,
              21.49783408
            ],
            [
              81.81153045,
              21.49778466
            ],
            [
              81.81154168,
              21.4977504
            ],
            [
              81.81156441,
              21.49768104
            ],
            [
              81.81156459,
              21.49768087
            ],
            [
              81.81160907,
              21.4976394
            ],
            [
              81.81164912,
              21.49763376
            ],
            [
              81.81168753,
              21.49762694
            ],
            [
              81.81172441,
              21.49763996
            ],
            [
              81.81181124,
              21.49767063
            ],
            [
              81.81188122,
              21.49769535
            ],
            [
              81.81192944,
              21.49771239
            ],
            [
              81.81195825,
              21.49772256
            ],
            [
              81.81200019,
              21.49773738
            ],
            [
              81.81203661,
              21.49775024
            ],
            [
              81.81208237,
              21.49776641
            ],
            [
              81.81219731,
              21.49780701
            ],
            [
              81.81224158,
              21.4978196
            ],
            [
              81.81225473,
              21.49782425
            ],
            [
              81.81228194,
              21.49777365
            ],
            [
              81.81229368,
              21.49775181
            ],
            [
              81.81236236,
              21.49762411
            ],
            [
              81.81236287,
              21.49762316
            ],
            [
              81.8124259,
              21.49764116
            ],
            [
              81.812501,
              21.4976626
            ],
            [
              81.81256266,
              21.49768021
            ],
            [
              81.81260402,
              21.49769202
            ],
            [
              81.81261171,
              21.49769422
            ],
            [
              81.81265192,
              21.4977057
            ],
            [
              81.81276172,
              21.49773705
            ],
            [
              81.81284417,
              21.49776059
            ],
            [
              81.81295252,
              21.49779153
            ],
            [
              81.81305058,
              21.49781953
            ],
            [
              81.81315721,
              21.49784998
            ],
            [
              81.81322905,
              21.49787179
            ],
            [
              81.81330059,
              21.49789109
            ],
            [
              81.81332229,
              21.49788928
            ],
            [
              81.81337352,
              21.49789812
            ],
            [
              81.81339879,
              21.49791282
            ],
            [
              81.81341954,
              21.49792488
            ],
            [
              81.81343058,
              21.49792804
            ],
            [
              81.81348873,
              21.49794464
            ],
            [
              81.8135998,
              21.49797635
            ],
            [
              81.81374598,
              21.49801809
            ],
            [
              81.81376413,
              21.49802462
            ],
            [
              81.8139913,
              21.49810638
            ],
            [
              81.81425912,
              21.49822077
            ],
            [
              81.81440572,
              21.49826972
            ],
            [
              81.81464144,
              21.49838443
            ],
            [
              81.81487463,
              21.49849926
            ],
            [
              81.81519443,
              21.49867003
            ],
            [
              81.81533136,
              21.49851058
            ],
            [
              81.81537716,
              21.49845032
            ],
            [
              81.81544215,
              21.4983208
            ],
            [
              81.81556284,
              21.49807702
            ],
            [
              81.81564692,
              21.49793963
            ]
          ]
        ]
      },
      "geometry_name": "geom",
      "properties": {
        "gid": 1,
        "objectid": 1,
        "industrial": "TILDA",
        "location": "Bartori",
        "industri_1": "TILDA",
        "show_yn": "YES",
        "st_area_sh": 3.48419759355e-05,
        "st_length_": 0.0354134521651
      }
    },
    {
      "type": "Feature",
      "id": "csidc_industrial_area_outer_boundary.fid-23377b7a_19c5672bde0_5c0e",
      "geometry": {
        "type": "Polygon",
        "coordinates": [
          [
            [
              81.74034929,
              21.06081908
            ],
            [
              81.74032648,
              21.060683
            ],
            [
              81.74031363,
              21.06060636
            ],
            [
              81.74029968,
              21.06054826
            ],
            [
              81.74026774,
              21.06041525
            ],
            [
              81.74025333,
              21.0603552
            ],
            [
              81.7402421,
              21.06028012
            ],
            [
              81.74022247,
              21.06014882
            ],
            [
              81.74019581,
              21.05997046
            ],
            [
              81.74023352,
              21.05989965
            ],
            [
              81.74023391,
              21.05989892
            ],
            [
              81.74023018,
              21.05988356
            ],
            [
              81.74021616,
              21.05982589
            ],
            [
              81.74018042,
              21.05977262
            ],
            [
              81.74017282,
              21.0597402
            ],
            [
              81.74016192,
              21.05969374
            ],
            [
              81.74015935,
              21.0596828
            ],
            [
              81.74009958,
              21.05967485
            ],
            [
              81.74010636,
              21.05947489
            ],
            [
              81.74011207,
              21.05930624
            ],
            [
              81.73992367,
              21.05920151
            ],
            [
              81.73958489,
              21.05895536
            ],
            [
              81.73948448,
              21.05888241
            ],
            [
              81.73949956,
              21.05878578
            ],
            [
              81.73951376,
              21.05869475
            ],
            [
              81.73952169,
              21.05864393
            ],
            [
              81.73952178,
              21.05864341
            ],
            [
              81.73945872,
              21.05854664
            ],
            [
              81.73924466,
              21.05854461
            ],
            [
              81.73921796,
              21.05846799
            ],
            [
              81.73907386,
              21.05839024
            ],
            [
              81.73897772,
              21.05828648
            ],
            [
              81.73893674,
              21.05824225
            ],
            [
              81.73893667,
              21.05824217
            ],
            [
              81.73885038,
              21.05812535
            ],
            [
              81.73878574,
              21.05799861
            ],
            [
              81.73883075,
              21.05794282
            ],
            [
              81.73883877,
              21.05780794
            ],
            [
              81.73881485,
              21.05774238
            ],
            [
              81.73881445,
              21.05774219
            ],
            [
              81.7388144,
              21.05774205
            ],
            [
              81.73872033,
              21.05769684
            ],
            [
              81.7387106,
              21.05761307
            ],
            [
              81.73871003,
              21.05761184
            ],
            [
              81.73868797,
              21.05756431
            ],
            [
              81.73868773,
              21.05756418
            ],
            [
              81.73851181,
              21.05746462
            ],
            [
              81.73843158,
              21.05750095
            ],
            [
              81.73833477,
              21.05738623
            ],
            [
              81.73833455,
              21.05738619
            ],
            [
              81.73803473,
              21.0573303
            ],
            [
              81.73799824,
              21.05716844
            ],
            [
              81.73799742,
              21.05716833
            ],
            [
              81.73783943,
              21.05714684
            ],
            [
              81.73762497,
              21.05708883
            ],
            [
              81.73755842,
              21.05692092
            ],
            [
              81.73752048,
              21.05678365
            ],
            [
              81.73746944,
              21.05667307
            ],
            [
              81.73730997,
              21.05667104
            ],
            [
              81.73712024,
              21.05643197
            ],
            [
              81.73693636,
              21.05620026
            ],
            [
              81.73678449,
              21.0559589
            ],
            [
              81.73668939,
              21.05577036
            ],
            [
              81.73672575,
              21.05571535
            ],
            [
              81.73667318,
              21.05560779
            ],
            [
              81.73660395,
              21.05561085
            ],
            [
              81.7363915,
              21.05562025
            ],
            [
              81.73631726,
              21.05562353
            ],
            [
              81.73619565,
              21.05534801
            ],
            [
              81.73614298,
              21.0551572
            ],
            [
              81.73603778,
              21.05518059
            ],
            [
              81.73598284,
              21.05521217
            ],
            [
              81.73591342,
              21.05525208
            ],
            [
              81.7358895,
              21.05526582
            ],
            [
              81.73595268,
              21.0553981
            ],
            [
              81.73615742,
              21.05570665
            ],
            [
              81.73623449,
              21.05586118
            ],
            [
              81.736373,
              21.05607759
            ],
            [
              81.7364284,
              21.05618915
            ],
            [
              81.73647062,
              21.05627421
            ],
            [
              81.73658194,
              21.05639023
            ],
            [
              81.73669798,
              21.05672903
            ],
            [
              81.73683431,
              21.05674134
            ],
            [
              81.73691379,
              21.0567283
            ],
            [
              81.73702225,
              21.05688273
            ],
            [
              81.73712359,
              21.0570842
            ],
            [
              81.73720605,
              21.05731989
            ],
            [
              81.73732705,
              21.05749428
            ],
            [
              81.73751615,
              21.05774666
            ],
            [
              81.73763375,
              21.05790643
            ],
            [
              81.73787489,
              21.05816154
            ],
            [
              81.73797299,
              21.05812211
            ],
            [
              81.7382655,
              21.05853886
            ],
            [
              81.73833011,
              21.05865132
            ],
            [
              81.73822778,
              21.05875368
            ],
            [
              81.73814903,
              21.05881919
            ],
            [
              81.73811745,
              21.05883809
            ],
            [
              81.73805158,
              21.05887751
            ],
            [
              81.73807563,
              21.05898546
            ],
            [
              81.73790053,
              21.05908117
            ],
            [
              81.73789567,
              21.05908383
            ],
            [
              81.73783092,
              21.05900519
            ],
            [
              81.73765836,
              21.05905241
            ],
            [
              81.73760061,
              21.05908216
            ],
            [
              81.73758119,
              21.05909216
            ],
            [
              81.73732685,
              21.05915464
            ],
            [
              81.73704955,
              21.05922277
            ],
            [
              81.73694615,
              21.05924817
            ],
            [
              81.73682079,
              21.05928462
            ],
            [
              81.73671125,
              21.05931646
            ],
            [
              81.73671053,
              21.05931664
            ],
            [
              81.73611352,
              21.05946329
            ],
            [
              81.73610934,
              21.05977985
            ],
            [
              81.73615235,
              21.05988088
            ],
            [
              81.73616617,
              21.06002402
            ],
            [
              81.73618924,
              21.06011599
            ],
            [
              81.7361903,
              21.06017673
            ],
            [
              81.73619297,
              21.06030728
            ],
            [
              81.73621399,
              21.06036451
            ],
            [
              81.73619486,
              21.06050901
            ],
            [
              81.73638903,
              21.0608837
            ],
            [
              81.7364258,
              21.06095416
            ],
            [
              81.73643363,
              21.06096917
            ],
            [
              81.73660231,
              21.06087842
            ],
            [
              81.73669863,
              21.06081588
            ],
            [
              81.73669996,
              21.06081729
            ],
            [
              81.73675211,
              21.06087295
            ],
            [
              81.73675387,
              21.06087483
            ],
            [
              81.73725198,
              21.06104362
            ],
            [
              81.73746016,
              21.06107162
            ],
            [
              81.73754873,
              21.06108354
            ],
            [
              81.7375492,
              21.0610836
            ],
            [
              81.73762924,
              21.06091128
            ],
            [
              81.73780418,
              21.06070567
            ],
            [
              81.73798862,
              21.06088887
            ],
            [
              81.73800797,
              21.06094466
            ],
            [
              81.73784021,
              21.06129885
            ],
            [
              81.73767371,
              21.06168831
            ],
            [
              81.73767792,
              21.06185722
            ],
            [
              81.73767874,
              21.06189048
            ],
            [
              81.7376821,
              21.06202518
            ],
            [
              81.7376823,
              21.06203305
            ],
            [
              81.73768423,
              21.0621108
            ],
            [
              81.73792689,
              21.06217234
            ],
            [
              81.73816954,
              21.06223389
            ],
            [
              81.73855326,
              21.06229717
            ],
            [
              81.73893622,
              21.06236075
            ],
            [
              81.7390737,
              21.06262421
            ],
            [
              81.73953622,
              21.06267042
            ],
            [
              81.73990503,
              21.06264855
            ],
            [
              81.73990523,
              21.0626483
            ],
            [
              81.73992608,
              21.06262179
            ],
            [
              81.73991,
              21.06256606
            ],
            [
              81.7399053,
              21.06254976
            ],
            [
              81.73990529,
              21.0625497
            ],
            [
              81.73990921,
              21.06169144
            ],
            [
              81.73997929,
              21.06168265
            ],
            [
              81.74031574,
              21.06164046
            ],
            [
              81.74034417,
              21.06163689
            ],
            [
              81.74062915,
              21.06156723
            ],
            [
              81.74062893,
              21.0615667
            ],
            [
              81.74040605,
              21.06102703
            ],
            [
              81.74039048,
              21.06097773
            ],
            [
              81.74035936,
              21.06087916
            ],
            [
              81.74034929,
              21.06081908
            ]
          ]
        ]
      },
      "geometry_name": "geom",
      "properties": {
        "gid": 24,
        "objectid": 0,
        "industrial": "Industrial Area Abhanpur",
        "location": "Abhanpur",
        "industri_1": "Industrial Area Abhanpur",
        "show_yn": "YES",
        "st_area_sh": 0.0,
        "st_length_": 0.0
      }
    },
    {
      "type": "Feature",
      "id": "csidc_industrial_area_outer_boundary.fid-23377b7a_19c5672bde0_5c0f",
      "geometry": {
        "type": "Polygon",
        "coordinates": [
          [
            [
              81.35968454,
              18.91122147
            ],
            [
              81.35987516,
              18.91114383
            ],
            [
              81.35988152,
              18.91114124
            ],
            [
              81.35988857,
              18.91113856
            ],
            [
              81.35987516,
              18.91114383
            ],
            [
              81.36015441,
              18.91125992
            ],
            [
              81.3600881,
              18.91116411
            ],
            [
              81.36011909,
              18.91108464
            ],
            [
              81.36017844,
              18.91102004
            ],
            [
              81.36020855,
              18.91097201
            ],
            [
              81.35988701,
              18.91083846
            ],
            [
              81.35962884,
              18.91074683
            ],
            [
              81.35937842,
              18.91065328
            ],
            [
              81.35922138,
              18.91054531
            ],
            [
              81.35910695,
              18.91047136
            ],
            [
              81.35861791,
              18.91004967
            ],
            [
              81.3584246,
              18.90985309
            ],
            [
              81.35823129,
              18.90965651
            ],
            [
              81.35792075,
              18.90936279
            ],
            [
              81.35764977,
              18.90911949
            ],
            [
              81.3573788,
              18.90887619
            ],
            [
              81.35728617,
              18.90881406
            ],
            [
              81.35711556,
              18.90874133
            ],
            [
              81.35690985,
              18.90867511
            ],
            [
              81.35665805,
              18.90861053
            ],
            [
              81.35618825,
              18.9085151
            ],
            [
              81.35588092,
              18.90851639
            ],
            [
              81.35557459,
              18.90851447
            ],
            [
              81.35527931,
              18.90853443
            ],
            [
              81.35530794,
              18.90882125
            ],
            [
              81.35558809,
              18.90880198
            ],
            [
              81.35571651,
              18.90880279
            ],
            [
              81.35570852,
              18.90899552
            ],
            [
              81.35590261,
              18.90904305
            ],
            [
              81.3559234,
              18.90913475
            ],
            [
              81.35593305,
              18.9092867
            ],
            [
              81.35569697,
              18.90927387
            ],
            [
              81.35568783,
              18.90942033
            ],
            [
              81.35580894,
              18.90961643
            ],
            [
              81.35587651,
              18.90956317
            ],
            [
              81.3559405,
              18.90951129
            ],
            [
              81.35599008,
              18.90947111
            ],
            [
              81.35602184,
              18.90944434
            ],
            [
              81.35606796,
              18.90940546
            ],
            [
              81.35615301,
              18.90934516
            ],
            [
              81.35623806,
              18.90928486
            ],
            [
              81.35630517,
              18.90924436
            ],
            [
              81.35635127,
              18.90921656
            ],
            [
              81.35640503,
              18.90920889
            ],
            [
              81.35646931,
              18.90908846
            ],
            [
              81.35639632,
              18.90903561
            ],
            [
              81.35645085,
              18.90889451
            ],
            [
              81.35646304,
              18.90886222
            ],
            [
              81.3569884,
              18.90899961
            ],
            [
              81.35695004,
              18.90906474
            ],
            [
              81.35692465,
              18.90910616
            ],
            [
              81.35690809,
              18.90913319
            ],
            [
              81.35686986,
              18.90920913
            ],
            [
              81.3568506,
              18.90925708
            ],
            [
              81.35678406,
              18.90946241
            ],
            [
              81.35678231,
              18.90947164
            ],
            [
              81.35677669,
              18.90950135
            ],
            [
              81.35677021,
              18.90952769
            ],
            [
              81.35677022,
              18.90952862
            ],
            [
              81.35677016,
              18.90952888
            ],
            [
              81.35677171,
              18.90963687
            ],
            [
              81.3567952,
              18.90977
            ],
            [
              81.35687482,
              18.90977278
            ],
            [
              81.35691832,
              18.90977495
            ],
            [
              81.35722683,
              18.90979154
            ],
            [
              81.35724602,
              18.90981943
            ],
            [
              81.35724614,
              18.90983932
            ],
            [
              81.35728146,
              18.90989103
            ],
            [
              81.3573404,
              18.91002035
            ],
            [
              81.35735958,
              18.91008608
            ],
            [
              81.35740605,
              18.91020767
            ],
            [
              81.35744174,
              18.91034697
            ],
            [
              81.35743266,
              18.91046005
            ],
            [
              81.35724674,
              18.91058054
            ],
            [
              81.35721001,
              18.9106369
            ],
            [
              81.35717936,
              18.91068173
            ],
            [
              81.35713597,
              18.91075048
            ],
            [
              81.35710691,
              18.91079654
            ],
            [
              81.35710729,
              18.91079705
            ],
            [
              81.35710686,
              18.91079773
            ],
            [
              81.35721591,
              18.91094601
            ],
            [
              81.35730927,
              18.91107295
            ],
            [
              81.3571624,
              18.91125877
            ],
            [
              81.35690964,
              18.91121818
            ],
            [
              81.35678571,
              18.91120413
            ],
            [
              81.35668724,
              18.91119297
            ],
            [
              81.35621757,
              18.91138697
            ],
            [
              81.35599985,
              18.91121174
            ],
            [
              81.35587591,
              18.91104378
            ],
            [
              81.3558044,
              18.91092614
            ],
            [
              81.35566911,
              18.91089836
            ],
            [
              81.35564433,
              18.91088802
            ],
            [
              81.35545655,
              18.91080969
            ],
            [
              81.35523554,
              18.91070959
            ],
            [
              81.35517031,
              18.91071955
            ],
            [
              81.35505949,
              18.91073647
            ],
            [
              81.35482172,
              18.91075308
            ],
            [
              81.35468766,
              18.91075451
            ],
            [
              81.35455905,
              18.91075589
            ],
            [
              81.3543087,
              18.91078865
            ],
            [
              81.35421435,
              18.91077627
            ],
            [
              81.35420552,
              18.91077784
            ],
            [
              81.35406892,
              18.91080219
            ],
            [
              81.35404936,
              18.9108006
            ],
            [
              81.35393363,
              18.91079121
            ],
            [
              81.35379319,
              18.91076301
            ],
            [
              81.35361998,
              18.91084526
            ],
            [
              81.35361278,
              18.91097457
            ],
            [
              81.35359811,
              18.91110173
            ],
            [
              81.3535868,
              18.91120934
            ],
            [
              81.3535749,
              18.91132226
            ],
            [
              81.35355781,
              18.91141552
            ],
            [
              81.35353543,
              18.91151402
            ],
            [
              81.3535093,
              18.9116167
            ],
            [
              81.35347689,
              18.91171524
            ],
            [
              81.35343238,
              18.91174368
            ],
            [
              81.35327781,
              18.91182604
            ],
            [
              81.35320384,
              18.91186937
            ],
            [
              81.35318315,
              18.91188149
            ],
            [
              81.3531207,
              18.91199742
            ],
            [
              81.35309821,
              18.91207184
            ],
            [
              81.3530963,
              18.9120876
            ],
            [
              81.35305013,
              18.91246761
            ],
            [
              81.35302935,
              18.91263861
            ],
            [
              81.35297771,
              18.91306363
            ],
            [
              81.3529778,
              18.91306364
            ],
            [
              81.35326179,
              18.91311316
            ],
            [
              81.3533655,
              18.91313064
            ],
            [
              81.35347963,
              18.91314987
            ],
            [
              81.35364183,
              18.91317811
            ],
            [
              81.35376276,
              18.91319916
            ],
            [
              81.35392813,
              18.91323462
            ],
            [
              81.35421423,
              18.91329598
            ],
            [
              81.35423368,
              18.91330015
            ],
            [
              81.35439816,
              18.9133263
            ],
            [
              81.35450001,
              18.91333932
            ],
            [
              81.35450108,
              18.91333948
            ],
            [
              81.35461225,
              18.91335577
            ],
            [
              81.35476937,
              18.91337344
            ],
            [
              81.35478829,
              18.91337466
            ],
            [
              81.35494208,
              18.9133846
            ],
            [
              81.35507504,
              18.91342085
            ],
            [
              81.35522014,
              18.91346041
            ],
            [
              81.35544772,
              18.91348191
            ],
            [
              81.35546273,
              18.91348333
            ],
            [
              81.35546463,
              18.91348349
            ],
            [
              81.35582176,
              18.91351276
            ],
            [
              81.35610946,
              18.91353635
            ],
            [
              81.35639716,
              18.91355993
            ],
            [
              81.35668486,
              18.91358351
            ],
            [
              81.35697256,
              18.91360709
            ],
            [
              81.35723723,
              18.91362878
            ],
            [
              81.35725376,
              18.91362071
            ],
            [
              81.35726073,
              18.91361963
            ],
            [
              81.35741727,
              18.91359527
            ],
            [
              81.3575518,
              18.91356378
            ],
            [
              81.35758492,
              18.91355603
            ],
            [
              81.35776123,
              18.91352123
            ],
            [
              81.35784278,
              18.91351002
            ],
            [
              81.35792538,
              18.91349868
            ],
            [
              81.35810076,
              18.91348729
            ],
            [
              81.35813242,
              18.91348789
            ],
            [
              81.35831372,
              18.91349132
            ],
            [
              81.35831264,
              18.91354144
            ],
            [
              81.35830981,
              18.91367199
            ],
            [
              81.35830978,
              18.91367243
            ],
            [
              81.35830918,
              18.91368015
            ],
            [
              81.35830922,
              18.91368015
            ],
            [
              81.35845476,
              18.91367541
            ],
            [
              81.35927119,
              18.9136078
            ],
            [
              81.35940494,
              18.91359672
            ],
            [
              81.35942888,
              18.91350178
            ],
            [
              81.35947164,
              18.91333222
            ],
            [
              81.35947314,
              18.91332627
            ],
            [
              81.35946602,
              18.91330002
            ],
            [
              81.35946594,
              18.91328704
            ],
            [
              81.359466,
              18.91328699
            ],
            [
              81.35946599,
              18.91328585
            ],
            [
              81.35949762,
              18.91325827
            ],
            [
              81.3594816,
              18.91321701
            ],
            [
              81.35942526,
              18.91309515
            ],
            [
              81.35940232,
              18.91304554
            ],
            [
              81.35932448,
              18.9129895
            ],
            [
              81.35920094,
              18.91291142
            ],
            [
              81.35919044,
              18.91290637
            ],
            [
              81.35911069,
              18.91286808
            ],
            [
              81.35894129,
              18.91279605
            ],
            [
              81.35881556,
              18.91275586
            ],
            [
              81.35881613,
              18.91275484
            ],
            [
              81.35882262,
              18.91274299
            ],
            [
              81.35896558,
              18.91250472
            ],
            [
              81.35905022,
              18.91252082
            ],
            [
              81.35925648,
              18.91250709
            ],
            [
              81.35935964,
              18.912424
            ],
            [
              81.3594485,
              18.91234214
            ],
            [
              81.35944834,
              18.91234115
            ],
            [
              81.35944855,
              18.91234095
            ],
            [
              81.35944395,
              18.91231282
            ],
            [
              81.35946158,
              18.91228679
            ],
            [
              81.35948626,
              18.91222911
            ],
            [
              81.35949692,
              18.91220419
            ],
            [
              81.35949914,
              18.91218202
            ],
            [
              81.35952058,
              18.91215954
            ],
            [
              81.35952674,
              18.91206372
            ],
            [
              81.3595856,
              18.91187664
            ],
            [
              81.35967177,
              18.91144501
            ],
            [
              81.35968454,
              18.91122147
            ]
          ]
        ]
      },
      "geometry_name": "geom",
      "properties": {
        "gid": 10,
        "objectid": 10,
        "industrial": "TEKNAR",
        "location": "Tekanar",
        "industri_1": "TEKNAR",
        "show_yn": "YES",
        "st_area_sh": 1.96003635618e-05,
        "st_length_": 0.0295109327088
      }
    },
    {
      "type": "Feature",
      "id": "csidc_industrial_area_outer_boundary.fid-23377b7a_19c5672bde0_5c10",
      "geometry": {
        "type": "Polygon",
        "coordinates": [
          [
            [
              81.44149393,
              20.39815549
            ],
            [
              81.44193671,
              20.39815922
            ],
            [
              81.44193672,
              20.39810473
            ],
            [
              81.44186572,
              20.39810413
            ],
            [
              81.44200775,
              20.39799636
            ],
            [
              81.44193675,
              20.39799576
            ],
            [
              81.44193676,
              20.39794128
            ],
            [
              81.44151722,
              20.39793775
            ],
            [
              81.44152499,
              20.39786509
            ],
            [
              81.44155142,
              20.39766562
            ],
            [
              81.44157325,
              20.39750086
            ],
            [
              81.44160271,
              20.39739364
            ],
            [
              81.44164115,
              20.39725378
            ],
            [
              81.44164364,
              20.39724472
            ],
            [
              81.44164753,
              20.39723056
            ],
            [
              81.44165037,
              20.39722024
            ],
            [
              81.44170821,
              20.39695865
            ],
            [
              81.4417241,
              20.39688674
            ],
            [
              81.44174709,
              20.39668656
            ],
            [
              81.44176318,
              20.39654652
            ],
            [
              81.44176422,
              20.39653744
            ],
            [
              81.44176585,
              20.39652327
            ],
            [
              81.44176734,
              20.39651034
            ],
            [
              81.4417467,
              20.39620089
            ],
            [
              81.44147577,
              20.39621095
            ],
            [
              81.4413326,
              20.39621626
            ],
            [
              81.44130178,
              20.3962186
            ],
            [
              81.44112779,
              20.39623181
            ],
            [
              81.4410525,
              20.39623752
            ],
            [
              81.44102416,
              20.39597219
            ],
            [
              81.44101077,
              20.39584681
            ],
            [
              81.44099189,
              20.39563163
            ],
            [
              81.44079946,
              20.39562633
            ],
            [
              81.44071177,
              20.39528689
            ],
            [
              81.44059019,
              20.39491888
            ],
            [
              81.4405902,
              20.39491257
            ],
            [
              81.44058811,
              20.39491255
            ],
            [
              81.44053131,
              20.39474063
            ],
            [
              81.44043228,
              20.39450707
            ],
            [
              81.44051502,
              20.39449484
            ],
            [
              81.44062049,
              20.39449271
            ],
            [
              81.44070515,
              20.39456174
            ],
            [
              81.44076033,
              20.39455295
            ],
            [
              81.44105031,
              20.39450675
            ],
            [
              81.4413403,
              20.39446054
            ],
            [
              81.44162001,
              20.39441598
            ],
            [
              81.44163037,
              20.3941067
            ],
            [
              81.44163506,
              20.39396656
            ],
            [
              81.44163536,
              20.39395748
            ],
            [
              81.44163584,
              20.3939433
            ],
            [
              81.44164306,
              20.39372771
            ],
            [
              81.44164432,
              20.39367095
            ],
            [
              81.44164945,
              20.39344066
            ],
            [
              81.44170653,
              20.39334701
            ],
            [
              81.44178029,
              20.39298429
            ],
            [
              81.44177187,
              20.39294559
            ],
            [
              81.44165306,
              20.39239976
            ],
            [
              81.44165121,
              20.39239122
            ],
            [
              81.44173857,
              20.39234977
            ],
            [
              81.4416901,
              20.39223662
            ],
            [
              81.44153393,
              20.39187208
            ],
            [
              81.44146879,
              20.39172002
            ],
            [
              81.44136495,
              20.39150744
            ],
            [
              81.44193835,
              20.39151227
            ],
            [
              81.44193837,
              20.39145779
            ],
            [
              81.44186737,
              20.39145719
            ],
            [
              81.44200939,
              20.39134942
            ],
            [
              81.4419384,
              20.39134882
            ],
            [
              81.44193841,
              20.39129434
            ],
            [
              81.44134046,
              20.3912893
            ],
            [
              81.44128103,
              20.39111812
            ],
            [
              81.44119875,
              20.39092489
            ],
            [
              81.44111814,
              20.39073557
            ],
            [
              81.441097,
              20.39069702
            ],
            [
              81.44101933,
              20.39055541
            ],
            [
              81.44102262,
              20.39046939
            ],
            [
              81.44102739,
              20.3903447
            ],
            [
              81.44107882,
              20.39024285
            ],
            [
              81.44109904,
              20.3902028
            ],
            [
              81.44123852,
              20.39007109
            ],
            [
              81.44124123,
              20.3900172
            ],
            [
              81.44125108,
              20.38982137
            ],
            [
              81.44124207,
              20.38955185
            ],
            [
              81.44125796,
              20.38935235
            ],
            [
              81.44122701,
              20.38901533
            ],
            [
              81.44121804,
              20.38891764
            ],
            [
              81.44136003,
              20.38883351
            ],
            [
              81.44165536,
              20.38866027
            ],
            [
              81.44162358,
              20.38862759
            ],
            [
              81.44157859,
              20.38865399
            ],
            [
              81.44160542,
              20.38853561
            ],
            [
              81.44156043,
              20.388562
            ],
            [
              81.44152865,
              20.38852932
            ],
            [
              81.44123333,
              20.38870256
            ],
            [
              81.44122038,
              20.38871023
            ],
            [
              81.44122819,
              20.38860293
            ],
            [
              81.44123462,
              20.38851469
            ],
            [
              81.44123117,
              20.38849686
            ],
            [
              81.4411872,
              20.38826948
            ],
            [
              81.44118646,
              20.38826564
            ],
            [
              81.44113057,
              20.38804199
            ],
            [
              81.44110463,
              20.3879382
            ],
            [
              81.44091572,
              20.38742996
            ],
            [
              81.44080992,
              20.38748982
            ],
            [
              81.44070411,
              20.38754968
            ],
            [
              81.44062149,
              20.38748696
            ],
            [
              81.4404342,
              20.38743939
            ],
            [
              81.44043441,
              20.3867099
            ],
            [
              81.44036482,
              20.38670931
            ],
            [
              81.44036483,
              20.38665835
            ],
            [
              81.44022562,
              20.38675928
            ],
            [
              81.44022564,
              20.38670832
            ],
            [
              81.44015605,
              20.38670774
            ],
            [
              81.44015588,
              20.3873255
            ],
            [
              81.43998003,
              20.38732401
            ],
            [
              81.43934404,
              20.38716245
            ],
            [
              81.43935106,
              20.38704629
            ],
            [
              81.4393675,
              20.38677402
            ],
            [
              81.43936833,
              20.38676041
            ],
            [
              81.43936887,
              20.38675133
            ],
            [
              81.439376,
              20.38663335
            ],
            [
              81.43937655,
              20.38662427
            ],
            [
              81.43937737,
              20.38661066
            ],
            [
              81.43940006,
              20.38623507
            ],
            [
              81.43898429,
              20.38620288
            ],
            [
              81.43857486,
              20.38607555
            ],
            [
              81.43853249,
              20.38606952
            ],
            [
              81.43853259,
              20.38575197
            ],
            [
              81.438463,
              20.38575138
            ],
            [
              81.43846302,
              20.38570042
            ],
            [
              81.43825422,
              20.38580076
            ],
            [
              81.43825423,
              20.3857498
            ],
            [
              81.43818465,
              20.38574921
            ],
            [
              81.43818446,
              20.3863502
            ],
            [
              81.43809955,
              20.3864332
            ],
            [
              81.43794328,
              20.386506
            ],
            [
              81.43766542,
              20.3866475
            ],
            [
              81.43738325,
              20.38678166
            ],
            [
              81.43739101,
              20.38682996
            ],
            [
              81.4373932,
              20.3868436
            ],
            [
              81.43739466,
              20.38685269
            ],
            [
              81.43741364,
              20.3869709
            ],
            [
              81.4374151,
              20.38697999
            ],
            [
              81.43741729,
              20.38699363
            ],
            [
              81.43744854,
              20.38718817
            ],
            [
              81.43746057,
              20.38721842
            ],
            [
              81.4375416,
              20.3873579
            ],
            [
              81.43763153,
              20.38751272
            ],
            [
              81.43767142,
              20.38758601
            ],
            [
              81.43779071,
              20.38780515
            ],
            [
              81.43779517,
              20.38781406
            ],
            [
              81.43784225,
              20.38790822
            ],
            [
              81.43782392,
              20.3879943
            ],
            [
              81.43779174,
              20.38804105
            ],
            [
              81.4377896,
              20.38804414
            ],
            [
              81.43773285,
              20.38812657
            ],
            [
              81.4375762,
              20.38819877
            ],
            [
              81.43736685,
              20.38826695
            ],
            [
              81.43708557,
              20.38832289
            ],
            [
              81.43702346,
              20.38813855
            ],
            [
              81.43685804,
              20.38775218
            ],
            [
              81.43677962,
              20.38756617
            ],
            [
              81.43670009,
              20.3875697
            ],
            [
              81.43663086,
              20.38760605
            ],
            [
              81.43641221,
              20.38760924
            ],
            [
              81.43640328,
              20.3876739
            ],
            [
              81.43638797,
              20.38812274
            ],
            [
              81.43649119,
              20.38838197
            ],
            [
              81.43640745,
              20.38842539
            ],
            [
              81.4361805,
              20.38854307
            ],
            [
              81.43610902,
              20.38858014
            ],
            [
              81.43582175,
              20.38868888
            ],
            [
              81.43574219,
              20.388719
            ],
            [
              81.43546561,
              20.38883847
            ],
            [
              81.43536549,
              20.38888172
            ],
            [
              81.43502395,
              20.38886434
            ],
            [
              81.43486265,
              20.38929578
            ],
            [
              81.43481809,
              20.38941497
            ],
            [
              81.43459435,
              20.38947083
            ],
            [
              81.43448124,
              20.38962951
            ],
            [
              81.4344786,
              20.3896674
            ],
            [
              81.43472971,
              20.38972033
            ],
            [
              81.43467665,
              20.38988047
            ],
            [
              81.43443613,
              20.38989898
            ],
            [
              81.43434651,
              20.39006204
            ],
            [
              81.43385299,
              20.39026827
            ],
            [
              81.43388626,
              20.3903164
            ],
            [
              81.43394862,
              20.39029034
            ],
            [
              81.43389045,
              20.39043872
            ],
            [
              81.43395281,
              20.39041266
            ],
            [
              81.43398608,
              20.39046079
            ],
            [
              81.43440766,
              20.39028462
            ],
            [
              81.43458418,
              20.39032051
            ],
            [
              81.43473828,
              20.39028026
            ],
            [
              81.43500853,
              20.39025775
            ],
            [
              81.43502948,
              20.39021954
            ],
            [
              81.43576925,
              20.39008056
            ],
            [
              81.43587848,
              20.38994555
            ],
            [
              81.43595736,
              20.38969017
            ],
            [
              81.43639797,
              20.38947644
            ],
            [
              81.43692398,
              20.3893069
            ],
            [
              81.4371356,
              20.38923589
            ],
            [
              81.43729731,
              20.38913481
            ],
            [
              81.43742056,
              20.38902553
            ],
            [
              81.43770476,
              20.38893928
            ],
            [
              81.43776885,
              20.38911243
            ],
            [
              81.43783629,
              20.38929461
            ],
            [
              81.43786707,
              20.38937777
            ],
            [
              81.43788849,
              20.38947666
            ],
            [
              81.43792915,
              20.38966436
            ],
            [
              81.43800639,
              20.38967787
            ],
            [
              81.43818347,
              20.38966601
            ],
            [
              81.43813147,
              20.39064776
            ],
            [
              81.43796562,
              20.39067431
            ],
            [
              81.43790984,
              20.3906718
            ],
            [
              81.43778411,
              20.39066616
            ],
            [
              81.43761987,
              20.39066244
            ],
            [
              81.43759268,
              20.39066182
            ],
            [
              81.43734256,
              20.39068252
            ],
            [
              81.4373299,
              20.39068422
            ],
            [
              81.43708954,
              20.39071635
            ],
            [
              81.43703992,
              20.39072362
            ],
            [
              81.43675125,
              20.39076589
            ],
            [
              81.4363629,
              20.39082361
            ],
            [
              81.43606704,
              20.3908804
            ],
            [
              81.43583412,
              20.39092336
            ],
            [
              81.43580953,
              20.3910235
            ],
            [
              81.43579401,
              20.39109637
            ],
            [
              81.43581492,
              20.39119476
            ],
            [
              81.43584263,
              20.39124288
            ],
            [
              81.43534459,
              20.39123867
            ],
            [
              81.43534457,
              20.39129316
            ],
            [
              81.43541557,
              20.39129376
            ],
            [
              81.43527354,
              20.39140152
            ],
            [
              81.43534454,
              20.39140212
            ],
            [
              81.43534452,
              20.39145661
            ],
            [
              81.43617421,
              20.39146357
            ],
            [
              81.43617422,
              20.39146363
            ],
            [
              81.43618151,
              20.39150122
            ],
            [
              81.43624358,
              20.39187851
            ],
            [
              81.43621392,
              20.39204342
            ],
            [
              81.43619067,
              20.39218127
            ],
            [
              81.43623316,
              20.3923421
            ],
            [
              81.4362895,
              20.39259553
            ],
            [
              81.43634918,
              20.39283906
            ],
            [
              81.43611149,
              20.39285784
            ],
            [
              81.43582744,
              20.3928792
            ],
            [
              81.43599093,
              20.39344726
            ],
            [
              81.43608274,
              20.39343427
            ],
            [
              81.43612222,
              20.3936759
            ],
            [
              81.43607639,
              20.39405735
            ],
            [
              81.4362982,
              20.39446578
            ],
            [
              81.43635861,
              20.39459783
            ],
            [
              81.43642507,
              20.39474309
            ],
            [
              81.43648748,
              20.39493034
            ],
            [
              81.43647548,
              20.39498731
            ],
            [
              81.43634036,
              20.39502862
            ],
            [
              81.43634214,
              20.3950428
            ],
            [
              81.43563536,
              20.39503683
            ],
            [
              81.43563534,
              20.39509131
            ],
            [
              81.43570634,
              20.39509191
            ],
            [
              81.43556431,
              20.39519968
            ],
            [
              81.43563531,
              20.39520028
            ],
            [
              81.43563529,
              20.39525476
            ],
            [
              81.43636941,
              20.39526097
            ],
            [
              81.43637582,
              20.39531219
            ],
            [
              81.43636158,
              20.39562413
            ],
            [
              81.43635408,
              20.3957883
            ],
            [
              81.43631562,
              20.39607777
            ],
            [
              81.43630866,
              20.39613017
            ],
            [
              81.43622137,
              20.3964422
            ],
            [
              81.43620559,
              20.39653088
            ],
            [
              81.43616963,
              20.39673311
            ],
            [
              81.43617811,
              20.39698468
            ],
            [
              81.43617867,
              20.3970014
            ],
            [
              81.43622748,
              20.39740017
            ],
            [
              81.43622835,
              20.39743914
            ],
            [
              81.4362354,
              20.39775478
            ],
            [
              81.43624165,
              20.39789329
            ],
            [
              81.4356345,
              20.39788816
            ],
            [
              81.43563448,
              20.39794264
            ],
            [
              81.43570549,
              20.39794324
            ],
            [
              81.43556345,
              20.39805101
            ],
            [
              81.43563445,
              20.39805161
            ],
            [
              81.43563444,
              20.39810609
            ],
            [
              81.4362491,
              20.39811129
            ],
            [
              81.43625347,
              20.39860168
            ],
            [
              81.43625516,
              20.39879239
            ],
            [
              81.43695208,
              20.39879828
            ],
            [
              81.4377295,
              20.39880484
            ],
            [
              81.43814572,
              20.39880835
            ],
            [
              81.43832473,
              20.39880986
            ],
            [
              81.43855169,
              20.39881177
            ],
            [
              81.43858112,
              20.39881202
            ],
            [
              81.43858329,
              20.39881204
            ],
            [
              81.43862352,
              20.39881238
            ],
            [
              81.4384379,
              20.39935532
            ],
            [
              81.43843795,
              20.39935578
            ],
            [
              81.43847041,
              20.39960772
            ],
            [
              81.43849716,
              20.39981532
            ],
            [
              81.43854511,
              20.40008432
            ],
            [
              81.43842699,
              20.40009039
            ],
            [
              81.43805084,
              20.40010736
            ],
            [
              81.43777434,
              20.40011698
            ],
            [
              81.43727051,
              20.40012754
            ],
            [
              81.43692129,
              20.40012488
            ],
            [
              81.43657891,
              20.40012151
            ],
            [
              81.4363748,
              20.40010381
            ],
            [
              81.43598042,
              20.40005257
            ],
            [
              81.43566198,
              20.40002036
            ],
            [
              81.43540059,
              20.40001648
            ],
            [
              81.43539956,
              20.40011182
            ],
            [
              81.43539869,
              20.40019353
            ],
            [
              81.43539766,
              20.40028887
            ],
            [
              81.43563995,
              20.40029247
            ],
            [
              81.43593319,
              20.40032213
            ],
            [
              81.4363307,
              20.40037378
            ],
            [
              81.43656116,
              20.40039375
            ],
            [
              81.43692108,
              20.40039731
            ],
            [
              81.43727715,
              20.40040002
            ],
            [
              81.43779039,
              20.40038926
            ],
            [
              81.43807224,
              20.40037945
            ],
            [
              81.43845204,
              20.40036231
            ],
            [
              81.43871966,
              20.40034857
            ],
            [
              81.43892761,
              20.40033928
            ],
            [
              81.43894139,
              20.40033918
            ],
            [
              81.43903337,
              20.40085513
            ],
            [
              81.43908348,
              20.40085063
            ],
            [
              81.4390868,
              20.40086928
            ],
            [
              81.43918375,
              20.40082266
            ],
            [
              81.43918707,
              20.40084132
            ],
            [
              81.43924056,
              20.40083651
            ],
            [
              81.43915164,
              20.40033768
            ],
            [
              81.43932912,
              20.40034086
            ],
            [
              81.43952672,
              20.40034544
            ],
            [
              81.44007594,
              20.40035144
            ],
            [
              81.44074433,
              20.40035834
            ],
            [
              81.44047394,
              20.40085703
            ],
            [
              81.44035874,
              20.40104345
            ],
            [
              81.44061339,
              20.4011415
            ],
            [
              81.44072859,
              20.40095508
            ],
            [
              81.44105029,
              20.4003615
            ],
            [
              81.44143738,
              20.4003655
            ],
            [
              81.4414377,
              20.40027015
            ],
            [
              81.44143797,
              20.40018843
            ],
            [
              81.4414383,
              20.40009308
            ],
            [
              81.4411971,
              20.40009059
            ],
            [
              81.44253972,
              20.39761319
            ],
            [
              81.44266443,
              20.39743063
            ],
            [
              81.44241492,
              20.39732469
            ],
            [
              81.4422902,
              20.39750726
            ],
            [
              81.44193671,
              20.39815922
            ],
            [
              81.44089122,
              20.40008744
            ],
            [
              81.44007712,
              20.40007903
            ],
            [
              81.43953062,
              20.40007306
            ],
            [
              81.43933458,
              20.40006852
            ],
            [
              81.43914663,
              20.40006515
            ],
            [
              81.43910312,
              20.40006548
            ],
            [
              81.43905005,
              20.39976782
            ],
            [
              81.43902438,
              20.39956852
            ],
            [
              81.43900216,
              20.3993961
            ],
            [
              81.43920542,
              20.39881728
            ],
            [
              81.43931475,
              20.3988182
            ],
            [
              81.43935624,
              20.39881855
            ],
            [
              81.43954609,
              20.39882015
            ],
            [
              81.439995,
              20.39882393
            ],
            [
              81.44008137,
              20.39882466
            ],
            [
              81.44045898,
              20.39882784
            ],
            [
              81.44092296,
              20.39883174
            ],
            [
              81.44138693,
              20.39883564
            ],
            [
              81.4415235,
              20.39883679
            ],
            [
              81.4414947,
              20.39849749
            ],
            [
              81.44148269,
              20.39826064
            ],
            [
              81.44149393,
              20.39815549
            ]
          ],
          [
            [
              81.43847376,
              20.39059846
            ],
            [
              81.43853143,
              20.3896427
            ],
            [
              81.43860684,
              20.38971051
            ],
            [
              81.43877921,
              20.38982331
            ],
            [
              81.43894265,
              20.38988823
            ],
            [
              81.4388909,
              20.38998847
            ],
            [
              81.43884698,
              20.39007354
            ],
            [
              81.43878227,
              20.39015246
            ],
            [
              81.43871511,
              20.3901904
            ],
            [
              81.43856787,
              20.39030267
            ],
            [
              81.43855586,
              20.390434
            ],
            [
              81.4385732,
              20.39056263
            ],
            [
              81.43857628,
              20.39058238
            ],
            [
              81.43847376,
              20.39059846
            ]
          ]
        ]
      },
      "geometry_name": "geom",
      "properties": {
        "gid": 9,
        "objectid": 9,
        "industrial": "LAKHANPURI",
        "location": "LAKHANPURI",
        "industri_1": "LAKHANPURI",
        "show_yn": "YES",
        "st_area_sh": 6.34825724983e-05,
        "st_length_": 0.0857397269384
      }
    },
    {
      "type": "Feature",
      "id": "csidc_industrial_area_outer_boundary.fid-23377b7a_19c5672bde0_5c11",
      "geometry": {
        "type": "Polygon",
        "coordinates": [
          [
            [
              81.93211664,
              21.92582166
            ],
            [
              81.9319778,
              21.92527175
            ],
            [
              81.93188534,
              21.92532962
            ],
            [
              81.93180419,
              21.92538041
            ],
            [
              81.93175583,
              21.92541068
            ],
            [
              81.93172605,
              21.92542908
            ],
            [
              81.93136699,
              21.92565094
            ],
            [
              81.93025353,
              21.92625814
            ],
            [
              81.92932477,
              21.92669145
            ],
            [
              81.92913335,
              21.92678076
            ],
            [
              81.92912486,
              21.92678471
            ],
            [
              81.92887105,
              21.9269029
            ],
            [
              81.92868129,
              21.92699126
            ],
            [
              81.92854094,
              21.92707499
            ],
            [
              81.92875029,
              21.92729346
            ],
            [
              81.92902792,
              21.92758318
            ],
            [
              81.92921854,
              21.9277821
            ],
            [
              81.92929902,
              21.92786609
            ],
            [
              81.92949438,
              21.92806996
            ],
            [
              81.9296903,
              21.92827441
            ],
            [
              81.92976886,
              21.92835639
            ],
            [
              81.92996463,
              21.92856068
            ],
            [
              81.93016252,
              21.92876719
            ],
            [
              81.93024035,
              21.92884841
            ],
            [
              81.93049032,
              21.92910926
            ],
            [
              81.93014961,
              21.92918863
            ],
            [
              81.93062077,
              21.92955166
            ],
            [
              81.93082971,
              21.92935143
            ],
            [
              81.93114013,
              21.92905395
            ],
            [
              81.93198486,
              21.92824463
            ],
            [
              81.93278407,
              21.9280006
            ],
            [
              81.9327834,
              21.92799841
            ],
            [
              81.9327224,
              21.92779974
            ],
            [
              81.93239462,
              21.92673218
            ],
            [
              81.93211664,
              21.92582166
            ]
          ]
        ]
      },
      "geometry_name": "geom",
      "properties": {
        "gid": 22,
        "objectid": 59,
        "industrial": "HATHKERA-BIDBIDA",
        "location": "HATHKERA-BIDBIDA",
        "industri_1": "HATHKERA-BIDBIDA",
        "show_yn": "YES",
        "st_area_sh": 8.94874060701e-06,
        "st_length_": 0.0132184020441
      }
    },
    {
      "type": "Feature",
      "id": "csidc_industrial_area_outer_boundary.fid-23377b7a_19c5672bde0_5c12",
      "geometry": {
        "type": "Polygon",
        "coordinates": [
          [
            [
              81.79371632,
              21.60679144
            ],
            [
              81.79372802,
              21.60661614
            ],
            [
              81.79384576,
              21.60653776
            ],
            [
              81.79388474,
              21.60655728
            ],
            [
              81.79405017,
              21.6066401
            ],
            [
              81.79421198,
              21.60662344
            ],
            [
              81.79441125,
              21.60662409
            ],
            [
              81.7945613,
              21.60660165
            ],
            [
              81.79462306,
              21.60659242
            ],
            [
              81.79481884,
              21.6064631
            ],
            [
              81.79480636,
              21.60645129
            ],
            [
              81.79375353,
              21.60545494
            ],
            [
              81.79329995,
              21.60517286
            ],
            [
              81.79310106,
              21.60504916
            ],
            [
              81.79300741,
              21.60492173
            ],
            [
              81.79293607,
              21.60478335
            ],
            [
              81.79288853,
              21.60463695
            ],
            [
              81.79286581,
              21.60448564
            ],
            [
              81.79286463,
              21.60447617
            ],
            [
              81.7928236,
              21.60414924
            ],
            [
              81.79282313,
              21.6041275
            ],
            [
              81.79282144,
              21.60404968
            ],
            [
              81.79281625,
              21.60381029
            ],
            [
              81.79283035,
              21.60363722
            ],
            [
              81.79284383,
              21.60347157
            ],
            [
              81.79290573,
              21.60313794
            ],
            [
              81.79315087,
              21.60283744
            ],
            [
              81.793829,
              21.60195189
            ],
            [
              81.79384794,
              21.60192715
            ],
            [
              81.79406151,
              21.60194369
            ],
            [
              81.79416915,
              21.60188592
            ],
            [
              81.79490788,
              21.60226335
            ],
            [
              81.79512993,
              21.60243106
            ],
            [
              81.7952733,
              21.6024755
            ],
            [
              81.79543826,
              21.60252662
            ],
            [
              81.79551663,
              21.60255091
            ],
            [
              81.79595332,
              21.60263536
            ],
            [
              81.79620965,
              21.60266066
            ],
            [
              81.79652248,
              21.60269154
            ],
            [
              81.79659583,
              21.60270325
            ],
            [
              81.79698428,
              21.60276531
            ],
            [
              81.79715361,
              21.60279236
            ],
            [
              81.79710868,
              21.60292262
            ],
            [
              81.79731456,
              21.60296421
            ],
            [
              81.79769658,
              21.60304139
            ],
            [
              81.79807861,
              21.60311857
            ],
            [
              81.79829667,
              21.60316263
            ],
            [
              81.79829357,
              21.60318349
            ],
            [
              81.79827385,
              21.60331629
            ],
            [
              81.79828326,
              21.60331799
            ],
            [
              81.79825635,
              21.60356427
            ],
            [
              81.79841054,
              21.60357477
            ],
            [
              81.79858855,
              21.60361033
            ],
            [
              81.79865144,
              21.60338471
            ],
            [
              81.79896113,
              21.60344083
            ],
            [
              81.79890555,
              21.60368523
            ],
            [
              81.79890885,
              21.60373104
            ],
            [
              81.79893551,
              21.60380808
            ],
            [
              81.79906746,
              21.60379437
            ],
            [
              81.79907193,
              21.60379434
            ],
            [
              81.79926581,
              21.60379329
            ],
            [
              81.79930809,
              21.60379306
            ],
            [
              81.79946047,
              21.60381552
            ],
            [
              81.79943709,
              21.60405516
            ],
            [
              81.79967201,
              21.60405757
            ],
            [
              81.79992011,
              21.60406012
            ],
            [
              81.800345,
              21.60395975
            ],
            [
              81.80033212,
              21.60372451
            ],
            [
              81.80032671,
              21.60362575
            ],
            [
              81.80032836,
              21.60356113
            ],
            [
              81.799934,
              21.60344604
            ],
            [
              81.79982689,
              21.60341998
            ],
            [
              81.79946051,
              21.60333081
            ],
            [
              81.79943552,
              21.60281445
            ],
            [
              81.79945682,
              21.60272615
            ],
            [
              81.79985007,
              21.60284947
            ],
            [
              81.80039568,
              21.60302057
            ],
            [
              81.80039884,
              21.60297696
            ],
            [
              81.80045438,
              21.60284826
            ],
            [
              81.79984383,
              21.60269456
            ],
            [
              81.79907183,
              21.60246039
            ],
            [
              81.79784388,
              21.60208792
            ],
            [
              81.79784162,
              21.60208722
            ],
            [
              81.79745629,
              21.60196637
            ],
            [
              81.7958982,
              21.60147772
            ],
            [
              81.79459013,
              21.60076563
            ],
            [
              81.79337428,
              21.59976841
            ],
            [
              81.79331927,
              21.59981941
            ],
            [
              81.79330935,
              21.59982861
            ],
            [
              81.79327643,
              21.59985913
            ],
            [
              81.79316059,
              21.59996651
            ],
            [
              81.79332944,
              21.60010499
            ],
            [
              81.79305252,
              21.60118793
            ],
            [
              81.79305663,
              21.60125951
            ],
            [
              81.79307295,
              21.60132954
            ],
            [
              81.79310111,
              21.60139642
            ],
            [
              81.79314048,
              21.60145862
            ],
            [
              81.79319014,
              21.60151474
            ],
            [
              81.79325803,
              21.60155249
            ],
            [
              81.79331749,
              21.60159987
            ],
            [
              81.79336684,
              21.60165553
            ],
            [
              81.79340465,
              21.60171787
            ],
            [
              81.79342986,
              21.60178512
            ],
            [
              81.79344174,
              21.60185536
            ],
            [
              81.79343994,
              21.60192657
            ],
            [
              81.79342453,
              21.60199672
            ],
            [
              81.79339594,
              21.60206382
            ],
            [
              81.793355,
              21.60212592
            ],
            [
              81.79262061,
              21.60308546
            ],
            [
              81.79258097,
              21.60308839
            ],
            [
              81.79246735,
              21.60306961
            ],
            [
              81.79243288,
              21.60292857
            ],
            [
              81.79216777,
              21.60298741
            ],
            [
              81.79215705,
              21.60308386
            ],
            [
              81.79202937,
              21.60309916
            ],
            [
              81.79164073,
              21.60314575
            ],
            [
              81.79146584,
              21.60316671
            ],
            [
              81.79107721,
              21.6032133
            ],
            [
              81.79107217,
              21.6032139
            ],
            [
              81.79068561,
              21.60322614
            ],
            [
              81.79036405,
              21.60323631
            ],
            [
              81.79040945,
              21.60275311
            ],
            [
              81.79017506,
              21.60274475
            ],
            [
              81.78996896,
              21.60271353
            ],
            [
              81.78981152,
              21.60267783
            ],
            [
              81.78971238,
              21.60265601
            ],
            [
              81.78945095,
              21.60262756
            ],
            [
              81.78941938,
              21.60274741
            ],
            [
              81.78940939,
              21.60289224
            ],
            [
              81.78941335,
              21.60295917
            ],
            [
              81.78944671,
              21.60312782
            ],
            [
              81.78945637,
              21.60322212
            ],
            [
              81.78949325,
              21.60333215
            ],
            [
              81.78956521,
              21.60368027
            ],
            [
              81.78931571,
              21.60367278
            ],
            [
              81.78917442,
              21.60364604
            ],
            [
              81.78871266,
              21.60359084
            ],
            [
              81.78850541,
              21.60353438
            ],
            [
              81.78829764,
              21.60345985
            ],
            [
              81.78819777,
              21.60342368
            ],
            [
              81.78820595,
              21.60335468
            ],
            [
              81.78824566,
              21.60322948
            ],
            [
              81.78811887,
              21.60317134
            ],
            [
              81.78720538,
              21.60275243
            ],
            [
              81.78712054,
              21.60305623
            ],
            [
              81.78711545,
              21.60325572
            ],
            [
              81.78711199,
              21.60339113
            ],
            [
              81.78710309,
              21.60342907
            ],
            [
              81.7870619,
              21.60360485
            ],
            [
              81.78705638,
              21.6036284
            ],
            [
              81.78702947,
              21.60376856
            ],
            [
              81.7870424,
              21.6037788
            ],
            [
              81.78707695,
              21.60380615
            ],
            [
              81.78708438,
              21.60394036
            ],
            [
              81.7870812,
              21.60397256
            ],
            [
              81.78707311,
              21.6040546
            ],
            [
              81.78707238,
              21.60406198
            ],
            [
              81.78706875,
              21.60410397
            ],
            [
              81.78705827,
              21.60422506
            ],
            [
              81.78728386,
              21.60420592
            ],
            [
              81.78734483,
              21.60421833
            ],
            [
              81.78748314,
              21.60422046
            ],
            [
              81.78771826,
              21.60426619
            ],
            [
              81.78769591,
              21.60444344
            ],
            [
              81.7875621,
              21.60443809
            ],
            [
              81.78743892,
              21.60444253
            ],
            [
              81.78717221,
              21.6044248
            ],
            [
              81.78704033,
              21.60443245
            ],
            [
              81.78703706,
              21.60460261
            ],
            [
              81.78712939,
              21.60458764
            ],
            [
              81.78741429,
              21.60459204
            ],
            [
              81.78743733,
              21.60459239
            ],
            [
              81.78744804,
              21.60490151
            ],
            [
              81.78726941,
              21.60490624
            ],
            [
              81.78706464,
              21.60492086
            ],
            [
              81.78702037,
              21.60522853
            ],
            [
              81.78733587,
              21.60522944
            ],
            [
              81.78747256,
              21.60519589
            ],
            [
              81.78774573,
              21.60512428
            ],
            [
              81.78778346,
              21.60500947
            ],
            [
              81.78781192,
              21.6049229
            ],
            [
              81.78782739,
              21.60482769
            ],
            [
              81.78793889,
              21.60476661
            ],
            [
              81.78806421,
              21.60469795
            ],
            [
              81.78805767,
              21.60456253
            ],
            [
              81.78805012,
              21.60449713
            ],
            [
              81.78803632,
              21.60440235
            ],
            [
              81.78822168,
              21.60438795
            ],
            [
              81.78829355,
              21.60438611
            ],
            [
              81.78837878,
              21.60438393
            ],
            [
              81.7884165,
              21.60440976
            ],
            [
              81.78840023,
              21.60450895
            ],
            [
              81.78837493,
              21.60466319
            ],
            [
              81.78837026,
              21.60468378
            ],
            [
              81.78833038,
              21.60485945
            ],
            [
              81.78832969,
              21.60486249
            ],
            [
              81.78827519,
              21.60491015
            ],
            [
              81.78822036,
              21.60493322
            ],
            [
              81.78818137,
              21.60494963
            ],
            [
              81.7880085,
              21.60497207
            ],
            [
              81.78790556,
              21.60502088
            ],
            [
              81.78787297,
              21.60520423
            ],
            [
              81.78780091,
              21.6057469
            ],
            [
              81.78782493,
              21.6057483
            ],
            [
              81.7879508,
              21.6057683
            ],
            [
              81.78797851,
              21.60573668
            ],
            [
              81.78802702,
              21.60573622
            ],
            [
              81.78812928,
              21.6057431
            ],
            [
              81.78815371,
              21.60562583
            ],
            [
              81.78816648,
              21.60553317
            ],
            [
              81.78816335,
              21.6054615
            ],
            [
              81.78820437,
              21.60535317
            ],
            [
              81.7882084,
              21.60525276
            ],
            [
              81.78843378,
              21.60525489
            ],
            [
              81.78842283,
              21.60514146
            ],
            [
              81.78841728,
              21.60508396
            ],
            [
              81.78841727,
              21.60508394
            ],
            [
              81.78844546,
              21.605069
            ],
            [
              81.78856267,
              21.60504232
            ],
            [
              81.78865924,
              21.60503856
            ],
            [
              81.78872367,
              21.60503606
            ],
            [
              81.78875349,
              21.6050349
            ],
            [
              81.78897269,
              21.60503787
            ],
            [
              81.78920445,
              21.60506673
            ],
            [
              81.78950086,
              21.60510476
            ],
            [
              81.78948441,
              21.60536945
            ],
            [
              81.78915634,
              21.6053501
            ],
            [
              81.78848442,
              21.60534224
            ],
            [
              81.78844605,
              21.60546985
            ],
            [
              81.78844397,
              21.60548745
            ],
            [
              81.78842551,
              21.60564408
            ],
            [
              81.78842395,
              21.60565729
            ],
            [
              81.78832643,
              21.6056556
            ],
            [
              81.78828483,
              21.60569922
            ],
            [
              81.78828224,
              21.60571767
            ],
            [
              81.78827595,
              21.60576256
            ],
            [
              81.78824189,
              21.60584252
            ],
            [
              81.78843439,
              21.60586703
            ],
            [
              81.78866676,
              21.60591985
            ],
            [
              81.78874185,
              21.60593691
            ],
            [
              81.78875159,
              21.60594158
            ],
            [
              81.78879799,
              21.60596383
            ],
            [
              81.78882561,
              21.60596671
            ],
            [
              81.78887549,
              21.60597191
            ],
            [
              81.78912492,
              21.60601737
            ],
            [
              81.78930926,
              21.60605096
            ],
            [
              81.78935854,
              21.60605994
            ],
            [
              81.78958144,
              21.60608236
            ],
            [
              81.78960682,
              21.60608491
            ],
            [
              81.78960607,
              21.6060961
            ],
            [
              81.78960438,
              21.60612175
            ],
            [
              81.78960155,
              21.60616443
            ],
            [
              81.78956551,
              21.60631512
            ],
            [
              81.78955953,
              21.60633767
            ],
            [
              81.789522,
              21.60647925
            ],
            [
              81.78962752,
              21.6064797
            ],
            [
              81.7897532,
              21.60648024
            ],
            [
              81.7897953,
              21.60648042
            ],
            [
              81.78981264,
              21.60648115
            ],
            [
              81.78998382,
              21.60648832
            ],
            [
              81.79006931,
              21.60649189
            ],
            [
              81.79023307,
              21.60648955
            ],
            [
              81.79022773,
              21.60632829
            ],
            [
              81.79036945,
              21.60628815
            ],
            [
              81.79054593,
              21.60623817
            ],
            [
              81.79055796,
              21.60624743
            ],
            [
              81.7907395,
              21.6063872
            ],
            [
              81.79089936,
              21.60651095
            ],
            [
              81.79106241,
              21.60661495
            ],
            [
              81.79122776,
              21.60665964
            ],
            [
              81.79154115,
              21.60671386
            ],
            [
              81.79141389,
              21.60638614
            ],
            [
              81.79171873,
              21.60634501
            ],
            [
              81.79174465,
              21.60634406
            ],
            [
              81.79199291,
              21.60633498
            ],
            [
              81.79204888,
              21.60645439
            ],
            [
              81.79212104,
              21.60660838
            ],
            [
              81.79221628,
              21.60681159
            ],
            [
              81.79233451,
              21.60681406
            ],
            [
              81.79253471,
              21.60683009
            ],
            [
              81.79270893,
              21.60683932
            ],
            [
              81.79271179,
              21.6068221
            ],
            [
              81.79308135,
              21.60678873
            ],
            [
              81.79312993,
              21.60712113
            ],
            [
              81.79312698,
              21.60723675
            ],
            [
              81.7931509,
              21.60732511
            ],
            [
              81.79341689,
              21.6073094
            ],
            [
              81.79361735,
              21.60727446
            ],
            [
              81.79366359,
              21.60696668
            ],
            [
              81.79371632,
              21.60679144
            ]
          ]
        ]
      },
      "geometry_name": "geom",
      "properties": {
        "gid": 19,
        "objectid": 60,
        "industrial": "KESDA",
        "location": "KESDA",
        "industri_1": "KESDA",
        "show_yn": "YES",
        "st_area_sh": 2.80603637469e-05,
        "st_length_": 0.0583606287501
      }
    },
    {
      "type": "Feature",
      "id": "csidc_industrial_area_outer_boundary.fid-23377b7a_19c5672bde0_5c13",
      "geometry": {
        "type": "Polygon",
        "coordinates": [
          [
            [
              81.40125327,
              21.22099673
            ],
            [
              81.40135164,
              21.22104966
            ],
            [
              81.40158621,
              21.22118795
            ],
            [
              81.40182196,
              21.22132684
            ],
            [
              81.40268793,
              21.22176798
            ],
            [
              81.40341753,
              21.22213801
            ],
            [
              81.40460158,
              21.22272818
            ],
            [
              81.40490928,
              21.22287475
            ],
            [
              81.40521634,
              21.22304459
            ],
            [
              81.40559179,
              21.22325197
            ],
            [
              81.40575621,
              21.22334225
            ],
            [
              81.40588035,
              21.22341041
            ],
            [
              81.40627633,
              21.22359662
            ],
            [
              81.40675544,
              21.2238133
            ],
            [
              81.40697119,
              21.22391091
            ],
            [
              81.40714546,
              21.22399572
            ],
            [
              81.40743535,
              21.22414197
            ],
            [
              81.40767575,
              21.22426504
            ],
            [
              81.40788376,
              21.22437181
            ],
            [
              81.40804956,
              21.22445692
            ],
            [
              81.40813727,
              21.22450195
            ],
            [
              81.40804176,
              21.22469687
            ],
            [
              81.40803451,
              21.22469326
            ],
            [
              81.40798541,
              21.22480781
            ],
            [
              81.40794861,
              21.22489368
            ],
            [
              81.40781074,
              21.22521533
            ],
            [
              81.40810299,
              21.2253041
            ],
            [
              81.40880749,
              21.22551784
            ],
            [
              81.40988936,
              21.22584608
            ],
            [
              81.41003087,
              21.22588902
            ],
            [
              81.41007704,
              21.22591021
            ],
            [
              81.41012321,
              21.2259314
            ],
            [
              81.40980497,
              21.22686654
            ],
            [
              81.40959886,
              21.22747215
            ],
            [
              81.40940338,
              21.22804657
            ],
            [
              81.40933202,
              21.22825761
            ],
            [
              81.40991751,
              21.22843873
            ],
            [
              81.41039067,
              21.22858511
            ],
            [
              81.41102979,
              21.22878289
            ],
            [
              81.41125486,
              21.22885256
            ],
            [
              81.4114722,
              21.22892614
            ],
            [
              81.41169499,
              21.22900292
            ],
            [
              81.41173586,
              21.22901701
            ],
            [
              81.41178833,
              21.22902484
            ],
            [
              81.41186267,
              21.22903947
            ],
            [
              81.41195425,
              21.22906796
            ],
            [
              81.41232586,
              21.22918356
            ],
            [
              81.41252749,
              21.22924628
            ],
            [
              81.41273157,
              21.22875528
            ],
            [
              81.41276214,
              21.22868586
            ],
            [
              81.41290374,
              21.22839714
            ],
            [
              81.4131159,
              21.22796456
            ],
            [
              81.41328324,
              21.22762335
            ],
            [
              81.41343316,
              21.22731765
            ],
            [
              81.41370218,
              21.22745014
            ],
            [
              81.41383167,
              21.22751171
            ],
            [
              81.41402793,
              21.22760714
            ],
            [
              81.41408161,
              21.22763526
            ],
            [
              81.41416294,
              21.2276728
            ],
            [
              81.41441462,
              21.22775678
            ],
            [
              81.41457833,
              21.22778447
            ],
            [
              81.41483257,
              21.22782746
            ],
            [
              81.41497328,
              21.22785125
            ],
            [
              81.41511122,
              21.22787457
            ],
            [
              81.41520986,
              21.22785743
            ],
            [
              81.41533235,
              21.22783613
            ],
            [
              81.41540632,
              21.22782418
            ],
            [
              81.41570214,
              21.22778836
            ],
            [
              81.41593472,
              21.22776021
            ],
            [
              81.41604767,
              21.22774653
            ],
            [
              81.41614312,
              21.22771872
            ],
            [
              81.41622994,
              21.22771484
            ],
            [
              81.4163195,
              21.22771083
            ],
            [
              81.416387,
              21.22772003
            ],
            [
              81.41649654,
              21.22773736
            ],
            [
              81.41680975,
              21.2277798
            ],
            [
              81.41703558,
              21.22780877
            ],
            [
              81.41753788,
              21.22785614
            ],
            [
              81.41772882,
              21.22787517
            ],
            [
              81.41790348,
              21.22789827
            ],
            [
              81.41804417,
              21.22791723
            ],
            [
              81.41816275,
              21.22793344
            ],
            [
              81.41827673,
              21.22794924
            ],
            [
              81.41838347,
              21.22796403
            ],
            [
              81.41843626,
              21.22797135
            ],
            [
              81.41855218,
              21.22803937
            ],
            [
              81.41867217,
              21.22810111
            ],
            [
              81.41883317,
              21.22818321
            ],
            [
              81.41894782,
              21.22823262
            ],
            [
              81.41909986,
              21.22830362
            ],
            [
              81.41930013,
              21.22840458
            ],
            [
              81.41946155,
              21.22848595
            ],
            [
              81.41952176,
              21.22851631
            ],
            [
              81.41958197,
              21.22854666
            ],
            [
              81.41959581,
              21.22851543
            ],
            [
              81.41960139,
              21.22851866
            ],
            [
              81.41960014,
              21.22852162
            ],
            [
              81.41980368,
              21.22845862
            ],
            [
              81.42021267,
              21.22833203
            ],
            [
              81.42022032,
              21.22831396
            ],
            [
              81.42039845,
              21.22825883
            ],
            [
              81.42081915,
              21.22836896
            ],
            [
              81.42074345,
              21.22810758
            ],
            [
              81.42056331,
              21.22748559
            ],
            [
              81.42056173,
              21.22748931
            ],
            [
              81.42056006,
              21.22748213
            ],
            [
              81.420423,
              21.22689458
            ],
            [
              81.42039913,
              21.22678454
            ],
            [
              81.42037647,
              21.22665457
            ],
            [
              81.42045485,
              21.22647058
            ],
            [
              81.42062967,
              21.22606021
            ],
            [
              81.42024848,
              21.22591023
            ],
            [
              81.42023537,
              21.22583144
            ],
            [
              81.42022076,
              21.22576876
            ],
            [
              81.42012816,
              21.22537579
            ],
            [
              81.42007372,
              21.22513513
            ],
            [
              81.42004915,
              21.22502294
            ],
            [
              81.42002809,
              21.22492003
            ],
            [
              81.42000725,
              21.22481824
            ],
            [
              81.41997642,
              21.22467078
            ],
            [
              81.41994146,
              21.22451108
            ],
            [
              81.41992129,
              21.22441896
            ],
            [
              81.41989651,
              21.22430572
            ],
            [
              81.41969872,
              21.22430741
            ],
            [
              81.41920248,
              21.22431166
            ],
            [
              81.4187251,
              21.22431575
            ],
            [
              81.4185394,
              21.22431733
            ],
            [
              81.41837634,
              21.22431776
            ],
            [
              81.4182537,
              21.22431321
            ],
            [
              81.41805185,
              21.22430572
            ],
            [
              81.41788445,
              21.22429951
            ],
            [
              81.4177805,
              21.22429565
            ],
            [
              81.4176824,
              21.22429201
            ],
            [
              81.41757215,
              21.22428586
            ],
            [
              81.41716093,
              21.22391772
            ],
            [
              81.41639079,
              21.22322351
            ],
            [
              81.41612661,
              21.22298854
            ],
            [
              81.41609267,
              21.22288869
            ],
            [
              81.41573278,
              21.22262758
            ],
            [
              81.41554917,
              21.22238705
            ],
            [
              81.41551941,
              21.22226931
            ],
            [
              81.41548927,
              21.22211947
            ],
            [
              81.41547476,
              21.22183442
            ],
            [
              81.4154648,
              21.22163887
            ],
            [
              81.41485855,
              21.22159214
            ],
            [
              81.41459677,
              21.22157659
            ],
            [
              81.41425232,
              21.2214919
            ],
            [
              81.41420796,
              21.22145053
            ],
            [
              81.41385663,
              21.22112277
            ],
            [
              81.41377209,
              21.2210439
            ],
            [
              81.41368918,
              21.22094643
            ],
            [
              81.41365134,
              21.22090193
            ],
            [
              81.41351837,
              21.2207974
            ],
            [
              81.4133633,
              21.22066871
            ],
            [
              81.41334422,
              21.22065223
            ],
            [
              81.41329786,
              21.22062493
            ],
            [
              81.41324501,
              21.22058033
            ],
            [
              81.4132293,
              21.22055955
            ],
            [
              81.41318956,
              21.220507
            ],
            [
              81.41313412,
              21.22043367
            ],
            [
              81.41311153,
              21.22039028
            ],
            [
              81.41308894,
              21.2203469
            ],
            [
              81.41307832,
              21.22030139
            ],
            [
              81.41306769,
              21.22025587
            ],
            [
              81.41295931,
              21.220249
            ],
            [
              81.41288933,
              21.22024409
            ],
            [
              81.41285012,
              21.22023848
            ],
            [
              81.41279665,
              21.22022994
            ],
            [
              81.4127337,
              21.22021987
            ],
            [
              81.41270262,
              21.2202145
            ],
            [
              81.4126913,
              21.22021363
            ],
            [
              81.41268624,
              21.2201736
            ],
            [
              81.41266303,
              21.21999004
            ],
            [
              81.41265572,
              21.21993219
            ],
            [
              81.41264665,
              21.21987191
            ],
            [
              81.41264231,
              21.21984901
            ],
            [
              81.41256872,
              21.21979304
            ],
            [
              81.4124498,
              21.21970775
            ],
            [
              81.41230698,
              21.21960532
            ],
            [
              81.41225105,
              21.21956521
            ],
            [
              81.41218165,
              21.21951834
            ],
            [
              81.41213381,
              21.2194866
            ],
            [
              81.41209499,
              21.21946084
            ],
            [
              81.41206216,
              21.21943906
            ],
            [
              81.41205865,
              21.21937016
            ],
            [
              81.4120575,
              21.21934748
            ],
            [
              81.41205371,
              21.21932116
            ],
            [
              81.41205091,
              21.21930171
            ],
            [
              81.41204674,
              21.21927276
            ],
            [
              81.41204432,
              21.21925595
            ],
            [
              81.41194242,
              21.21924709
            ],
            [
              81.41172615,
              21.21922828
            ],
            [
              81.4116905,
              21.21922518
            ],
            [
              81.4116751,
              21.21922384
            ],
            [
              81.41167273,
              21.21922364
            ],
            [
              81.41166955,
              21.21922219
            ],
            [
              81.41162699,
              21.21921861
            ],
            [
              81.41162422,
              21.21921731
            ],
            [
              81.41159915,
              21.21920558
            ],
            [
              81.41149679,
              21.21915767
            ],
            [
              81.41148588,
              21.219131
            ],
            [
              81.41145928,
              21.21906591
            ],
            [
              81.4114566,
              21.21905936
            ],
            [
              81.41145163,
              21.21904991
            ],
            [
              81.41144841,
              21.21904232
            ],
            [
              81.41143145,
              21.21899844
            ],
            [
              81.41142435,
              21.21898048
            ],
            [
              81.41141518,
              21.21895806
            ],
            [
              81.41140811,
              21.21894074
            ],
            [
              81.41139456,
              21.21890761
            ],
            [
              81.41137495,
              21.21885964
            ],
            [
              81.41135963,
              21.21882218
            ],
            [
              81.41128696,
              21.21863076
            ],
            [
              81.41121365,
              21.21860025
            ],
            [
              81.4111083,
              21.21855642
            ],
            [
              81.41107912,
              21.21854428
            ],
            [
              81.41090523,
              21.21842266
            ],
            [
              81.41083797,
              21.21837597
            ],
            [
              81.41077741,
              21.21833544
            ],
            [
              81.41073377,
              21.21830624
            ],
            [
              81.41068545,
              21.2182739
            ],
            [
              81.41066157,
              21.21825792
            ],
            [
              81.41064102,
              21.21824417
            ],
            [
              81.41041651,
              21.21799704
            ],
            [
              81.41038792,
              21.21796557
            ],
            [
              81.41028571,
              21.21792505
            ],
            [
              81.41008975,
              21.21785506
            ],
            [
              81.41005965,
              21.21784483
            ],
            [
              81.41003626,
              21.21783627
            ],
            [
              81.40987995,
              21.21777986
            ],
            [
              81.40980087,
              21.21775131
            ],
            [
              81.40977618,
              21.2177424
            ],
            [
              81.40966643,
              21.2176657
            ],
            [
              81.40960205,
              21.21758803
            ],
            [
              81.40949105,
              21.21745554
            ],
            [
              81.4094746,
              21.21743619
            ],
            [
              81.40944406,
              21.21740996
            ],
            [
              81.40937346,
              21.21734933
            ],
            [
              81.40935592,
              21.21733427
            ],
            [
              81.40934012,
              21.21732069
            ],
            [
              81.40932661,
              21.21730273
            ],
            [
              81.40906352,
              21.21695287
            ],
            [
              81.40890852,
              21.21670571
            ],
            [
              81.40880601,
              21.21654225
            ],
            [
              81.4087182,
              21.21640222
            ],
            [
              81.40861887,
              21.21633803
            ],
            [
              81.40860612,
              21.21611195
            ],
            [
              81.40855807,
              21.2161288
            ],
            [
              81.40853003,
              21.21613863
            ],
            [
              81.40849703,
              21.2161502
            ],
            [
              81.40833838,
              21.21615728
            ],
            [
              81.40831553,
              21.21615301
            ],
            [
              81.4082122,
              21.21613371
            ],
            [
              81.40816237,
              21.21609197
            ],
            [
              81.4080565,
              21.2160033
            ],
            [
              81.40797435,
              21.21591094
            ],
            [
              81.40794934,
              21.21588283
            ],
            [
              81.40791292,
              21.21584726
            ],
            [
              81.40787514,
              21.21581166
            ],
            [
              81.40785767,
              21.21579518
            ],
            [
              81.40780897,
              21.21576107
            ],
            [
              81.40777299,
              21.21573591
            ],
            [
              81.40773595,
              21.21571815
            ],
            [
              81.40771797,
              21.21570726
            ],
            [
              81.40768244,
              21.21568286
            ],
            [
              81.40766657,
              21.21567027
            ],
            [
              81.40762071,
              21.21562874
            ],
            [
              81.40744446,
              21.2154691
            ],
            [
              81.40724974,
              21.21532914
            ],
            [
              81.40709118,
              21.21521518
            ],
            [
              81.40693019,
              21.21509945
            ],
            [
              81.4068624,
              21.21505073
            ],
            [
              81.40683175,
              21.21502869
            ],
            [
              81.40667978,
              21.21497459
            ],
            [
              81.4065939,
              21.21494401
            ],
            [
              81.40650422,
              21.21493006
            ],
            [
              81.40644702,
              21.21492116
            ],
            [
              81.4063841,
              21.21493262
            ],
            [
              81.40632119,
              21.21494408
            ],
            [
              81.40624298,
              21.21490849
            ],
            [
              81.40618376,
              21.21490919
            ],
            [
              81.40602488,
              21.21491108
            ],
            [
              81.40588473,
              21.21491275
            ],
            [
              81.40581951,
              21.21491352
            ],
            [
              81.40571112,
              21.21488175
            ],
            [
              81.4056363,
              21.21486874
            ],
            [
              81.40546624,
              21.2148563
            ],
            [
              81.40531739,
              21.2148454
            ],
            [
              81.40525563,
              21.21484088
            ],
            [
              81.4049346,
              21.2148447
            ],
            [
              81.40459185,
              21.21484924
            ],
            [
              81.40429245,
              21.21485232
            ],
            [
              81.40423687,
              21.21511552
            ],
            [
              81.40385641,
              21.21520463
            ],
            [
              81.40385936,
              21.21546292
            ],
            [
              81.40374458,
              21.21549899
            ],
            [
              81.40375095,
              21.21587861
            ],
            [
              81.40290555,
              21.21597967
            ],
            [
              81.40273789,
              21.21720161
            ],
            [
              81.40247261,
              21.21823914
            ],
            [
              81.40239646,
              21.21825569
            ],
            [
              81.40224909,
              21.21828724
            ],
            [
              81.4021261,
              21.21832173
            ],
            [
              81.40205704,
              21.21834447
            ],
            [
              81.40198767,
              21.21851813
            ],
            [
              81.40191831,
              21.21869178
            ],
            [
              81.40191202,
              21.2186893
            ],
            [
              81.40189617,
              21.21872899
            ],
            [
              81.40186229,
              21.21881379
            ],
            [
              81.40183624,
              21.21887901
            ],
            [
              81.401808,
              21.21894971
            ],
            [
              81.40178217,
              21.21909827
            ],
            [
              81.40174339,
              21.21932132
            ],
            [
              81.40171805,
              21.21946707
            ],
            [
              81.40170174,
              21.21956085
            ],
            [
              81.40162947,
              21.21958961
            ],
            [
              81.40154793,
              21.21962295
            ],
            [
              81.40144464,
              21.21966517
            ],
            [
              81.4014481,
              21.21982922
            ],
            [
              81.40145251,
              21.21996406
            ],
            [
              81.40145824,
              21.22013925
            ],
            [
              81.40146498,
              21.22034542
            ],
            [
              81.40147431,
              21.2206305
            ],
            [
              81.40147599,
              21.22068197
            ],
            [
              81.40145873,
              21.22070616
            ],
            [
              81.40145912,
              21.22073499
            ],
            [
              81.40128639,
              21.22095261
            ],
            [
              81.40125327,
              21.22099673
            ]
          ]
        ]
      },
      "geometry_name": "geom",
      "properties": {
        "gid": 2,
        "objectid": 2,
        "industrial": "ENGINEERING PARK",
        "location": null,
        "industri_1": "ENGINEERING PARK",
        "show_yn": "YES",
        "st_area_sh": 0.000128961507509,
        "st_length_": 0.0592801863009
      }
    },
    {
      "type": "Feature",
      "id": "csidc_industrial_area_outer_boundary.fid-23377b7a_19c5672bde0_5c14",
      "geometry": {
        "type": "Polygon",
        "coordinates": [
          [
            [
              82.18740718,
              22.02195048
            ],
            [
              82.18739587,
              22.01880705
            ],
            [
              82.18772559,
              22.01880675
            ],
            [
              82.18811309,
              22.01880639
            ],
            [
              82.18850059,
              22.01880602
            ],
            [
              82.18888809,
              22.01880566
            ],
            [
              82.1892756,
              22.0188053
            ],
            [
              82.1896631,
              22.01880493
            ],
            [
              82.1900506,
              22.01880457
            ],
            [
              82.1904381,
              22.0188042
            ],
            [
              82.1908256,
              22.01880384
            ],
            [
              82.1912131,
              22.01880347
            ],
            [
              82.1916006,
              22.0188031
            ],
            [
              82.1919881,
              22.01880273
            ],
            [
              82.1923756,
              22.01880236
            ],
            [
              82.1927631,
              22.01880199
            ],
            [
              82.1931506,
              22.01880162
            ],
            [
              82.1935381,
              22.01880125
            ],
            [
              82.1935398,
              22.01934322
            ],
            [
              82.19354368,
              22.02058491
            ],
            [
              82.19400157,
              22.01980538
            ],
            [
              82.19430097,
              22.01933767
            ],
            [
              82.194395,
              22.01919077
            ],
            [
              82.19464504,
              22.01880017
            ],
            [
              82.19470097,
              22.0187128
            ],
            [
              82.19472174,
              22.01868262
            ],
            [
              82.19495189,
              22.01834823
            ],
            [
              82.19512055,
              22.0181313
            ],
            [
              82.1953233,
              22.01784945
            ],
            [
              82.19581578,
              22.01723198
            ],
            [
              82.19584942,
              22.01718981
            ],
            [
              82.19564436,
              22.01714825
            ],
            [
              82.1956356,
              22.01714647
            ],
            [
              82.19562582,
              22.01714449
            ],
            [
              82.19561222,
              22.01714173
            ],
            [
              82.19557457,
              22.0171341
            ],
            [
              82.19507018,
              22.01703187
            ],
            [
              82.19354553,
              22.01675793
            ],
            [
              82.19354515,
              22.01686262
            ],
            [
              82.19354436,
              22.01708206
            ],
            [
              82.19325667,
              22.01673793
            ],
            [
              82.19322074,
              22.01669495
            ],
            [
              82.19321249,
              22.01668507
            ],
            [
              82.19324647,
              22.01668256
            ],
            [
              82.19335258,
              22.01669335
            ],
            [
              82.1936025,
              22.01669512
            ],
            [
              82.19423373,
              22.01677656
            ],
            [
              82.19525061,
              22.01699859
            ],
            [
              82.19575893,
              22.01709526
            ],
            [
              82.19597464,
              22.01714388
            ],
            [
              82.19600969,
              22.0171974
            ],
            [
              82.19591833,
              22.01730561
            ],
            [
              82.19535115,
              22.01798374
            ],
            [
              82.19493714,
              22.01858904
            ],
            [
              82.1946105,
              22.01906823
            ],
            [
              82.19434865,
              22.01947883
            ],
            [
              82.19411326,
              22.01983547
            ],
            [
              82.19377253,
              22.02046891
            ],
            [
              82.1935448,
              22.02082191
            ],
            [
              82.19316373,
              22.02120458
            ],
            [
              82.19301636,
              22.02135861
            ],
            [
              82.19286421,
              22.0215557
            ],
            [
              82.19279204,
              22.02273212
            ],
            [
              82.1930884,
              22.02261524
            ],
            [
              82.19315661,
              22.02157747
            ],
            [
              82.19321736,
              22.02148621
            ],
            [
              82.19361448,
              22.02115827
            ],
            [
              82.19379223,
              22.02098502
            ],
            [
              82.19407677,
              22.02052764
            ],
            [
              82.19439133,
              22.01998401
            ],
            [
              82.19466838,
              22.01955179
            ],
            [
              82.194987,
              22.01903322
            ],
            [
              82.19522242,
              22.01868017
            ],
            [
              82.19548075,
              22.01830903
            ],
            [
              82.19600562,
              22.01762763
            ],
            [
              82.19631762,
              22.01723817
            ],
            [
              82.19652711,
              22.01700361
            ],
            [
              82.19688537,
              22.01662815
            ],
            [
              82.19715604,
              22.01635371
            ],
            [
              82.19730483,
              22.0162164
            ],
            [
              82.19712489,
              22.01600261
            ],
            [
              82.19688193,
              22.01621949
            ],
            [
              82.19651611,
              22.01660934
            ],
            [
              82.19636296,
              22.01668574
            ],
            [
              82.19622922,
              22.01678352
            ],
            [
              82.1961104,
              22.0168274
            ],
            [
              82.19598752,
              22.01684623
            ],
            [
              82.19589138,
              22.01684334
            ],
            [
              82.19566029,
              22.01679484
            ],
            [
              82.19507102,
              22.01667366
            ],
            [
              82.1943854,
              22.0165245
            ],
            [
              82.19371565,
              22.01643259
            ],
            [
              82.19331569,
              22.01642116
            ],
            [
              82.19327656,
              22.01641848
            ],
            [
              82.19310273,
              22.01641258
            ],
            [
              82.19302129,
              22.01642177
            ],
            [
              82.19301004,
              22.01642078
            ],
            [
              82.19291352,
              22.01628799
            ],
            [
              82.19282728,
              22.01623458
            ],
            [
              82.19276824,
              22.01631311
            ],
            [
              82.19285218,
              22.01636754
            ],
            [
              82.1929064,
              22.016438
            ],
            [
              82.19250208,
              22.01649295
            ],
            [
              82.19227468,
              22.01653031
            ],
            [
              82.19176002,
              22.016595
            ],
            [
              82.19114937,
              22.01667472
            ],
            [
              82.19081555,
              22.01675602
            ],
            [
              82.19062744,
              22.01678965
            ],
            [
              82.19020947,
              22.01692175
            ],
            [
              82.18987198,
              22.01702458
            ],
            [
              82.18919693,
              22.01721949
            ],
            [
              82.18837262,
              22.01749793
            ],
            [
              82.18751368,
              22.01777303
            ],
            [
              82.18731052,
              22.01784621
            ],
            [
              82.18701076,
              22.01786272
            ],
            [
              82.18683015,
              22.01787478
            ],
            [
              82.18605325,
              22.01784456
            ],
            [
              82.18602223,
              22.01781252
            ],
            [
              82.18591862,
              22.01691342
            ],
            [
              82.18579586,
              22.01602163
            ],
            [
              82.18575506,
              22.01573871
            ],
            [
              82.18558208,
              22.01574355
            ],
            [
              82.18567644,
              22.01645629
            ],
            [
              82.18580404,
              22.01746635
            ],
            [
              82.18584094,
              22.01774213
            ],
            [
              82.18584517,
              22.0177887
            ],
            [
              82.18583018,
              22.01783541
            ],
            [
              82.18574941,
              22.01783241
            ],
            [
              82.18497606,
              22.01776631
            ],
            [
              82.18447212,
              22.0177341
            ],
            [
              82.18445898,
              22.01800307
            ],
            [
              82.18513994,
              22.01805551
            ],
            [
              82.18566313,
              22.01809116
            ],
            [
              82.18598244,
              22.01811395
            ],
            [
              82.18630935,
              22.01812592
            ],
            [
              82.18684405,
              22.0181579
            ],
            [
              82.18734348,
              22.01811126
            ],
            [
              82.18839412,
              22.01777024
            ],
            [
              82.18956369,
              22.01739966
            ],
            [
              82.19033456,
              22.01716821
            ],
            [
              82.19079482,
              22.0170358
            ],
            [
              82.19110179,
              22.01696187
            ],
            [
              82.19168934,
              22.01687873
            ],
            [
              82.19236523,
              22.01678419
            ],
            [
              82.19264417,
              22.0167486
            ],
            [
              82.19299749,
              22.01670158
            ],
            [
              82.19310105,
              22.01668638
            ],
            [
              82.19310804,
              22.01669486
            ],
            [
              82.19311635,
              22.01670493
            ],
            [
              82.19315182,
              22.01674795
            ],
            [
              82.19298172,
              22.01676395
            ],
            [
              82.19298159,
              22.0167638
            ],
            [
              82.19277045,
              22.01678371
            ],
            [
              82.19238281,
              22.01682368
            ],
            [
              82.19199512,
              22.01687857
            ],
            [
              82.19180125,
              22.01690602
            ],
            [
              82.1916074,
              22.01694056
            ],
            [
              82.19121966,
              22.01700963
            ],
            [
              82.19083191,
              22.0170787
            ],
            [
              82.19044408,
              22.01716992
            ],
            [
              82.19005614,
              22.01729312
            ],
            [
              82.18982337,
              22.01736704
            ],
            [
              82.18943543,
              22.01749023
            ],
            [
              82.18904749,
              22.01761343
            ],
            [
              82.18865954,
              22.01773662
            ],
            [
              82.18827159,
              22.01785981
            ],
            [
              82.18773268,
              22.01803094
            ],
            [
              82.18773222,
              22.01813737
            ],
            [
              82.18772858,
              22.01813737
            ],
            [
              82.18772808,
              22.01813737
            ],
            [
              82.18736016,
              22.01813208
            ],
            [
              82.18739153,
              22.01821778
            ],
            [
              82.18737256,
              22.01821233
            ],
            [
              82.187252,
              22.01817767
            ],
            [
              82.18723303,
              22.01817221
            ],
            [
              82.18721919,
              22.0181739
            ],
            [
              82.18721923,
              22.01818455
            ],
            [
              82.18721924,
              22.01818551
            ],
            [
              82.18722052,
              22.01854071
            ],
            [
              82.18549582,
              22.0185461
            ],
            [
              82.18549221,
              22.0187087
            ],
            [
              82.18548517,
              22.01902547
            ],
            [
              82.18547212,
              22.01961265
            ],
            [
              82.18546851,
              22.01977525
            ],
            [
              82.18545546,
              22.02036243
            ],
            [
              82.18544242,
              22.02094961
            ],
            [
              82.1854388,
              22.02111222
            ],
            [
              82.18542575,
              22.0216994
            ],
            [
              82.18541271,
              22.02228658
            ],
            [
              82.18540909,
              22.02244918
            ],
            [
              82.18539605,
              22.02303636
            ],
            [
              82.18597729,
              22.02303455
            ],
            [
              82.18660699,
              22.02303258
            ],
            [
              82.18723669,
              22.02303061
            ],
            [
              82.18741107,
              22.02303006
            ],
            [
              82.18740718,
              22.02195048
            ]
          ]
        ]
      },
      "geometry_name": "geom",
      "properties": {
        "gid": 14,
        "objectid": 54,
        "industrial": "SILPAHARI INDUSTRIAL AREA",
        "location": "SILPAHARI INDUSTRIAL AREA",
        "industri_1": "SILPAHARI INDUSTRIAL AREA",
        "show_yn": "YES",
        "st_area_sh": 2.83829987502e-05,
        "st_length_": 0.0793186439081
      }
    },
    {
      "type": "Feature",
      "id": "csidc_industrial_area_outer_boundary.fid-23377b7a_19c5672bde0_5c15",
      "geometry": {
        "type": "MultiPolygon",
        "coordinates": [
          [
            [
              [
                82.2277235,
                23.20045493
              ],
              [
                82.22779175,
                23.20042254
              ],
              [
                82.22785756,
                23.20040253
              ],
              [
                82.22790744,
                23.20038735
              ],
              [
                82.2280694,
                23.20043549
              ],
              [
                82.2282512,
                23.20049879
              ],
              [
                82.22848043,
                23.20047347
              ],
              [
                82.22862777,
                23.20045755
              ],
              [
                82.22864876,
                23.20024809
              ],
              [
                82.22864566,
                23.20012243
              ],
              [
                82.22866219,
                23.19996764
              ],
              [
                82.22867425,
                23.19970795
              ],
              [
                82.22868719,
                23.19958373
              ],
              [
                82.22864032,
                23.19931121
              ],
              [
                82.22858723,
                23.19905292
              ],
              [
                82.22861373,
                23.19897587
              ],
              [
                82.22853149,
                23.19894672
              ],
              [
                82.22849252,
                23.1989329
              ],
              [
                82.22844792,
                23.1988225
              ],
              [
                82.22841035,
                23.19880674
              ],
              [
                82.22814332,
                23.19869472
              ],
              [
                82.22802996,
                23.19864716
              ],
              [
                82.22801887,
                23.19857477
              ],
              [
                82.22790445,
                23.19852955
              ],
              [
                82.22758961,
                23.19840512
              ],
              [
                82.2274484,
                23.19834932
              ],
              [
                82.22736608,
                23.19831678
              ],
              [
                82.22763112,
                23.19773036
              ],
              [
                82.22765425,
                23.19766707
              ],
              [
                82.22770556,
                23.19752663
              ],
              [
                82.22773767,
                23.19746602
              ],
              [
                82.22778471,
                23.1973772
              ],
              [
                82.22781792,
                23.19732134
              ],
              [
                82.22784735,
                23.19727182
              ],
              [
                82.2276677,
                23.19709675
              ],
              [
                82.22760533,
                23.19705728
              ],
              [
                82.22748129,
                23.19694773
              ],
              [
                82.2275943,
                23.19672621
              ],
              [
                82.22770093,
                23.19649873
              ],
              [
                82.2275642,
                23.19637904
              ],
              [
                82.22751734,
                23.19633802
              ],
              [
                82.22742836,
                23.19626583
              ],
              [
                82.22740906,
                23.19625017
              ],
              [
                82.22741528,
                23.1960493
              ],
              [
                82.22734458,
                23.19604911
              ],
              [
                82.22722182,
                23.1960727
              ],
              [
                82.22707263,
                23.19615062
              ],
              [
                82.22692567,
                23.19620442
              ],
              [
                82.22679257,
                23.19625329
              ],
              [
                82.22669788,
                23.19627302
              ],
              [
                82.22657495,
                23.19629636
              ],
              [
                82.22648515,
                23.19641681
              ],
              [
                82.22646696,
                23.19652865
              ],
              [
                82.22645423,
                23.19669601
              ],
              [
                82.22643517,
                23.19686923
              ],
              [
                82.22642938,
                23.19687209
              ],
              [
                82.22624413,
                23.19696366
              ],
              [
                82.22613923,
                23.19704223
              ],
              [
                82.2261036,
                23.19706892
              ],
              [
                82.22592085,
                23.19722919
              ],
              [
                82.22590838,
                23.19723928
              ],
              [
                82.22579487,
                23.19733111
              ],
              [
                82.22576911,
                23.19735583
              ],
              [
                82.22575585,
                23.19740075
              ],
              [
                82.2257442,
                23.1974666
              ],
              [
                82.22572606,
                23.19756913
              ],
              [
                82.22578025,
                23.1977502
              ],
              [
                82.22578305,
                23.19777897
              ],
              [
                82.22578543,
                23.19778718
              ],
              [
                82.22584897,
                23.19800589
              ],
              [
                82.22576571,
                23.19799947
              ],
              [
                82.22569853,
                23.19804958
              ],
              [
                82.22558971,
                23.19813074
              ],
              [
                82.22549941,
                23.1981981
              ],
              [
                82.22545671,
                23.19824165
              ],
              [
                82.22539422,
                23.1983054
              ],
              [
                82.22522408,
                23.1985975
              ],
              [
                82.22530437,
                23.19871583
              ],
              [
                82.2253128,
                23.19872827
              ],
              [
                82.22522759,
                23.19898284
              ],
              [
                82.22521085,
                23.19903285
              ],
              [
                82.22517324,
                23.19906509
              ],
              [
                82.22515743,
                23.19909181
              ],
              [
                82.22514575,
                23.19912723
              ],
              [
                82.22513424,
                23.19924231
              ],
              [
                82.22513344,
                23.19925027
              ],
              [
                82.22499712,
                23.19930851
              ],
              [
                82.22483387,
                23.19940781
              ],
              [
                82.2245936,
                23.19955396
              ],
              [
                82.22465242,
                23.19978874
              ],
              [
                82.22484212,
                23.1999749
              ],
              [
                82.22492619,
                23.20007487
              ],
              [
                82.22515071,
                23.20009941
              ],
              [
                82.22519904,
                23.2001023
              ],
              [
                82.22526643,
                23.20009091
              ],
              [
                82.22536429,
                23.20003702
              ],
              [
                82.22544368,
                23.20001205
              ],
              [
                82.22547816,
                23.2000012
              ],
              [
                82.22560468,
                23.19997224
              ],
              [
                82.22562959,
                23.20003075
              ],
              [
                82.22565592,
                23.20009259
              ],
              [
                82.22563331,
                23.20010156
              ],
              [
                82.22544915,
                23.20017459
              ],
              [
                82.22537108,
                23.20020998
              ],
              [
                82.22525851,
                23.20023973
              ],
              [
                82.22525063,
                23.20026213
              ],
              [
                82.22517144,
                23.2004871
              ],
              [
                82.22540789,
                23.20045616
              ],
              [
                82.22563232,
                23.20044527
              ],
              [
                82.22567708,
                23.20051363
              ],
              [
                82.22571029,
                23.20057251
              ],
              [
                82.22576257,
                23.20066523
              ],
              [
                82.22584303,
                23.20078798
              ],
              [
                82.2258964,
                23.20086125
              ],
              [
                82.22595032,
                23.20090373
              ],
              [
                82.22601381,
                23.20093817
              ],
              [
                82.22607989,
                23.20096804
              ],
              [
                82.22610497,
                23.20097938
              ],
              [
                82.2261225,
                23.20116807
              ],
              [
                82.22612586,
                23.20119995
              ],
              [
                82.22614441,
                23.2013753
              ],
              [
                82.22615506,
                23.20155837
              ],
              [
                82.22615546,
                23.20156519
              ],
              [
                82.2261495,
                23.20167024
              ],
              [
                82.22638812,
                23.20147965
              ],
              [
                82.22666035,
                23.20126304
              ],
              [
                82.22690164,
                23.20108546
              ],
              [
                82.22716612,
                23.20087069
              ],
              [
                82.22743854,
                23.20065542
              ],
              [
                82.22759617,
                23.20053705
              ],
              [
                82.2277235,
                23.20045493
              ]
            ]
          ],
          [
            [
              [
                82.22729632,
                23.19583078
              ],
              [
                82.22729366,
                23.19582835
              ],
              [
                82.22728992,
                23.19582837
              ],
              [
                82.22728729,
                23.19583083
              ],
              [
                82.22728732,
                23.19583429
              ],
              [
                82.22728998,
                23.19583671
              ],
              [
                82.22729371,
                23.19583669
              ],
              [
                82.22729634,
                23.19583423
              ],
              [
                82.22729632,
                23.19583078
              ]
            ]
          ]
        ]
      },
      "geometry_name": "geom",
      "properties": {
        "gid": 12,
        "objectid": 57,
        "industrial": "PARASGARHI INDUSTRIAL AREA",
        "location": "PARASGARHI INDUSTRIAL AREA",
        "industri_1": "PARASGARHI INDUSTRIAL AREA",
        "show_yn": "YES",
        "st_area_sh": 1.16898890712e-05,
        "st_length_": 0.017942889609
      }
    },
    {
      "type": "Feature",
      "id": "csidc_industrial_area_outer_boundary.fid-23377b7a_19c5672bde0_5c16",
      "geometry": {
        "type": "Polygon",
        "coordinates": [
          [
            [
              81.65387487,
              20.87728218
            ],
            [
              81.65395026,
              20.87737119
            ],
            [
              81.65405665,
              20.87749348
            ],
            [
              81.65417345,
              20.87752911
            ],
            [
              81.65425137,
              20.87762795
            ],
            [
              81.65432408,
              20.87784873
            ],
            [
              81.65432648,
              20.87785579
            ],
            [
              81.65403529,
              20.87795324
            ],
            [
              81.65340923,
              20.87820093
            ],
            [
              81.65297016,
              20.8782608
            ],
            [
              81.65291399,
              20.87823098
            ],
            [
              81.65285653,
              20.87803338
            ],
            [
              81.65278807,
              20.87800633
            ],
            [
              81.65256166,
              20.87805789
            ],
            [
              81.65229085,
              20.87819647
            ],
            [
              81.65217195,
              20.87820856
            ],
            [
              81.65207007,
              20.87809364
            ],
            [
              81.6518277,
              20.87817844
            ],
            [
              81.65174864,
              20.87827532
            ],
            [
              81.65019471,
              20.87838036
            ],
            [
              81.65018928,
              20.87850686
            ],
            [
              81.65173343,
              20.87846768
            ],
            [
              81.65185712,
              20.87845944
            ],
            [
              81.65189593,
              20.87852065
            ],
            [
              81.65167994,
              20.87853138
            ],
            [
              81.65138231,
              20.87852686
            ],
            [
              81.65004956,
              20.87869305
            ],
            [
              81.65004865,
              20.87913074
            ],
            [
              81.65024979,
              20.87945921
            ],
            [
              81.65043403,
              20.87962126
            ],
            [
              81.65078436,
              20.87955494
            ],
            [
              81.65102844,
              20.87953794
            ],
            [
              81.65149471,
              20.87898495
            ],
            [
              81.65203581,
              20.87857843
            ],
            [
              81.65219621,
              20.87871264
            ],
            [
              81.65249413,
              20.87865798
            ],
            [
              81.65323949,
              20.87864306
            ],
            [
              81.65381542,
              20.87866668
            ],
            [
              81.65432689,
              20.87850065
            ],
            [
              81.65467193,
              20.87827994
            ],
            [
              81.65469938,
              20.87814459
            ],
            [
              81.65497295,
              20.87809283
            ],
            [
              81.65495095,
              20.87795496
            ],
            [
              81.65539114,
              20.87797514
            ],
            [
              81.65605578,
              20.87785109
            ],
            [
              81.65627839,
              20.8779961
            ],
            [
              81.6564647,
              20.87852515
            ],
            [
              81.6566251,
              20.87851536
            ],
            [
              81.65663068,
              20.87892985
            ],
            [
              81.65655586,
              20.87915103
            ],
            [
              81.65694256,
              20.8793176
            ],
            [
              81.65612021,
              20.87974473
            ],
            [
              81.65681204,
              20.88055516
            ],
            [
              81.65658843,
              20.88075303
            ],
            [
              81.65676803,
              20.88096022
            ],
            [
              81.65688373,
              20.88086211
            ],
            [
              81.65705619,
              20.88104689
            ],
            [
              81.65716796,
              20.8809061
            ],
            [
              81.65782965,
              20.88117062
            ],
            [
              81.6586909,
              20.88150957
            ],
            [
              81.65866966,
              20.88177671
            ],
            [
              81.65881593,
              20.88178253
            ],
            [
              81.65885263,
              20.88241459
            ],
            [
              81.65877926,
              20.88238719
            ],
            [
              81.65860984,
              20.88241591
            ],
            [
              81.65849726,
              20.88249425
            ],
            [
              81.65850925,
              20.88269928
            ],
            [
              81.65858886,
              20.88273004
            ],
            [
              81.65875159,
              20.88268351
            ],
            [
              81.65894883,
              20.88270268
            ],
            [
              81.6590643,
              20.88271391
            ],
            [
              81.65906204,
              20.88263142
            ],
            [
              81.65912049,
              20.88248539
            ],
            [
              81.65912827,
              20.88242815
            ],
            [
              81.65914665,
              20.88229288
            ],
            [
              81.65916039,
              20.88209686
            ],
            [
              81.65916929,
              20.88196979
            ],
            [
              81.65915217,
              20.88181558
            ],
            [
              81.65913596,
              20.88166951
            ],
            [
              81.65909633,
              20.88147266
            ],
            [
              81.65908084,
              20.88140934
            ],
            [
              81.65905118,
              20.88127596
            ],
            [
              81.65899542,
              20.88102521
            ],
            [
              81.65895688,
              20.88092771
            ],
            [
              81.6589199,
              20.88083417
            ],
            [
              81.65887002,
              20.88064824
            ],
            [
              81.65882685,
              20.88048733
            ],
            [
              81.65879351,
              20.88021249
            ],
            [
              81.65875511,
              20.87989593
            ],
            [
              81.65871791,
              20.87962833
            ],
            [
              81.65870219,
              20.8795152
            ],
            [
              81.65869723,
              20.87940197
            ],
            [
              81.65868538,
              20.87913124
            ],
            [
              81.65866965,
              20.87899781
            ],
            [
              81.65867139,
              20.87865775
            ],
            [
              81.65867587,
              20.87777584
            ],
            [
              81.6586768,
              20.87757993
            ],
            [
              81.65867789,
              20.87734767
            ],
            [
              81.65869392,
              20.87711587
            ],
            [
              81.65870113,
              20.8770109
            ],
            [
              81.65873307,
              20.87634147
            ],
            [
              81.65874293,
              20.87613484
            ],
            [
              81.65877097,
              20.87554705
            ],
            [
              81.65870238,
              20.87438622
            ],
            [
              81.65867825,
              20.87399907
            ],
            [
              81.65867254,
              20.87390883
            ],
            [
              81.65875609,
              20.87355614
            ],
            [
              81.65871628,
              20.87287512
            ],
            [
              81.65870825,
              20.87269959
            ],
            [
              81.65851814,
              20.8726437
            ],
            [
              81.65842886,
              20.87265462
            ],
            [
              81.65753101,
              20.87276433
            ],
            [
              81.65739735,
              20.87285507
            ],
            [
              81.65727045,
              20.8729385
            ],
            [
              81.65698206,
              20.87313873
            ],
            [
              81.65659205,
              20.87340273
            ],
            [
              81.65643408,
              20.87352696
            ],
            [
              81.65643349,
              20.873527
            ],
            [
              81.65640073,
              20.87353579
            ],
            [
              81.65608234,
              20.87361682
            ],
            [
              81.65607862,
              20.87361776
            ],
            [
              81.65602645,
              20.87362654
            ],
            [
              81.65560033,
              20.8736982
            ],
            [
              81.65548874,
              20.87371568
            ],
            [
              81.65547965,
              20.87366224
            ],
            [
              81.65510598,
              20.87371227
            ],
            [
              81.65493483,
              20.87373657
            ],
            [
              81.6549256,
              20.87338696
            ],
            [
              81.65489193,
              20.87339033
            ],
            [
              81.65485077,
              20.87339367
            ],
            [
              81.65481706,
              20.87340407
            ],
            [
              81.65481993,
              20.87375289
            ],
            [
              81.65461763,
              20.87378161
            ],
            [
              81.65426039,
              20.87383215
            ],
            [
              81.65412054,
              20.87387612
            ],
            [
              81.65402697,
              20.87390293
            ],
            [
              81.65399768,
              20.87393272
            ],
            [
              81.653994,
              20.87425741
            ],
            [
              81.65332977,
              20.87430541
            ],
            [
              81.6533317,
              20.87432541
            ],
            [
              81.65332902,
              20.87435397
            ],
            [
              81.65331284,
              20.87452429
            ],
            [
              81.65332269,
              20.87491785
            ],
            [
              81.65332381,
              20.87492118
            ],
            [
              81.65290395,
              20.87496737
            ],
            [
              81.65299423,
              20.87528349
            ],
            [
              81.65301364,
              20.87533731
            ],
            [
              81.65304708,
              20.87543002
            ],
            [
              81.65309041,
              20.87555017
            ],
            [
              81.65329747,
              20.87602106
            ],
            [
              81.65350302,
              20.87644499
            ],
            [
              81.65324705,
              20.87653784
            ],
            [
              81.65333422,
              20.87671291
            ],
            [
              81.65354137,
              20.8769369
            ],
            [
              81.65385335,
              20.87725694
            ],
            [
              81.65387487,
              20.87728218
            ]
          ]
        ]
      },
      "geometry_name": "geom",
      "properties": {
        "gid": 5,
        "objectid": 5,
        "industrial": "FOOD PARK SECTOR 2",
        "location": "Bagaud",
        "industri_1": "FOOD PARK SECTOR 2",
        "show_yn": "YES",
        "st_area_sh": 3.46587880578e-05,
        "st_length_": 0.0463194524841
      }
    },
    {
      "type": "Feature",
      "id": "csidc_industrial_area_outer_boundary.fid-23377b7a_19c5672bde0_5c17",
      "geometry": {
        "type": "Polygon",
        "coordinates": [
          [
            [
              81.04401366,
              21.22785325
            ],
            [
              81.04422989,
              21.22763251
            ],
            [
              81.04435357,
              21.22749357
            ],
            [
              81.04453051,
              21.22736314
            ],
            [
              81.04454444,
              21.22735256
            ],
            [
              81.04458461,
              21.22732206
            ],
            [
              81.0447372,
              21.22729024
            ],
            [
              81.04499114,
              21.22728962
            ],
            [
              81.04522465,
              21.2272982
            ],
            [
              81.04524354,
              21.22729802
            ],
            [
              81.04530022,
              21.22729749
            ],
            [
              81.04535913,
              21.22730581
            ],
            [
              81.04539094,
              21.22730105
            ],
            [
              81.04543273,
              21.2272822
            ],
            [
              81.04548188,
              21.2272274
            ],
            [
              81.04548465,
              21.22722432
            ],
            [
              81.04549048,
              21.22722854
            ],
            [
              81.04550919,
              21.22722245
            ],
            [
              81.04561253,
              21.22729099
            ],
            [
              81.04579181,
              21.22741476
            ],
            [
              81.04610689,
              21.22770637
            ],
            [
              81.04629117,
              21.22789234
            ],
            [
              81.04649013,
              21.22808408
            ],
            [
              81.04664175,
              21.22823466
            ],
            [
              81.0467105,
              21.22827553
            ],
            [
              81.04677669,
              21.22832346
            ],
            [
              81.04686889,
              21.22842169
            ],
            [
              81.04701508,
              21.22857895
            ],
            [
              81.04731236,
              21.22884824
            ],
            [
              81.04746878,
              21.22897724
            ],
            [
              81.04760825,
              21.22907613
            ],
            [
              81.04773905,
              21.22915826
            ],
            [
              81.04784267,
              21.22923853
            ],
            [
              81.04791005,
              21.22929676
            ],
            [
              81.04797682,
              21.22932046
            ],
            [
              81.0480099,
              21.22931504
            ],
            [
              81.04801009,
              21.22928738
            ],
            [
              81.04796022,
              21.22917626
            ],
            [
              81.04780752,
              21.22899174
            ],
            [
              81.04769325,
              21.22887752
            ],
            [
              81.04760223,
              21.22878959
            ],
            [
              81.04749624,
              21.22868871
            ],
            [
              81.04739006,
              21.2286155
            ],
            [
              81.04727896,
              21.22852875
            ],
            [
              81.04715525,
              21.22844966
            ],
            [
              81.04697835,
              21.22831261
            ],
            [
              81.04694456,
              21.22828143
            ],
            [
              81.04685075,
              21.22817859
            ],
            [
              81.04658403,
              21.22779176
            ],
            [
              81.04641479,
              21.22755844
            ],
            [
              81.04632223,
              21.22742897
            ],
            [
              81.0463681,
              21.22741519
            ],
            [
              81.04650231,
              21.227363
            ],
            [
              81.04659519,
              21.22732652
            ],
            [
              81.04665139,
              21.22729001
            ],
            [
              81.04669397,
              21.22724767
            ],
            [
              81.04669686,
              21.22721652
            ],
            [
              81.04668958,
              21.22716625
            ],
            [
              81.04668304,
              21.22717071
            ],
            [
              81.04668114,
              21.22715884
            ],
            [
              81.04661454,
              21.22687957
            ],
            [
              81.04656211,
              21.22662612
            ],
            [
              81.04655041,
              21.22653622
            ],
            [
              81.04654387,
              21.2264527
            ],
            [
              81.04654771,
              21.2262496
            ],
            [
              81.04653959,
              21.22617057
            ],
            [
              81.04654076,
              21.22611317
            ],
            [
              81.04656374,
              21.22602389
            ],
            [
              81.04661365,
              21.22590911
            ],
            [
              81.04666505,
              21.22581854
            ],
            [
              81.04668048,
              21.22579134
            ],
            [
              81.04673055,
              21.22566111
            ],
            [
              81.0467419,
              21.22559883
            ],
            [
              81.04675799,
              21.2255231
            ],
            [
              81.04676562,
              21.2254654
            ],
            [
              81.04676535,
              21.22543012
            ],
            [
              81.04675218,
              21.22539265
            ],
            [
              81.04711716,
              21.22539773
            ],
            [
              81.04714362,
              21.22548532
            ],
            [
              81.04719805,
              21.22566547
            ],
            [
              81.0472182,
              21.22573231
            ],
            [
              81.04732149,
              21.22586422
            ],
            [
              81.04741957,
              21.22597257
            ],
            [
              81.04753014,
              21.22605094
            ],
            [
              81.0476128,
              21.2261127
            ],
            [
              81.04761266,
              21.22611411
            ],
            [
              81.04762566,
              21.22612382
            ],
            [
              81.04772073,
              21.22616785
            ],
            [
              81.04782212,
              21.22621511
            ],
            [
              81.04786675,
              21.22623099
            ],
            [
              81.04793704,
              21.22625304
            ],
            [
              81.04799874,
              21.22627378
            ],
            [
              81.0480684,
              21.22630712
            ],
            [
              81.04814716,
              21.22633273
            ],
            [
              81.0481933,
              21.22636023
            ],
            [
              81.04823944,
              21.22638772
            ],
            [
              81.04829316,
              21.22643459
            ],
            [
              81.04832792,
              21.22647175
            ],
            [
              81.04837785,
              21.22650893
            ],
            [
              81.0484197,
              21.22653577
            ],
            [
              81.04845611,
              21.22654357
            ],
            [
              81.04849884,
              21.22655461
            ],
            [
              81.04855068,
              21.22655791
            ],
            [
              81.0486062,
              21.22653445
            ],
            [
              81.04863846,
              21.22650063
            ],
            [
              81.04864075,
              21.22645998
            ],
            [
              81.04864393,
              21.22640352
            ],
            [
              81.04863156,
              21.22635382
            ],
            [
              81.04862853,
              21.22633059
            ],
            [
              81.04868543,
              21.226321
            ],
            [
              81.0487484,
              21.22631916
            ],
            [
              81.0488383,
              21.22633963
            ],
            [
              81.04887144,
              21.2263414
            ],
            [
              81.04891331,
              21.22634365
            ],
            [
              81.04893123,
              21.22634461
            ],
            [
              81.04903555,
              21.22633994
            ],
            [
              81.04920107,
              21.22632632
            ],
            [
              81.04925114,
              21.22632253
            ],
            [
              81.04929198,
              21.22632872
            ],
            [
              81.0493308,
              21.22633233
            ],
            [
              81.04937581,
              21.22634144
            ],
            [
              81.04943093,
              21.22636346
            ],
            [
              81.04952108,
              21.22637941
            ],
            [
              81.04966509,
              21.22640125
            ],
            [
              81.0496972,
              21.22639296
            ],
            [
              81.04970212,
              21.22639169
            ],
            [
              81.04973032,
              21.22637205
            ],
            [
              81.04975366,
              21.22634257
            ],
            [
              81.04977378,
              21.2263126
            ],
            [
              81.04979851,
              21.22627763
            ],
            [
              81.04982437,
              21.22626105
            ],
            [
              81.0498503,
              21.22624335
            ],
            [
              81.04988956,
              21.22623906
            ],
            [
              81.04995632,
              21.22626626
            ],
            [
              81.05013464,
              21.22633316
            ],
            [
              81.05023641,
              21.22637365
            ],
            [
              81.05032978,
              21.22640945
            ],
            [
              81.05036815,
              21.22642096
            ],
            [
              81.05040096,
              21.22641569
            ],
            [
              81.05043397,
              21.22638767
            ],
            [
              81.05048724,
              21.22633978
            ],
            [
              81.05048848,
              21.22633866
            ],
            [
              81.05056185,
              21.22627269
            ],
            [
              81.05064237,
              21.22617103
            ],
            [
              81.05066854,
              21.22616817
            ],
            [
              81.05073523,
              21.22617828
            ],
            [
              81.05075237,
              21.22618088
            ],
            [
              81.0508131,
              21.22619276
            ],
            [
              81.05090017,
              21.22620979
            ],
            [
              81.05090782,
              21.22621129
            ],
            [
              81.05088084,
              21.22651693
            ],
            [
              81.05107214,
              21.22654594
            ],
            [
              81.05110925,
              21.22655157
            ],
            [
              81.05128816,
              21.2265787
            ],
            [
              81.0513493,
              21.22658266
            ],
            [
              81.05139292,
              21.22658548
            ],
            [
              81.05150254,
              21.2266021
            ],
            [
              81.05159685,
              21.22661735
            ],
            [
              81.05173132,
              21.22663908
            ],
            [
              81.0518357,
              21.226651
            ],
            [
              81.05185302,
              21.22665298
            ],
            [
              81.05194057,
              21.2266765
            ],
            [
              81.05207269,
              21.22671704
            ],
            [
              81.05216524,
              21.22674815
            ],
            [
              81.05221221,
              21.22676097
            ],
            [
              81.05224509,
              21.22676879
            ],
            [
              81.05225178,
              21.22677039
            ],
            [
              81.05229451,
              21.22680078
            ],
            [
              81.05232864,
              21.22682987
            ],
            [
              81.05236271,
              21.22686009
            ],
            [
              81.05238483,
              21.22687141
            ],
            [
              81.0524031,
              21.22687418
            ],
            [
              81.05242276,
              21.22687147
            ],
            [
              81.0524399,
              21.22685585
            ],
            [
              81.05245713,
              21.22676167
            ],
            [
              81.05248627,
              21.22659073
            ],
            [
              81.05250629,
              21.22648558
            ],
            [
              81.05251237,
              21.22645462
            ],
            [
              81.05252337,
              21.22643238
            ],
            [
              81.05252872,
              21.22642408
            ],
            [
              81.0525321,
              21.22640424
            ],
            [
              81.05320573,
              21.22658409
            ],
            [
              81.05328662,
              21.22636413
            ],
            [
              81.05327213,
              21.22629223
            ],
            [
              81.05347409,
              21.22622685
            ],
            [
              81.05349483,
              21.22622387
            ],
            [
              81.05360293,
              21.2262185
            ],
            [
              81.05387934,
              21.22622862
            ],
            [
              81.05406521,
              21.2262333
            ],
            [
              81.05420474,
              21.2263709
            ],
            [
              81.05434332,
              21.22651693
            ],
            [
              81.05443854,
              21.2266254
            ],
            [
              81.05451618,
              21.22670874
            ],
            [
              81.05470345,
              21.22676114
            ],
            [
              81.05476581,
              21.22677524
            ],
            [
              81.0548776,
              21.22684538
            ],
            [
              81.05496131,
              21.22689315
            ],
            [
              81.05507294,
              21.22700323
            ],
            [
              81.05512931,
              21.22706298
            ],
            [
              81.05517872,
              21.22716503
            ],
            [
              81.05523937,
              21.22728316
            ],
            [
              81.05523435,
              21.22739486
            ],
            [
              81.05522441,
              21.22743942
            ],
            [
              81.05518014,
              21.22751325
            ],
            [
              81.05506715,
              21.22767491
            ],
            [
              81.05501387,
              21.22774173
            ],
            [
              81.05510138,
              21.22786301
            ],
            [
              81.05516756,
              21.22782642
            ],
            [
              81.05529131,
              21.22774285
            ],
            [
              81.05533343,
              21.2277169
            ],
            [
              81.05539649,
              21.22769347
            ],
            [
              81.05542699,
              21.22765481
            ],
            [
              81.05545684,
              21.22760739
            ],
            [
              81.05546468,
              21.22758137
            ],
            [
              81.05547353,
              21.22751761
            ],
            [
              81.05546742,
              21.22741285
            ],
            [
              81.0554716,
              21.22733261
            ],
            [
              81.05546909,
              21.22726827
            ],
            [
              81.05543975,
              21.22718122
            ],
            [
              81.05539246,
              21.22705085
            ],
            [
              81.05537392,
              21.22696945
            ],
            [
              81.05536254,
              21.22692573
            ],
            [
              81.05534637,
              21.22688104
            ],
            [
              81.05531322,
              21.22682773
            ],
            [
              81.05528511,
              21.22678752
            ],
            [
              81.05526696,
              21.22674588
            ],
            [
              81.0552441,
              21.22671708
            ],
            [
              81.0551448,
              21.22662791
            ],
            [
              81.05507315,
              21.2265685
            ],
            [
              81.05504436,
              21.22654885
            ],
            [
              81.05497961,
              21.226515
            ],
            [
              81.0549376,
              21.22648232
            ],
            [
              81.05489743,
              21.22646209
            ],
            [
              81.0548703,
              21.22645658
            ],
            [
              81.05484603,
              21.22642577
            ],
            [
              81.05478899,
              21.22633828
            ],
            [
              81.05471124,
              21.22617412
            ],
            [
              81.0546542,
              21.22608662
            ],
            [
              81.05460821,
              21.2260169
            ],
            [
              81.05453278,
              21.22591877
            ],
            [
              81.05448686,
              21.22586286
            ],
            [
              81.05445461,
              21.22583044
            ],
            [
              81.05443098,
              21.22580839
            ],
            [
              81.05440857,
              21.22579003
            ],
            [
              81.05434549,
              21.22577032
            ],
            [
              81.05423377,
              21.22574764
            ],
            [
              81.05418487,
              21.22573253
            ],
            [
              81.05413334,
              21.22571172
            ],
            [
              81.05403311,
              21.22567411
            ],
            [
              81.05389342,
              21.22563885
            ],
            [
              81.05369595,
              21.22556597
            ],
            [
              81.05361289,
              21.2255353
            ],
            [
              81.0534764,
              21.22550069
            ],
            [
              81.05338102,
              21.22547787
            ],
            [
              81.05328902,
              21.22545401
            ],
            [
              81.0532698,
              21.22543631
            ],
            [
              81.05326666,
              21.22540634
            ],
            [
              81.05326971,
              21.22537936
            ],
            [
              81.05327417,
              21.22535438
            ],
            [
              81.0532808,
              21.22532467
            ],
            [
              81.05328928,
              21.22530742
            ],
            [
              81.05330294,
              21.22528776
            ],
            [
              81.05339866,
              21.22522093
            ],
            [
              81.0534612,
              21.22517325
            ],
            [
              81.0534815,
              21.22516702
            ],
            [
              81.05351335,
              21.22515968
            ],
            [
              81.05353148,
              21.22515819
            ],
            [
              81.05354904,
              21.22516175
            ],
            [
              81.05356666,
              21.22517914
            ],
            [
              81.05358652,
              21.2252056
            ],
            [
              81.05361763,
              21.22524814
            ],
            [
              81.05366386,
              21.22528686
            ],
            [
              81.05370645,
              21.22531449
            ],
            [
              81.05373594,
              21.22531357
            ],
            [
              81.05376619,
              21.22530592
            ],
            [
              81.05378904,
              21.22529158
            ],
            [
              81.05380237,
              21.22524598
            ],
            [
              81.05383463,
              21.22516281
            ],
            [
              81.05385077,
              21.22512123
            ],
            [
              81.05385906,
              21.22510566
            ],
            [
              81.05387176,
              21.22509444
            ],
            [
              81.05388886,
              21.22508756
            ],
            [
              81.05398481,
              21.22510532
            ],
            [
              81.05420442,
              21.22514128
            ],
            [
              81.05429278,
              21.22515405
            ],
            [
              81.05441712,
              21.22515169
            ],
            [
              81.05450541,
              21.22515064
            ],
            [
              81.05456375,
              21.22514006
            ],
            [
              81.05463876,
              21.22515529
            ],
            [
              81.05475279,
              21.22520087
            ],
            [
              81.05494988,
              21.22527712
            ],
            [
              81.05504769,
              21.22530733
            ],
            [
              81.05513125,
              21.22531912
            ],
            [
              81.05523333,
              21.22532605
            ],
            [
              81.05532697,
              21.22532091
            ],
            [
              81.05538467,
              21.22530157
            ],
            [
              81.05543215,
              21.22527153
            ],
            [
              81.05537839,
              21.22524163
            ],
            [
              81.05522995,
              21.22516836
            ],
            [
              81.05516342,
              21.22513587
            ],
            [
              81.05505806,
              21.22507135
            ],
            [
              81.05494395,
              21.22496882
            ],
            [
              81.05487659,
              21.22492926
            ],
            [
              81.05482723,
              21.22490371
            ],
            [
              81.05479939,
              21.22487563
            ],
            [
              81.05470993,
              21.22480053
            ],
            [
              81.05457787,
              21.2246978
            ],
            [
              81.05445035,
              21.22458392
            ],
            [
              81.05437232,
              21.22452322
            ],
            [
              81.05432416,
              21.22445823
            ],
            [
              81.054264,
              21.22438391
            ],
            [
              81.05416356,
              21.22430485
            ],
            [
              81.05408534,
              21.22424584
            ],
            [
              81.05403355,
              21.22421289
            ],
            [
              81.05398753,
              21.22421563
            ],
            [
              81.05393706,
              21.22428647
            ],
            [
              81.05361751,
              21.22478747
            ],
            [
              81.05358837,
              21.22485747
            ],
            [
              81.05355072,
              21.22490158
            ],
            [
              81.05352616,
              21.2249311
            ],
            [
              81.0535132,
              21.22493019
            ],
            [
              81.05340467,
              21.22490815
            ],
            [
              81.05326844,
              21.22488567
            ],
            [
              81.05306267,
              21.22482836
            ],
            [
              81.05293116,
              21.22479303
            ],
            [
              81.05278171,
              21.2247575
            ],
            [
              81.05273281,
              21.2247424
            ],
            [
              81.05270279,
              21.22471905
            ],
            [
              81.05264239,
              21.22467573
            ],
            [
              81.05263273,
              21.22461683
            ],
            [
              81.05264376,
              21.22459147
            ],
            [
              81.0526733,
              21.22456124
            ],
            [
              81.05275838,
              21.2245164
            ],
            [
              81.05282239,
              21.22448454
            ],
            [
              81.05288641,
              21.22445269
            ],
            [
              81.05295923,
              21.22442952
            ],
            [
              81.05303468,
              21.22441206
            ],
            [
              81.05309136,
              21.22438733
            ],
            [
              81.05316149,
              21.22434464
            ],
            [
              81.05318682,
              21.22430838
            ],
            [
              81.05318662,
              21.22426693
            ],
            [
              81.0531871,
              21.22420492
            ],
            [
              81.05317713,
              21.22416321
            ],
            [
              81.05317035,
              21.22412215
            ],
            [
              81.05314786,
              21.22408998
            ],
            [
              81.05311325,
              21.22406398
            ],
            [
              81.05307143,
              21.2240296
            ],
            [
              81.05303708,
              21.22401573
            ],
            [
              81.05296712,
              21.2240136
            ],
            [
              81.05287871,
              21.22403015
            ],
            [
              81.05277563,
              21.22406098
            ],
            [
              81.0527185,
              21.22407526
            ],
            [
              81.05268731,
              21.22407851
            ],
            [
              81.05261522,
              21.22401038
            ],
            [
              81.05261537,
              21.22400956
            ],
            [
              81.05261355,
              21.2240088
            ],
            [
              81.05256924,
              21.22399189
            ],
            [
              81.05253055,
              21.22396
            ],
            [
              81.05243948,
              21.22390085
            ],
            [
              81.05239517,
              21.22388394
            ],
            [
              81.05233833,
              21.22385409
            ],
            [
              81.05231107,
              21.22384204
            ],
            [
              81.05220955,
              21.22384855
            ],
            [
              81.05211166,
              21.22386283
            ],
            [
              81.05205063,
              21.22386955
            ],
            [
              81.05201747,
              21.22387421
            ],
            [
              81.05196912,
              21.22387257
            ],
            [
              81.05192328,
              21.2238856
            ],
            [
              81.05187793,
              21.22390583
            ],
            [
              81.05179615,
              21.22395641
            ],
            [
              81.05179344,
              21.22395809
            ],
            [
              81.05179293,
              21.22395837
            ],
            [
              81.05174014,
              21.22398754
            ],
            [
              81.05164389,
              21.22414433
            ],
            [
              81.05153819,
              21.2242994
            ],
            [
              81.05148059,
              21.22441697
            ],
            [
              81.05144322,
              21.22449908
            ],
            [
              81.05142752,
              21.22452646
            ],
            [
              81.051416,
              21.22455815
            ],
            [
              81.05140231,
              21.22467478
            ],
            [
              81.05139342,
              21.2247816
            ],
            [
              81.05138496,
              21.2248654
            ],
            [
              81.05138904,
              21.22492125
            ],
            [
              81.05140065,
              21.2249909
            ],
            [
              81.05141554,
              21.2250807
            ],
            [
              81.05142072,
              21.22512964
            ],
            [
              81.05143605,
              21.22515552
            ],
            [
              81.05144768,
              21.2251843
            ],
            [
              81.05146054,
              21.22522573
            ],
            [
              81.05146374,
              21.22525653
            ],
            [
              81.0514705,
              21.22530575
            ],
            [
              81.05147761,
              21.22534259
            ],
            [
              81.05147211,
              21.22537715
            ],
            [
              81.05147107,
              21.22541429
            ],
            [
              81.05146612,
              21.2254454
            ],
            [
              81.05095688,
              21.22533542
            ],
            [
              81.05091047,
              21.22528079
            ],
            [
              81.05086953,
              21.22523249
            ],
            [
              81.05084632,
              21.22520518
            ],
            [
              81.05080011,
              21.22515948
            ],
            [
              81.05077368,
              21.22514225
            ],
            [
              81.05076095,
              21.22512039
            ],
            [
              81.05075349,
              21.22509593
            ],
            [
              81.05075151,
              21.2250778
            ],
            [
              81.05075186,
              21.22506542
            ],
            [
              81.05075776,
              21.22504871
            ],
            [
              81.05077359,
              21.22504091
            ],
            [
              81.05079127,
              21.22503167
            ],
            [
              81.0508184,
              21.22502413
            ],
            [
              81.05088156,
              21.22501424
            ],
            [
              81.05094034,
              21.22499111
            ],
            [
              81.05099735,
              21.22495876
            ],
            [
              81.05100702,
              21.22492852
            ],
            [
              81.05103274,
              21.22485851
            ],
            [
              81.05103065,
              21.22477992
            ],
            [
              81.0509782,
              21.22461043
            ],
            [
              81.05091039,
              21.22445594
            ],
            [
              81.05087558,
              21.22435897
            ],
            [
              81.05085669,
              21.22431467
            ],
            [
              81.05085479,
              21.22428588
            ],
            [
              81.05085481,
              21.224245
            ],
            [
              81.05085009,
              21.22422777
            ],
            [
              81.0508466,
              21.22421507
            ],
            [
              81.05083265,
              21.22418054
            ],
            [
              81.05082281,
              21.2241201
            ],
            [
              81.05081439,
              21.22396925
            ],
            [
              81.0508144,
              21.22381637
            ],
            [
              81.05081682,
              21.22377059
            ],
            [
              81.05081554,
              21.22372769
            ],
            [
              81.05070657,
              21.22355686
            ],
            [
              81.05079543,
              21.22325297
            ],
            [
              81.05084934,
              21.22309741
            ],
            [
              81.05086856,
              21.22301734
            ],
            [
              81.05087846,
              21.22295513
            ],
            [
              81.05091195,
              21.22282609
            ],
            [
              81.05091287,
              21.22276937
            ],
            [
              81.05091641,
              21.2226758
            ],
            [
              81.05091482,
              21.22256352
            ],
            [
              81.05090555,
              21.22245873
            ],
            [
              81.05089779,
              21.22236489
            ],
            [
              81.05090386,
              21.22228599
            ],
            [
              81.05092225,
              21.2222111
            ],
            [
              81.05094557,
              21.222146
            ],
            [
              81.05096114,
              21.22209904
            ],
            [
              81.05099762,
              21.22203276
            ],
            [
              81.05106049,
              21.2219126
            ],
            [
              81.05108108,
              21.22182389
            ],
            [
              81.05110347,
              21.2217035
            ],
            [
              81.05113033,
              21.22154482
            ],
            [
              81.05113852,
              21.22146276
            ],
            [
              81.05116129,
              21.2214011
            ],
            [
              81.05117969,
              21.22132622
            ],
            [
              81.05120553,
              21.22127579
            ],
            [
              81.05124981,
              21.22122159
            ],
            [
              81.05131676,
              21.22115727
            ],
            [
              81.05135081,
              21.22113677
            ],
            [
              81.05141077,
              21.22109607
            ],
            [
              81.0514588,
              21.22106922
            ],
            [
              81.05150485,
              21.22102423
            ],
            [
              81.05155495,
              21.22096397
            ],
            [
              81.0515902,
              21.22088502
            ],
            [
              81.05162592,
              21.22081327
            ],
            [
              81.05162774,
              21.22074072
            ],
            [
              81.05161158,
              21.22072001
            ],
            [
              81.05158022,
              21.220693
            ],
            [
              81.05151631,
              21.22069743
            ],
            [
              81.05136677,
              21.2207308
            ],
            [
              81.05126566,
              21.22075515
            ],
            [
              81.05117269,
              21.2207792
            ],
            [
              81.05114769,
              21.22078357
            ],
            [
              81.05112879,
              21.22078014
            ],
            [
              81.05109578,
              21.2207635
            ],
            [
              81.05105825,
              21.22075493
            ],
            [
              81.05094118,
              21.22076751
            ],
            [
              81.05064471,
              21.22079737
            ],
            [
              81.05026008,
              21.2208415
            ],
            [
              81.05021507,
              21.22084935
            ],
            [
              81.05023388,
              21.22132206
            ],
            [
              81.05023854,
              21.22146624
            ],
            [
              81.05018382,
              21.22194975
            ],
            [
              81.05012714,
              21.22245048
            ],
            [
              81.05010355,
              21.22244641
            ],
            [
              81.0500778,
              21.22246073
            ],
            [
              81.04995951,
              21.22254683
            ],
            [
              81.04987769,
              21.22260505
            ],
            [
              81.04986323,
              21.22270896
            ],
            [
              81.04984768,
              21.22279812
            ],
            [
              81.0498371,
              21.22288796
            ],
            [
              81.04982991,
              21.22290158
            ],
            [
              81.04976885,
              21.22291334
            ],
            [
              81.04958099,
              21.22295709
            ],
            [
              81.04945308,
              21.22298528
            ],
            [
              81.04936909,
              21.22301399
            ],
            [
              81.04933124,
              21.22301796
            ],
            [
              81.04928567,
              21.22301722
            ],
            [
              81.04920695,
              21.22302291
            ],
            [
              81.04917656,
              21.22302242
            ],
            [
              81.04914396,
              21.22303623
            ],
            [
              81.04908677,
              21.22305581
            ],
            [
              81.04901217,
              21.2230785
            ],
            [
              81.04890554,
              21.22308952
            ],
            [
              81.04881797,
              21.22310861
            ],
            [
              81.04873563,
              21.22313754
            ],
            [
              81.04876033,
              21.22330521
            ],
            [
              81.04877565,
              21.223457
            ],
            [
              81.04878089,
              21.22374982
            ],
            [
              81.04878667,
              21.22379106
            ],
            [
              81.04879132,
              21.22382426
            ],
            [
              81.04880332,
              21.2239756
            ],
            [
              81.04882248,
              21.22416808
            ],
            [
              81.048819,
              21.22433191
            ],
            [
              81.04880899,
              21.22440722
            ],
            [
              81.04880261,
              21.22443738
            ],
            [
              81.04878713,
              21.22444988
            ],
            [
              81.04867886,
              21.22443876
            ],
            [
              81.0485684,
              21.22442004
            ],
            [
              81.04841238,
              21.22437868
            ],
            [
              81.0482997,
              21.22436332
            ],
            [
              81.04817541,
              21.22435732
            ],
            [
              81.04808317,
              21.22435204
            ],
            [
              81.0480398,
              21.22434795
            ],
            [
              81.04794536,
              21.22432412
            ],
            [
              81.04784678,
              21.22430519
            ],
            [
              81.04776365,
              21.22429568
            ],
            [
              81.04766168,
              21.22434202
            ],
            [
              81.04759394,
              21.22441858
            ],
            [
              81.04757293,
              21.22443945
            ],
            [
              81.04755191,
              21.22446031
            ],
            [
              81.04754706,
              21.22446387
            ],
            [
              81.04753091,
              21.2244757
            ],
            [
              81.04749638,
              21.22448012
            ],
            [
              81.04734809,
              21.22444347
            ],
            [
              81.04710813,
              21.22437605
            ],
            [
              81.04698068,
              21.22449924
            ],
            [
              81.04686911,
              21.22447672
            ],
            [
              81.04678987,
              21.22444218
            ],
            [
              81.0467189,
              21.22443067
            ],
            [
              81.0466609,
              21.22442276
            ],
            [
              81.0465604,
              21.22438349
            ],
            [
              81.04641904,
              21.22432405
            ],
            [
              81.04631245,
              21.2243022
            ],
            [
              81.04624506,
              21.22428936
            ],
            [
              81.04620227,
              21.22427075
            ],
            [
              81.04614798,
              21.22424773
            ],
            [
              81.04540417,
              21.22416761
            ],
            [
              81.04537421,
              21.2241592
            ],
            [
              81.04530903,
              21.22414561
            ],
            [
              81.04518279,
              21.22414314
            ],
            [
              81.04502629,
              21.22411804
            ],
            [
              81.04474639,
              21.22408312
            ],
            [
              81.04468249,
              21.22410159
            ],
            [
              81.04466733,
              21.22415516
            ],
            [
              81.04469129,
              21.22421501
            ],
            [
              81.04477677,
              21.22438039
            ],
            [
              81.04492129,
              21.22462104
            ],
            [
              81.04504356,
              21.22483016
            ],
            [
              81.04506521,
              21.22488422
            ],
            [
              81.04500294,
              21.22489715
            ],
            [
              81.04486449,
              21.22488825
            ],
            [
              81.04479514,
              21.22490543
            ],
            [
              81.04469152,
              21.22491131
            ],
            [
              81.04458933,
              21.22490475
            ],
            [
              81.04451021,
              21.22489966
            ],
            [
              81.04441003,
              21.22489009
            ],
            [
              81.04430197,
              21.22487688
            ],
            [
              81.04419978,
              21.22487031
            ],
            [
              81.04408441,
              21.2248629
            ],
            [
              81.04403898,
              21.22485371
            ],
            [
              81.04397044,
              21.22491514
            ],
            [
              81.04386268,
              21.22514334
            ],
            [
              81.04386363,
              21.22524999
            ],
            [
              81.04386647,
              21.2252972
            ],
            [
              81.04390326,
              21.22538107
            ],
            [
              81.04392971,
              21.22551131
            ],
            [
              81.04393968,
              21.22564048
            ],
            [
              81.04392688,
              21.22573684
            ],
            [
              81.04392498,
              21.22579629
            ],
            [
              81.04394643,
              21.22584986
            ],
            [
              81.04396373,
              21.22589308
            ],
            [
              81.04400614,
              21.22599901
            ],
            [
              81.04404896,
              21.22607386
            ],
            [
              81.04407143,
              21.22613801
            ],
            [
              81.04408685,
              21.22624872
            ],
            [
              81.04409152,
              21.22638069
            ],
            [
              81.04406973,
              21.22646757
            ],
            [
              81.0440442,
              21.22651609
            ],
            [
              81.04401857,
              21.22652959
            ],
            [
              81.04390341,
              21.22656382
            ],
            [
              81.04384417,
              21.22657101
            ],
            [
              81.04378906,
              21.22657249
            ],
            [
              81.04369521,
              21.22657614
            ],
            [
              81.04367252,
              21.22656965
            ],
            [
              81.0435769,
              21.22652946
            ],
            [
              81.04349967,
              21.22649704
            ],
            [
              81.04344072,
              21.2264736
            ],
            [
              81.04341423,
              21.22647164
            ],
            [
              81.0433907,
              21.22649517
            ],
            [
              81.04330694,
              21.22657145
            ],
            [
              81.04325182,
              21.2266086
            ],
            [
              81.04320702,
              21.22664363
            ],
            [
              81.04318634,
              21.22669386
            ],
            [
              81.04314787,
              21.22683553
            ],
            [
              81.04312108,
              21.22691341
            ],
            [
              81.0431058,
              21.22694443
            ],
            [
              81.04306955,
              21.22695309
            ],
            [
              81.04303386,
              21.22697023
            ],
            [
              81.04298677,
              21.22706326
            ],
            [
              81.04296413,
              21.22715214
            ],
            [
              81.04296067,
              21.22716522
            ],
            [
              81.04294189,
              21.2272362
            ],
            [
              81.04290263,
              21.22731131
            ],
            [
              81.04271629,
              21.22761333
            ],
            [
              81.04270435,
              21.22763477
            ],
            [
              81.04268836,
              21.227644
            ],
            [
              81.04264208,
              21.22765116
            ],
            [
              81.04254664,
              21.22765452
            ],
            [
              81.04250269,
              21.22766417
            ],
            [
              81.04245955,
              21.22766416
            ],
            [
              81.04242527,
              21.2276644
            ],
            [
              81.0423719,
              21.22766532
            ],
            [
              81.04234815,
              21.22766102
            ],
            [
              81.04230511,
              21.22765981
            ],
            [
              81.04221352,
              21.22767779
            ],
            [
              81.04215721,
              21.22768346
            ],
            [
              81.04210974,
              21.22768328
            ],
            [
              81.04210774,
              21.22768327
            ],
            [
              81.04204374,
              21.22768994
            ],
            [
              81.04201246,
              21.22769994
            ],
            [
              81.04196672,
              21.22770149
            ],
            [
              81.04166476,
              21.22758284
            ],
            [
              81.04152214,
              21.22759738
            ],
            [
              81.04148233,
              21.22760125
            ],
            [
              81.04141287,
              21.227608
            ],
            [
              81.04129567,
              21.22762348
            ],
            [
              81.04121744,
              21.22763104
            ],
            [
              81.04115854,
              21.22763521
            ],
            [
              81.04108065,
              21.22763218
            ],
            [
              81.04104026,
              21.22762972
            ],
            [
              81.04101227,
              21.22762802
            ],
            [
              81.04089286,
              21.22764204
            ],
            [
              81.04081018,
              21.22765611
            ],
            [
              81.04074366,
              21.22766401
            ],
            [
              81.04071862,
              21.22767375
            ],
            [
              81.04068655,
              21.22770384
            ],
            [
              81.04061683,
              21.22781506
            ],
            [
              81.04060097,
              21.22784036
            ],
            [
              81.04054964,
              21.22795771
            ],
            [
              81.04049319,
              21.22809329
            ],
            [
              81.04046962,
              21.22813984
            ],
            [
              81.04044477,
              21.22819094
            ],
            [
              81.04041289,
              21.22826239
            ],
            [
              81.04037373,
              21.22833644
            ],
            [
              81.04033475,
              21.22845185
            ],
            [
              81.04028875,
              21.22858761
            ],
            [
              81.04026667,
              21.22866623
            ],
            [
              81.04025215,
              21.22873506
            ],
            [
              81.0402429,
              21.2287789
            ],
            [
              81.04023528,
              21.2288239
            ],
            [
              81.04016169,
              21.22924849
            ],
            [
              81.04013893,
              21.22928177
            ],
            [
              81.04009744,
              21.22934725
            ],
            [
              81.04006234,
              21.22939749
            ],
            [
              81.0400247,
              21.22944552
            ],
            [
              81.04001758,
              21.22945593
            ],
            [
              81.03997694,
              21.22949223
            ],
            [
              81.03993325,
              21.22953191
            ],
            [
              81.03990832,
              21.22956836
            ],
            [
              81.03990141,
              21.22959297
            ],
            [
              81.03992368,
              21.22959964
            ],
            [
              81.03997888,
              21.22960492
            ],
            [
              81.04001683,
              21.2296193
            ],
            [
              81.04006261,
              21.22964319
            ],
            [
              81.04010244,
              21.22966892
            ],
            [
              81.04012303,
              21.22968222
            ],
            [
              81.04015383,
              21.22971835
            ],
            [
              81.04018351,
              21.22978834
            ],
            [
              81.04019325,
              21.22983591
            ],
            [
              81.04021706,
              21.22991931
            ],
            [
              81.04023065,
              21.22994942
            ],
            [
              81.04026953,
              21.22999038
            ],
            [
              81.04030811,
              21.23005114
            ],
            [
              81.04033131,
              21.23008439
            ],
            [
              81.04037527,
              21.23012222
            ],
            [
              81.04041594,
              21.23015153
            ],
            [
              81.04044403,
              21.23015801
            ],
            [
              81.04053078,
              21.23011826
            ],
            [
              81.04068263,
              21.23003735
            ],
            [
              81.04083371,
              21.22995917
            ],
            [
              81.04089917,
              21.22992232
            ],
            [
              81.0409661,
              21.22990266
            ],
            [
              81.04107528,
              21.22986156
            ],
            [
              81.04113194,
              21.22984483
            ],
            [
              81.04121806,
              21.22980546
            ],
            [
              81.04133982,
              21.22974568
            ],
            [
              81.04148816,
              21.22969407
            ],
            [
              81.04164537,
              21.22964079
            ],
            [
              81.04183288,
              21.22957868
            ],
            [
              81.0419036,
              21.22956235
            ],
            [
              81.04193859,
              21.22954989
            ],
            [
              81.04199263,
              21.22952005
            ],
            [
              81.04219248,
              21.22939718
            ],
            [
              81.04236528,
              21.22929773
            ],
            [
              81.04252905,
              21.22916876
            ],
            [
              81.04255617,
              21.22914885
            ],
            [
              81.04255804,
              21.22911891
            ],
            [
              81.04288381,
              21.22895419
            ],
            [
              81.04290057,
              21.22895116
            ],
            [
              81.04292118,
              21.22893529
            ],
            [
              81.0434964,
              21.22836221
            ],
            [
              81.04379353,
              21.22808112
            ],
            [
              81.04401366,
              21.22785325
            ]
          ]
        ]
      },
      "geometry_name": "geom",
      "properties": {
        "gid": 20,
        "objectid": 62,
        "industrial": "MAHROOMKHURD",
        "location": "MAHROOMKHURD",
        "industri_1": "MAHROOMKHURD",
        "show_yn": "YES",
        "st_area_sh": 3.57686185965e-05,
        "st_length_": 0.0668373238685
      }
    },
    {
      "type": "Feature",
      "id": "csidc_industrial_area_outer_boundary.fid-23377b7a_19c5672bde0_5c18",
      "geometry": {
        "type": "Polygon",
        "coordinates": [
          [
            [
              81.399323,
              21.2395948
            ],
            [
              81.39926208,
              21.23953742
            ],
            [
              81.39929906,
              21.23954051
            ],
            [
              81.39934778,
              21.23953287
            ],
            [
              81.39938417,
              21.23947823
            ],
            [
              81.39943502,
              21.23908753
            ],
            [
              81.39952876,
              21.23866726
            ],
            [
              81.39958988,
              21.23839327
            ],
            [
              81.39965055,
              21.23812128
            ],
            [
              81.39969751,
              21.23790668
            ],
            [
              81.39976868,
              21.23758148
            ],
            [
              81.39979645,
              21.23745532
            ],
            [
              81.39988993,
              21.23703058
            ],
            [
              81.39994085,
              21.23679922
            ],
            [
              81.39997984,
              21.23662359
            ],
            [
              81.40006613,
              21.23623492
            ],
            [
              81.40007017,
              21.23621669
            ],
            [
              81.40007256,
              21.23620594
            ],
            [
              81.40014207,
              21.23589001
            ],
            [
              81.40020471,
              21.23560531
            ],
            [
              81.40021255,
              21.23556867
            ],
            [
              81.40030499,
              21.23513644
            ],
            [
              81.40031658,
              21.23508223
            ],
            [
              81.40033305,
              21.23500465
            ],
            [
              81.40042169,
              21.23458704
            ],
            [
              81.40044829,
              21.23446171
            ],
            [
              81.40049028,
              21.2342682
            ],
            [
              81.40055944,
              21.23394945
            ],
            [
              81.40057455,
              21.2338798
            ],
            [
              81.40067676,
              21.2334186
            ],
            [
              81.40069281,
              21.23334617
            ],
            [
              81.40079809,
              21.23286092
            ],
            [
              81.4008259,
              21.23273272
            ],
            [
              81.40083281,
              21.23270151
            ],
            [
              81.40091712,
              21.23232111
            ],
            [
              81.40093185,
              21.23225464
            ],
            [
              81.40101602,
              21.23186973
            ],
            [
              81.40103568,
              21.23177984
            ],
            [
              81.40107788,
              21.23157165
            ],
            [
              81.40110985,
              21.23142662
            ],
            [
              81.40114818,
              21.23125273
            ],
            [
              81.40119944,
              21.23100114
            ],
            [
              81.40123485,
              21.23082738
            ],
            [
              81.4012714,
              21.23077047
            ],
            [
              81.40127607,
              21.23070396
            ],
            [
              81.40128521,
              21.23058043
            ],
            [
              81.4009067,
              21.23048227
            ],
            [
              81.40059624,
              21.2304215
            ],
            [
              81.40044954,
              21.23039162
            ],
            [
              81.40026069,
              21.23035314
            ],
            [
              81.39960565,
              21.23022465
            ],
            [
              81.39959921,
              21.23022314
            ],
            [
              81.39960204,
              21.23018329
            ],
            [
              81.40092833,
              21.23046021
            ],
            [
              81.40130272,
              21.23052772
            ],
            [
              81.40135644,
              21.23053956
            ],
            [
              81.40135324,
              21.2305861
            ],
            [
              81.40126433,
              21.23095159
            ],
            [
              81.40105296,
              21.2318204
            ],
            [
              81.40082984,
              21.23286939
            ],
            [
              81.4004734,
              21.23447644
            ],
            [
              81.40034919,
              21.23504798
            ],
            [
              81.40032558,
              21.23519908
            ],
            [
              81.40023987,
              21.23561712
            ],
            [
              81.40020973,
              21.23575942
            ],
            [
              81.3996783,
              21.23818835
            ],
            [
              81.39946888,
              21.23905401
            ],
            [
              81.39938963,
              21.23962703
            ],
            [
              81.39942675,
              21.23962865
            ],
            [
              81.39946567,
              21.23963427
            ],
            [
              81.39957489,
              21.23907655
            ],
            [
              81.39978455,
              21.23820986
            ],
            [
              81.40031628,
              21.23577958
            ],
            [
              81.40034655,
              21.23563666
            ],
            [
              81.40043277,
              21.23521609
            ],
            [
              81.40043728,
              21.23518724
            ],
            [
              81.40043831,
              21.23518304
            ],
            [
              81.40044003,
              21.23517905
            ],
            [
              81.40044241,
              21.23517536
            ],
            [
              81.40044538,
              21.23517207
            ],
            [
              81.40044886,
              21.23516926
            ],
            [
              81.40045278,
              21.23516701
            ],
            [
              81.40045703,
              21.23516537
            ],
            [
              81.40046151,
              21.23516438
            ],
            [
              81.40046609,
              21.23516407
            ],
            [
              81.40047067,
              21.23516444
            ],
            [
              81.40047513,
              21.23516549
            ],
            [
              81.40077434,
              21.23526015
            ],
            [
              81.40080207,
              21.2351831
            ],
            [
              81.4008298,
              21.23510605
            ],
            [
              81.40049627,
              21.23500053
            ],
            [
              81.40049201,
              21.23499882
            ],
            [
              81.40048809,
              21.23499648
            ],
            [
              81.40048462,
              21.23499359
            ],
            [
              81.4004817,
              21.23499021
            ],
            [
              81.40047938,
              21.23498644
            ],
            [
              81.40047774,
              21.23498237
            ],
            [
              81.40047681,
              21.23497811
            ],
            [
              81.40047663,
              21.23497376
            ],
            [
              81.40047719,
              21.23496944
            ],
            [
              81.40057986,
              21.23449699
            ],
            [
              81.40093121,
              21.23291289
            ],
            [
              81.40093265,
              21.23290839
            ],
            [
              81.4009349,
              21.23290419
            ],
            [
              81.40093789,
              21.23290041
            ],
            [
              81.40094153,
              21.23289718
            ],
            [
              81.40094571,
              21.23289459
            ],
            [
              81.40095031,
              21.23289271
            ],
            [
              81.40095518,
              21.23289161
            ],
            [
              81.40096019,
              21.23289131
            ],
            [
              81.40096517,
              21.23289183
            ],
            [
              81.40131306,
              21.23295687
            ],
            [
              81.40133034,
              21.23287718
            ],
            [
              81.40134698,
              21.23279738
            ],
            [
              81.4009993,
              21.23273237
            ],
            [
              81.40099446,
              21.23273104
            ],
            [
              81.40098994,
              21.23272895
            ],
            [
              81.40098588,
              21.23272616
            ],
            [
              81.4009824,
              21.23272274
            ],
            [
              81.4009796,
              21.23271881
            ],
            [
              81.40097757,
              21.23271449
            ],
            [
              81.40097637,
              21.2327099
            ],
            [
              81.40097605,
              21.23270518
            ],
            [
              81.4009766,
              21.23270049
            ],
            [
              81.40115926,
              21.2318417
            ],
            [
              81.40137029,
              21.23097425
            ],
            [
              81.40146114,
              21.2306008
            ],
            [
              81.40146382,
              21.23056195
            ],
            [
              81.401619,
              21.23059295
            ],
            [
              81.40163364,
              21.23054378
            ],
            [
              81.40164828,
              21.2304946
            ],
            [
              81.40142552,
              21.23045011
            ],
            [
              81.40132543,
              21.23042805
            ],
            [
              81.40095041,
              21.23036042
            ],
            [
              81.39960935,
              21.23008041
            ],
            [
              81.39961633,
              21.22998221
            ],
            [
              81.3994383,
              21.22997881
            ],
            [
              81.39958359,
              21.22963842
            ],
            [
              81.39953313,
              21.22961949
            ],
            [
              81.39948268,
              21.22960055
            ],
            [
              81.39932281,
              21.22997513
            ],
            [
              81.39913557,
              21.22995218
            ],
            [
              81.39905991,
              21.23101689
            ],
            [
              81.39902756,
              21.23122787
            ],
            [
              81.39894376,
              21.23198161
            ],
            [
              81.39880977,
              21.23317872
            ],
            [
              81.39857898,
              21.23528672
            ],
            [
              81.39857042,
              21.23536441
            ],
            [
              81.39857014,
              21.23536696
            ],
            [
              81.39848022,
              21.23541846
            ],
            [
              81.39845608,
              21.23555111
            ],
            [
              81.39854381,
              21.23560588
            ],
            [
              81.39851188,
              21.23589567
            ],
            [
              81.39845034,
              21.23645419
            ],
            [
              81.39843323,
              21.23660949
            ],
            [
              81.39829615,
              21.23784328
            ],
            [
              81.39814324,
              21.23922308
            ],
            [
              81.39807976,
              21.23980835
            ],
            [
              81.398195,
              21.23979404
            ],
            [
              81.39842056,
              21.23977207
            ],
            [
              81.3984205,
              21.23977159
            ],
            [
              81.39863895,
              21.2395612
            ],
            [
              81.39867363,
              21.23955343
            ],
            [
              81.39868118,
              21.23956568
            ],
            [
              81.39874484,
              21.23965584
            ],
            [
              81.39881421,
              21.23974222
            ],
            [
              81.39888903,
              21.23982451
            ],
            [
              81.39896903,
              21.2399024
            ],
            [
              81.39905391,
              21.23997561
            ],
            [
              81.39914336,
              21.24004386
            ],
            [
              81.39923706,
              21.24010691
            ],
            [
              81.39933465,
              21.24016452
            ],
            [
              81.39974074,
              21.24044914
            ],
            [
              81.40002926,
              21.24008731
            ],
            [
              81.39960031,
              21.23978667
            ],
            [
              81.39952644,
              21.23974472
            ],
            [
              81.39945543,
              21.23969864
            ],
            [
              81.39938754,
              21.23964861
            ],
            [
              81.399323,
              21.2395948
            ]
          ]
        ]
      },
      "geometry_name": "geom",
      "properties": {
        "gid": 11,
        "objectid": 32,
        "industrial": "RAIL PARK",
        "location": "RAIL PARK",
        "industri_1": "RAIL PARK",
        "show_yn": "YES",
        "st_area_sh": 1.80380356339e-05,
        "st_length_": 0.0501201346656
      }
    },
    {
      "type": "Feature",
      "id": "csidc_industrial_area_outer_boundary.fid-23377b7a_19c5672bde0_5c19",
      "geometry": {
        "type": "Polygon",
        "coordinates": [
          [
            [
              81.84303724,
              22.08017026
            ],
            [
              81.84301335,
              22.07995313
            ],
            [
              81.84289244,
              22.07897177
            ],
            [
              81.84285642,
              22.07878909
            ],
            [
              81.84280377,
              22.07852206
            ],
            [
              81.84264619,
              22.0777229
            ],
            [
              81.84206826,
              22.07684205
            ],
            [
              81.84204796,
              22.07681158
            ],
            [
              81.84203328,
              22.07678955
            ],
            [
              81.84155068,
              22.07606524
            ],
            [
              81.84130765,
              22.07570621
            ],
            [
              81.84117767,
              22.07551419
            ],
            [
              81.84101747,
              22.07527964
            ],
            [
              81.8409918,
              22.07524206
            ],
            [
              81.84067882,
              22.07558441
            ],
            [
              81.84055755,
              22.07569781
            ],
            [
              81.84046729,
              22.07573671
            ],
            [
              81.84036695,
              22.07576226
            ],
            [
              81.84029163,
              22.07576032
            ],
            [
              81.84027755,
              22.07583989
            ],
            [
              81.84024113,
              22.07594162
            ],
            [
              81.84020017,
              22.07600604
            ],
            [
              81.84016585,
              22.07606
            ],
            [
              81.84014541,
              22.07607681
            ],
            [
              81.84004115,
              22.07616259
            ],
            [
              81.83998496,
              22.07619377
            ],
            [
              81.83988008,
              22.07625199
            ],
            [
              81.83955833,
              22.07636827
            ],
            [
              81.8389708,
              22.0767145
            ],
            [
              81.83902071,
              22.07682579
            ],
            [
              81.83861405,
              22.07703142
            ],
            [
              81.83819068,
              22.07718075
            ],
            [
              81.83805713,
              22.07702085
            ],
            [
              81.83765181,
              22.07722327
            ],
            [
              81.83778682,
              22.07750903
            ],
            [
              81.83788387,
              22.07771444
            ],
            [
              81.83787898,
              22.07771696
            ],
            [
              81.83747783,
              22.07792366
            ],
            [
              81.83733448,
              22.07771779
            ],
            [
              81.83724755,
              22.07755415
            ],
            [
              81.83702238,
              22.07760269
            ],
            [
              81.83705586,
              22.07778723
            ],
            [
              81.83696355,
              22.077803
            ],
            [
              81.83704713,
              22.07811939
            ],
            [
              81.83705815,
              22.07837369
            ],
            [
              81.83706282,
              22.0786187
            ],
            [
              81.83732893,
              22.07914459
            ],
            [
              81.83745956,
              22.07940276
            ],
            [
              81.83752222,
              22.07952659
            ],
            [
              81.83738349,
              22.07956923
            ],
            [
              81.83776692,
              22.08029102
            ],
            [
              81.8379595,
              22.08023818
            ],
            [
              81.83829327,
              22.0801466
            ],
            [
              81.83851353,
              22.08010617
            ],
            [
              81.83911435,
              22.07999588
            ],
            [
              81.83947064,
              22.08062072
            ],
            [
              81.83979339,
              22.08060925
            ],
            [
              81.84055939,
              22.08058203
            ],
            [
              81.84073433,
              22.08057581
            ],
            [
              81.84170625,
              22.08054127
            ],
            [
              81.84193951,
              22.08053297
            ],
            [
              81.84230189,
              22.08052009
            ],
            [
              81.84278785,
              22.08050282
            ],
            [
              81.84307272,
              22.08049269
            ],
            [
              81.84303724,
              22.08017026
            ]
          ]
        ]
      },
      "geometry_name": "geom",
      "properties": {
        "gid": 15,
        "objectid": 56,
        "industrial": "KHAMARIA INDUSTRIAL AREA",
        "location": "KHAMARIA",
        "industri_1": "KHAMARIA INDUSTRIAL AREA",
        "show_yn": "YES",
        "st_area_sh": 2.12721088846e-05,
        "st_length_": 0.0205391221988
      }
    },
    {
      "type": "Feature",
      "id": "csidc_industrial_area_outer_boundary.fid-23377b7a_19c5672bde0_5c1a",
      "geometry": {
        "type": "Polygon",
        "coordinates": [
          [
            [
              81.79497629,
              21.21273089
            ],
            [
              81.79516821,
              21.21326936
            ],
            [
              81.79547726,
              21.21316622
            ],
            [
              81.79605302,
              21.21297407
            ],
            [
              81.79598555,
              21.21278716
            ],
            [
              81.79586534,
              21.21245418
            ],
            [
              81.79574463,
              21.21211984
            ],
            [
              81.79562513,
              21.2117888
            ],
            [
              81.79550499,
              21.21145603
            ],
            [
              81.79547592,
              21.21137549
            ],
            [
              81.7953855,
              21.21112505
            ],
            [
              81.7952655,
              21.21079263
            ],
            [
              81.79514549,
              21.2104602
            ],
            [
              81.79502548,
              21.21012778
            ],
            [
              81.79490547,
              21.20979536
            ],
            [
              81.79489204,
              21.20975815
            ],
            [
              81.79468982,
              21.20965649
            ],
            [
              81.79446882,
              21.20959593
            ],
            [
              81.79400001,
              21.20962779
            ],
            [
              81.79364498,
              21.20958578
            ],
            [
              81.79370694,
              21.20985268
            ],
            [
              81.7936711,
              21.21017615
            ],
            [
              81.79309624,
              21.2102592
            ],
            [
              81.79276633,
              21.21021465
            ],
            [
              81.79264863,
              21.21009043
            ],
            [
              81.79254733,
              21.21020673
            ],
            [
              81.79247318,
              21.2102063
            ],
            [
              81.7926023,
              21.21056398
            ],
            [
              81.79260807,
              21.21057995
            ],
            [
              81.79268459,
              21.21079193
            ],
            [
              81.79271093,
              21.21086488
            ],
            [
              81.7927806,
              21.21105787
            ],
            [
              81.7928766,
              21.21132381
            ],
            [
              81.7929726,
              21.21158975
            ],
            [
              81.79306861,
              21.21185569
            ],
            [
              81.79316461,
              21.21212163
            ],
            [
              81.79326061,
              21.21238757
            ],
            [
              81.79336905,
              21.21268795
            ],
            [
              81.79345262,
              21.21291944
            ],
            [
              81.79374983,
              21.21374273
            ],
            [
              81.7941331,
              21.21361482
            ],
            [
              81.79459242,
              21.21346153
            ],
            [
              81.7944653,
              21.21308166
            ],
            [
              81.79431829,
              21.21264232
            ],
            [
              81.79431497,
              21.21263166
            ],
            [
              81.79487439,
              21.21244497
            ],
            [
              81.79497608,
              21.21273029
            ],
            [
              81.79497629,
              21.21273089
            ]
          ]
        ]
      },
      "geometry_name": "geom",
      "properties": {
        "gid": null,
        "objectid": 0,
        "industrial": "READYMADE GARMENTS PARK NAVA RAIPUR",
        "location": "Sector-5 Nava Raipur Atal Nagar",
        "industri_1": "READYMADE GARMENTS PARK NAVA RAIPUR",
        "show_yn": "YES",
        "st_area_sh": 0.0,
        "st_length_": 0.0
      }
    },
    {
      "type": "Feature",
      "id": "csidc_industrial_area_outer_boundary.fid-23377b7a_19c5672bde0_5c1b",
      "geometry": {
        "type": "Polygon",
        "coordinates": [
          [
            [
              81.75644286,
              21.1710047
            ],
            [
              81.75568982,
              21.1689681
            ],
            [
              81.75565986,
              21.16888709
            ],
            [
              81.75558514,
              21.168685
            ],
            [
              81.75555375,
              21.16860009
            ],
            [
              81.75544245,
              21.1682991
            ],
            [
              81.75536635,
              21.16809327
            ],
            [
              81.75475912,
              21.16645104
            ],
            [
              81.75468302,
              21.1662452
            ],
            [
              81.75410988,
              21.16469517
            ],
            [
              81.75409482,
              21.16465442
            ],
            [
              81.75346939,
              21.16486426
            ],
            [
              81.75238859,
              21.16522686
            ],
            [
              81.75138228,
              21.16556447
            ],
            [
              81.7513215,
              21.16539994
            ],
            [
              81.75103647,
              21.16462826
            ],
            [
              81.75103319,
              21.16461939
            ],
            [
              81.75098698,
              21.16449426
            ],
            [
              81.75074255,
              21.16383252
            ],
            [
              81.75066651,
              21.16362666
            ],
            [
              81.75066695,
              21.16362651
            ],
            [
              81.75025703,
              21.16251805
            ],
            [
              81.75024815,
              21.16249403
            ],
            [
              81.74955893,
              21.16272662
            ],
            [
              81.74868005,
              21.16302321
            ],
            [
              81.74791069,
              21.16328284
            ],
            [
              81.74790414,
              21.16328504
            ],
            [
              81.74787542,
              21.16329474
            ],
            [
              81.74819302,
              21.1643502
            ],
            [
              81.74851956,
              21.16542222
            ],
            [
              81.74882471,
              21.16642398
            ],
            [
              81.74905701,
              21.16758889
            ],
            [
              81.7492133,
              21.16882938
            ],
            [
              81.749243,
              21.16884593
            ],
            [
              81.749244,
              21.16885767
            ],
            [
              81.74985715,
              21.16918912
            ],
            [
              81.74985707,
              21.16918809
            ],
            [
              81.75035331,
              21.16946462
            ],
            [
              81.75146094,
              21.17008181
            ],
            [
              81.75265669,
              21.17074809
            ],
            [
              81.75387012,
              21.17142424
            ],
            [
              81.7549508,
              21.17202641
            ],
            [
              81.75576888,
              21.17248226
            ],
            [
              81.75586959,
              21.17253837
            ],
            [
              81.75619767,
              21.17272118
            ],
            [
              81.75630224,
              21.17277946
            ],
            [
              81.75699426,
              21.17316506
            ],
            [
              81.75703386,
              21.17318713
            ],
            [
              81.7570139,
              21.17321819
            ],
            [
              81.75654783,
              21.17394353
            ],
            [
              81.75648277,
              21.17404478
            ],
            [
              81.75632021,
              21.17429777
            ],
            [
              81.75625871,
              21.17439348
            ],
            [
              81.75582197,
              21.17507319
            ],
            [
              81.75525128,
              21.17596134
            ],
            [
              81.75555257,
              21.17612996
            ],
            [
              81.75563079,
              21.17617373
            ],
            [
              81.7558619,
              21.17630307
            ],
            [
              81.75593822,
              21.17634578
            ],
            [
              81.75617173,
              21.17647646
            ],
            [
              81.75627139,
              21.17653224
            ],
            [
              81.75735165,
              21.17713418
            ],
            [
              81.75804783,
              21.1775221
            ],
            [
              81.75840739,
              21.17772245
            ],
            [
              81.75858745,
              21.17782278
            ],
            [
              81.75906156,
              21.17808697
            ],
            [
              81.75882611,
              21.1774502
            ],
            [
              81.75855813,
              21.17672545
            ],
            [
              81.75644286,
              21.1710047
            ]
          ]
        ]
      },
      "geometry_name": "geom",
      "properties": {
        "gid": null,
        "objectid": 0,
        "industrial": "PHARMACEUTICAL PARK NAVA RAIPUR",
        "location": "Sector-22 Nava Raipur Atal Nagar",
        "industri_1": "PHARMACEUTICAL PARK NAVA RAIPUR",
        "show_yn": "YES",
        "st_area_sh": 0.0,
        "st_length_": 0.0
      }
    },
    {
      "type": "Feature",
      "id": "csidc_industrial_area_outer_boundary.fid-23377b7a_19c5672bde0_5c1c",
      "geometry": {
        "type": "Polygon",
        "coordinates": [
          [
            [
              81.69281373,
              20.96651838
            ],
            [
              81.69254801,
              20.96627457
            ],
            [
              81.6925022,
              20.96629751
            ],
            [
              81.69246814,
              20.96623709
            ],
            [
              81.69247772,
              20.9664234
            ],
            [
              81.69244366,
              20.96636298
            ],
            [
              81.69236506,
              20.96640233
            ],
            [
              81.69248771,
              20.96651487
            ],
            [
              81.69244086,
              20.96651466
            ],
            [
              81.69215888,
              20.96651336
            ],
            [
              81.69196561,
              20.96651193
            ],
            [
              81.69198877,
              20.9665914
            ],
            [
              81.69202592,
              20.96671884
            ],
            [
              81.69216624,
              20.96723837
            ],
            [
              81.69239466,
              20.96809897
            ],
            [
              81.692504,
              20.96849147
            ],
            [
              81.69253053,
              20.96861506
            ],
            [
              81.69270579,
              20.96866738
            ],
            [
              81.69269445,
              20.96875809
            ],
            [
              81.69267968,
              20.9688762
            ],
            [
              81.69267419,
              20.96890962
            ],
            [
              81.69265564,
              20.96902259
            ],
            [
              81.69261846,
              20.96919395
            ],
            [
              81.69263435,
              20.96919829
            ],
            [
              81.69261552,
              20.96923446
            ],
            [
              81.6924899,
              20.96934211
            ],
            [
              81.69242107,
              20.96939818
            ],
            [
              81.69234515,
              20.96942138
            ],
            [
              81.69437633,
              20.97084998
            ],
            [
              81.69443089,
              20.97088836
            ],
            [
              81.69456519,
              20.97082525
            ],
            [
              81.69486725,
              20.97072261
            ],
            [
              81.69506709,
              20.9706547
            ],
            [
              81.69527897,
              20.97058726
            ],
            [
              81.69540422,
              20.9705474
            ],
            [
              81.69552876,
              20.97050776
            ],
            [
              81.69570196,
              20.97045264
            ],
            [
              81.69578004,
              20.97043011
            ],
            [
              81.69575187,
              20.97037855
            ],
            [
              81.69561144,
              20.9701215
            ],
            [
              81.69530304,
              20.96956582
            ],
            [
              81.69510455,
              20.96916046
            ],
            [
              81.69489053,
              20.9687892
            ],
            [
              81.69476304,
              20.96857456
            ],
            [
              81.69458999,
              20.96832472
            ],
            [
              81.69454335,
              20.96821754
            ],
            [
              81.69445579,
              20.96813536
            ],
            [
              81.69433534,
              20.96800653
            ],
            [
              81.69418229,
              20.96786139
            ],
            [
              81.6941155,
              20.96779918
            ],
            [
              81.69396529,
              20.96765325
            ],
            [
              81.69381573,
              20.96749453
            ],
            [
              81.69364629,
              20.96731233
            ],
            [
              81.69349146,
              20.96713182
            ],
            [
              81.69341338,
              20.96703812
            ],
            [
              81.69333189,
              20.96693881
            ],
            [
              81.69323763,
              20.96683242
            ],
            [
              81.69311817,
              20.96668687
            ],
            [
              81.69293942,
              20.96652285
            ],
            [
              81.69281373,
              20.96651838
            ]
          ]
        ]
      },
      "geometry_name": "geom",
      "properties": {
        "gid": null,
        "objectid": 0,
        "industrial": "Industrial Area G-Jamgoan",
        "location": "G-Jamgoan",
        "industri_1": "Industrial Area G-Jamgoan",
        "show_yn": "yes",
        "st_area_sh": 0.0,
        "st_length_": 0.0
      }
    },
    {
      "type": "Feature",
      "id": "csidc_industrial_area_outer_boundary.fid-23377b7a_19c5672bde0_5c1d",
      "geometry": {
        "type": "Polygon",
        "coordinates": [
          [
            [
              83.85644045,
              22.51926545
            ],
            [
              83.85648649,
              22.51905177
            ],
            [
              83.85659244,
              22.51855998
            ],
            [
              83.85662638,
              22.51840246
            ],
            [
              83.85670205,
              22.51805119
            ],
            [
              83.85677773,
              22.51769991
            ],
            [
              83.85681179,
              22.51754184
            ],
            [
              83.85688759,
              22.51719002
            ],
            [
              83.85661967,
              22.51713875
            ],
            [
              83.856372,
              22.51709136
            ],
            [
              83.85612411,
              22.51704393
            ],
            [
              83.85587618,
              22.51699649
            ],
            [
              83.85562828,
              22.51694905
            ],
            [
              83.85538057,
              22.51690165
            ],
            [
              83.85513268,
              22.51685421
            ],
            [
              83.85488551,
              22.51680691
            ],
            [
              83.85488476,
              22.51680703
            ],
            [
              83.85482094,
              22.51681665
            ],
            [
              83.85464447,
              22.51678468
            ],
            [
              83.85463155,
              22.51678502
            ],
            [
              83.85437226,
              22.51679193
            ],
            [
              83.85436388,
              22.51679215
            ],
            [
              83.85414124,
              22.51676388
            ],
            [
              83.85407898,
              22.51705997
            ],
            [
              83.85404571,
              22.51721818
            ],
            [
              83.85397178,
              22.51756976
            ],
            [
              83.85389784,
              22.51792134
            ],
            [
              83.85386469,
              22.51807901
            ],
            [
              83.85386457,
              22.51807955
            ],
            [
              83.85386442,
              22.51807953
            ],
            [
              83.85383162,
              22.51823303
            ],
            [
              83.8539128,
              22.51844537
            ],
            [
              83.85409545,
              22.51847321
            ],
            [
              83.85419632,
              22.51851139
            ],
            [
              83.85436828,
              22.51857648
            ],
            [
              83.85440643,
              22.51859092
            ],
            [
              83.85454744,
              22.51860734
            ],
            [
              83.85471729,
              22.51862712
            ],
            [
              83.85472963,
              22.5186238
            ],
            [
              83.8548506,
              22.51859133
            ],
            [
              83.85488092,
              22.51861875
            ],
            [
              83.85487964,
              22.51862316
            ],
            [
              83.85477929,
              22.51896892
            ],
            [
              83.85501934,
              22.51901178
            ],
            [
              83.85521815,
              22.51904727
            ],
            [
              83.85541697,
              22.51908276
            ],
            [
              83.855417,
              22.51908257
            ],
            [
              83.85557597,
              22.5191109
            ],
            [
              83.85557607,
              22.51911091
            ],
            [
              83.85558229,
              22.51911158
            ],
            [
              83.85558271,
              22.51911156
            ],
            [
              83.85588692,
              22.51916664
            ],
            [
              83.8558873,
              22.51916671
            ],
            [
              83.85588972,
              22.51916714
            ],
            [
              83.85624164,
              22.51922996
            ],
            [
              83.85644045,
              22.51926545
            ]
          ],
          [
            [
              83.85562054,
              22.51909027
            ],
            [
              83.85562144,
              22.51908849
            ],
            [
              83.85562324,
              22.51908277
            ],
            [
              83.85562159,
              22.5190882
            ],
            [
              83.85562144,
              22.51908849
            ],
            [
              83.85562135,
              22.51908877
            ],
            [
              83.85562054,
              22.51909027
            ],
            [
              83.855619,
              22.51909331
            ],
            [
              83.85561859,
              22.51909386
            ],
            [
              83.85562054,
              22.51909027
            ]
          ]
        ]
      },
      "geometry_name": "geom",
      "properties": {
        "gid": null,
        "objectid": 1,
        "industrial": "FARSABAHAR",
        "location": "FARSABAHAR",
        "industri_1": "FARSABAHAR",
        "show_yn": "YES",
        "st_area_sh": 0.0,
        "st_length_": 0.0
      }
    },
    {
      "type": "Feature",
      "id": "csidc_industrial_area_outer_boundary.fid-23377b7a_19c5672bde0_5c1e",
      "geometry": {
        "type": "MultiPolygon",
        "coordinates": [
          [
            [
              [
                81.59447207,
                21.28790537
              ],
              [
                81.59483158,
                21.28784877
              ],
              [
                81.59481798,
                21.28769599
              ],
              [
                81.59510351,
                21.28774253
              ],
              [
                81.59511653,
                21.28766433
              ],
              [
                81.59522723,
                21.28753297
              ],
              [
                81.59544109,
                21.28734228
              ],
              [
                81.59542406,
                21.28711059
              ],
              [
                81.59572451,
                21.28692833
              ],
              [
                81.59588811,
                21.28706841
              ],
              [
                81.59603998,
                21.28701047
              ],
              [
                81.59639769,
                21.28667932
              ],
              [
                81.59649152,
                21.28668486
              ],
              [
                81.59621139,
                21.28695887
              ],
              [
                81.59613329,
                21.28709194
              ],
              [
                81.59626257,
                21.28706864
              ],
              [
                81.59651549,
                21.28706988
              ],
              [
                81.59657843,
                21.28679823
              ],
              [
                81.59703269,
                21.28671678
              ],
              [
                81.59706869,
                21.28671032
              ],
              [
                81.59782105,
                21.28655005
              ],
              [
                81.59782588,
                21.28646498
              ],
              [
                81.59783071,
                21.28637976
              ],
              [
                81.59783529,
                21.28629917
              ],
              [
                81.5981292,
                21.28623574
              ],
              [
                81.59830695,
                21.28592514
              ],
              [
                81.59823861,
                21.28585012
              ],
              [
                81.59822132,
                21.28577287
              ],
              [
                81.59821478,
                21.28574367
              ],
              [
                81.59825574,
                21.2856826
              ],
              [
                81.59805984,
                21.28572048
              ],
              [
                81.59760212,
                21.28573162
              ],
              [
                81.59745955,
                21.2857833
              ],
              [
                81.59740175,
                21.28602919
              ],
              [
                81.59714525,
                21.28639941
              ],
              [
                81.59705355,
                21.28646429
              ],
              [
                81.5969865,
                21.28646245
              ],
              [
                81.59686903,
                21.28645924
              ],
              [
                81.59675274,
                21.28645605
              ],
              [
                81.59674874,
                21.28641749
              ],
              [
                81.59666751,
                21.28643841
              ],
              [
                81.59640859,
                21.28650509
              ],
              [
                81.59614978,
                21.28648327
              ],
              [
                81.59611269,
                21.28647605
              ],
              [
                81.59591631,
                21.28643715
              ],
              [
                81.59547655,
                21.28632738
              ],
              [
                81.59544981,
                21.28643851
              ],
              [
                81.59531762,
                21.28666077
              ],
              [
                81.5950159,
                21.28688214
              ],
              [
                81.59472544,
                21.28717206
              ],
              [
                81.59466979,
                21.28726528
              ],
              [
                81.59464383,
                21.28730976
              ],
              [
                81.59462162,
                21.28739383
              ],
              [
                81.59459629,
                21.28748156
              ],
              [
                81.59458736,
                21.28751524
              ],
              [
                81.59455972,
                21.28756703
              ],
              [
                81.59438466,
                21.28767344
              ],
              [
                81.5942942,
                21.28767816
              ],
              [
                81.59415636,
                21.2876745
              ],
              [
                81.59405533,
                21.28766544
              ],
              [
                81.59404219,
                21.287674
              ],
              [
                81.5939192,
                21.28766425
              ],
              [
                81.5936824,
                21.28767995
              ],
              [
                81.59367093,
                21.28767594
              ],
              [
                81.59343594,
                21.28759383
              ],
              [
                81.59333373,
                21.28757963
              ],
              [
                81.5932251,
                21.28758535
              ],
              [
                81.59304585,
                21.28767321
              ],
              [
                81.59278858,
                21.287879
              ],
              [
                81.5926029,
                21.28808058
              ],
              [
                81.59255248,
                21.28812854
              ],
              [
                81.5924921,
                21.28815386
              ],
              [
                81.59232124,
                21.28812507
              ],
              [
                81.59221539,
                21.28810861
              ],
              [
                81.592043,
                21.28810947
              ],
              [
                81.59196244,
                21.28812116
              ],
              [
                81.59192394,
                21.28814578
              ],
              [
                81.59188932,
                21.2881734
              ],
              [
                81.59185062,
                21.28822103
              ],
              [
                81.59184555,
                21.28822986
              ],
              [
                81.591826,
                21.28826387
              ],
              [
                81.59184012,
                21.28843341
              ],
              [
                81.59193219,
                21.2885462
              ],
              [
                81.59207294,
                21.28861997
              ],
              [
                81.59219585,
                21.28867804
              ],
              [
                81.59221772,
                21.28867877
              ],
              [
                81.59223791,
                21.28865162
              ],
              [
                81.59229915,
                21.28856926
              ],
              [
                81.59242664,
                21.28846416
              ],
              [
                81.59254741,
                21.28836818
              ],
              [
                81.59265585,
                21.288282
              ],
              [
                81.59280128,
                21.28816542
              ],
              [
                81.59311921,
                21.28790043
              ],
              [
                81.59314962,
                21.28796021
              ],
              [
                81.59306375,
                21.28804861
              ],
              [
                81.5928773,
                21.2882277
              ],
              [
                81.5928485,
                21.28824904
              ],
              [
                81.59283139,
                21.28826017
              ],
              [
                81.59268408,
                21.28837082
              ],
              [
                81.59260462,
                21.28842968
              ],
              [
                81.59258477,
                21.28844439
              ],
              [
                81.59236205,
                21.28863363
              ],
              [
                81.59229083,
                21.28870851
              ],
              [
                81.59226276,
                21.28873804
              ],
              [
                81.59229198,
                21.28881303
              ],
              [
                81.59241267,
                21.28915694
              ],
              [
                81.59247714,
                21.28939438
              ],
              [
                81.5924949,
                21.28946417
              ],
              [
                81.59254059,
                21.28978524
              ],
              [
                81.59272714,
                21.28988169
              ],
              [
                81.59286547,
                21.28994007
              ],
              [
                81.59300633,
                21.28998575
              ],
              [
                81.59303888,
                21.28992972
              ],
              [
                81.59304245,
                21.28992334
              ],
              [
                81.5930629,
                21.28988674
              ],
              [
                81.59303625,
                21.28961517
              ],
              [
                81.59312133,
                21.28960597
              ],
              [
                81.59299792,
                21.28878402
              ],
              [
                81.59292885,
                21.28856674
              ],
              [
                81.59291187,
                21.28850372
              ],
              [
                81.59321969,
                21.28837746
              ],
              [
                81.59332178,
                21.28833352
              ],
              [
                81.59354923,
                21.28823564
              ],
              [
                81.59359528,
                21.28815008
              ],
              [
                81.59417073,
                21.28808792
              ],
              [
                81.59446515,
                21.28808548
              ],
              [
                81.59447207,
                21.28790537
              ]
            ]
          ],
          [
            [
              [
                81.58987299,
                21.29378356
              ],
              [
                81.58992539,
                21.29377596
              ],
              [
                81.5900473,
                21.29378065
              ],
              [
                81.59012173,
                21.29378047
              ],
              [
                81.59015944,
                21.2938046
              ],
              [
                81.59018836,
                21.2938338
              ],
              [
                81.59021035,
                21.29382245
              ],
              [
                81.59023665,
                21.2938193
              ],
              [
                81.59027179,
                21.29380705
              ],
              [
                81.59029411,
                21.29376076
              ],
              [
                81.59031956,
                21.29369172
              ],
              [
                81.59033437,
                21.29366803
              ],
              [
                81.59036659,
                21.29365567
              ],
              [
                81.59039296,
                21.29364447
              ],
              [
                81.59043101,
                21.29363231
              ],
              [
                81.59049518,
                21.29363717
              ],
              [
                81.59055669,
                21.2936137
              ],
              [
                81.59058785,
                21.2935583
              ],
              [
                81.5906096,
                21.29350948
              ],
              [
                81.59062236,
                21.29349345
              ],
              [
                81.5906558,
                21.29351588
              ],
              [
                81.59067072,
                21.29355836
              ],
              [
                81.59069706,
                21.29361249
              ],
              [
                81.59067486,
                21.2936688
              ],
              [
                81.59069014,
                21.29369118
              ],
              [
                81.59074425,
                21.29373856
              ],
              [
                81.59076372,
                21.29373789
              ],
              [
                81.59094234,
                21.29373169
              ],
              [
                81.5909913,
                21.29372999
              ],
              [
                81.59109698,
                21.29372003
              ],
              [
                81.59116498,
                21.29363731
              ],
              [
                81.59125348,
                21.2935587
              ],
              [
                81.59131528,
                21.29350082
              ],
              [
                81.59137334,
                21.29345276
              ],
              [
                81.59138132,
                21.29344779
              ],
              [
                81.59139305,
                21.2934377
              ],
              [
                81.59140959,
                21.29344098
              ],
              [
                81.59149199,
                21.29340026
              ],
              [
                81.59152975,
                21.29334888
              ],
              [
                81.59156516,
                21.29328369
              ],
              [
                81.59156931,
                21.293039
              ],
              [
                81.59161531,
                21.29297036
              ],
              [
                81.59153924,
                21.29283909
              ],
              [
                81.59153925,
                21.29283132
              ],
              [
                81.59153784,
                21.29275934
              ],
              [
                81.59153633,
                21.29267382
              ],
              [
                81.59153823,
                21.292644
              ],
              [
                81.5915858,
                21.29258775
              ],
              [
                81.59161765,
                21.29256452
              ],
              [
                81.59165191,
                21.29255119
              ],
              [
                81.59170394,
                21.29253597
              ],
              [
                81.59173426,
                21.29253716
              ],
              [
                81.59199257,
                21.29253274
              ],
              [
                81.59212342,
                21.29253051
              ],
              [
                81.59222364,
                21.29253158
              ],
              [
                81.59238978,
                21.2925318
              ],
              [
                81.59258239,
                21.29253521
              ],
              [
                81.59267057,
                21.29268881
              ],
              [
                81.59272385,
                21.29274116
              ],
              [
                81.59280151,
                21.29277691
              ],
              [
                81.59279728,
                21.29268503
              ],
              [
                81.5927862,
                21.29244426
              ],
              [
                81.5927255,
                21.29218037
              ],
              [
                81.59267792,
                21.29201352
              ],
              [
                81.59262133,
                21.29181571
              ],
              [
                81.59252034,
                21.29146318
              ],
              [
                81.59249937,
                21.29145519
              ],
              [
                81.59242085,
                21.29140403
              ],
              [
                81.59238221,
                21.29131056
              ],
              [
                81.59234805,
                21.29128618
              ],
              [
                81.59230774,
                21.29125294
              ],
              [
                81.59228427,
                21.29123581
              ],
              [
                81.59220318,
                21.29120627
              ],
              [
                81.59182301,
                21.29104192
              ],
              [
                81.59155952,
                21.2908905
              ],
              [
                81.59150225,
                21.29092559
              ],
              [
                81.59147484,
                21.29099253
              ],
              [
                81.59161029,
                21.29122601
              ],
              [
                81.5917652,
                21.29149656
              ],
              [
                81.5917339,
                21.29162199
              ],
              [
                81.59171242,
                21.29170803
              ],
              [
                81.59175778,
                21.29176634
              ],
              [
                81.59177915,
                21.29185922
              ],
              [
                81.59177127,
                21.29221812
              ],
              [
                81.59177252,
                21.29230244
              ],
              [
                81.5917243,
                21.29235765
              ],
              [
                81.59171752,
                21.2922992
              ],
              [
                81.59169949,
                21.29210421
              ],
              [
                81.59165907,
                21.29187849
              ],
              [
                81.59164262,
                21.29178657
              ],
              [
                81.59160823,
                21.29180902
              ],
              [
                81.59150229,
                21.29190381
              ],
              [
                81.59139207,
                21.29198372
              ],
              [
                81.59122386,
                21.29198295
              ],
              [
                81.59107437,
                21.29197791
              ],
              [
                81.5909522,
                21.29190738
              ],
              [
                81.59083011,
                21.29182701
              ],
              [
                81.59074033,
                21.29171822
              ],
              [
                81.59068507,
                21.29163027
              ],
              [
                81.59068056,
                21.29154158
              ],
              [
                81.59071305,
                21.29149349
              ],
              [
                81.59076452,
                21.29141406
              ],
              [
                81.59089053,
                21.29135929
              ],
              [
                81.59090442,
                21.29130073
              ],
              [
                81.59073885,
                21.29130309
              ],
              [
                81.59065805,
                21.29121849
              ],
              [
                81.59054481,
                21.29108681
              ],
              [
                81.59044704,
                21.29092592
              ],
              [
                81.59043019,
                21.29090404
              ],
              [
                81.59041082,
                21.29089399
              ],
              [
                81.59037883,
                21.29091245
              ],
              [
                81.59026857,
                21.29100772
              ],
              [
                81.5901484,
                21.2910567
              ],
              [
                81.59005139,
                21.2910604
              ],
              [
                81.58995755,
                21.29104886
              ],
              [
                81.5898255,
                21.29101413
              ],
              [
                81.58980289,
                21.29100675
              ],
              [
                81.58972444,
                21.29099748
              ],
              [
                81.5896189,
                21.29098241
              ],
              [
                81.58940257,
                21.29098284
              ],
              [
                81.58921635,
                21.29099045
              ],
              [
                81.58911399,
                21.2909978
              ],
              [
                81.58904509,
                21.29101247
              ],
              [
                81.58895103,
                21.29102937
              ],
              [
                81.58880726,
                21.29106105
              ],
              [
                81.58871525,
                21.29107728
              ],
              [
                81.58862924,
                21.29110931
              ],
              [
                81.58853604,
                21.29112535
              ],
              [
                81.58844045,
                21.29119513
              ],
              [
                81.58837795,
                21.29123688
              ],
              [
                81.58833206,
                21.29127347
              ],
              [
                81.58827657,
                21.29135321
              ],
              [
                81.58823976,
                21.29145066
              ],
              [
                81.58820284,
                21.29168129
              ],
              [
                81.58824044,
                21.29187366
              ],
              [
                81.58824851,
                21.29191275
              ],
              [
                81.58829744,
                21.29198946
              ],
              [
                81.58833005,
                21.29200868
              ],
              [
                81.58852743,
                21.292147
              ],
              [
                81.58870316,
                21.29223818
              ],
              [
                81.5888278,
                21.29230275
              ],
              [
                81.58889604,
                21.29232517
              ],
              [
                81.58893069,
                21.29239188
              ],
              [
                81.58890545,
                21.29249717
              ],
              [
                81.58884042,
                21.29263189
              ],
              [
                81.58876413,
                21.29275658
              ],
              [
                81.58867274,
                21.29290594
              ],
              [
                81.58852802,
                21.29303965
              ],
              [
                81.58847713,
                21.29308376
              ],
              [
                81.58846074,
                21.29313453
              ],
              [
                81.58845623,
                21.29319119
              ],
              [
                81.58842675,
                21.29327105
              ],
              [
                81.58846804,
                21.29334136
              ],
              [
                81.58856505,
                21.29349596
              ],
              [
                81.58860999,
                21.29354205
              ],
              [
                81.5886261,
                21.29356731
              ],
              [
                81.58875582,
                21.29363134
              ],
              [
                81.5888323,
                21.29366713
              ],
              [
                81.58895697,
                21.29374497
              ],
              [
                81.58904276,
                21.29379118
              ],
              [
                81.58907238,
                21.29380806
              ],
              [
                81.58916475,
                21.29389393
              ],
              [
                81.58917157,
                21.29388207
              ],
              [
                81.58923395,
                21.29383527
              ],
              [
                81.5892725,
                21.29380344
              ],
              [
                81.58932198,
                21.29379708
              ],
              [
                81.58935696,
                21.29378755
              ],
              [
                81.58939623,
                21.29378486
              ],
              [
                81.58943842,
                21.29377874
              ],
              [
                81.58947797,
                21.2938086
              ],
              [
                81.58956573,
                21.29386584
              ],
              [
                81.58958154,
                21.29387737
              ],
              [
                81.58959314,
                21.29388848
              ],
              [
                81.58963883,
                21.29393892
              ],
              [
                81.58965341,
                21.29395832
              ],
              [
                81.58968203,
                21.29399935
              ],
              [
                81.58973311,
                21.29397698
              ],
              [
                81.58973609,
                21.29386404
              ],
              [
                81.58973769,
                21.29380335
              ],
              [
                81.58979337,
                21.29379873
              ],
              [
                81.58981765,
                21.29379508
              ],
              [
                81.58987299,
                21.29378356
              ]
            ]
          ],
          [
            [
              [
                81.59191588,
                21.29445361
              ],
              [
                81.59193017,
                21.29443734
              ],
              [
                81.5919988,
                21.29444245
              ],
              [
                81.5920678,
                21.2944085
              ],
              [
                81.59209986,
                21.29436889
              ],
              [
                81.59210151,
                21.29436685
              ],
              [
                81.59215912,
                21.29436228
              ],
              [
                81.59221839,
                21.29439684
              ],
              [
                81.59225618,
                21.29439173
              ],
              [
                81.59229326,
                21.29437072
              ],
              [
                81.59235109,
                21.29431937
              ],
              [
                81.59238065,
                21.294292
              ],
              [
                81.59241643,
                21.29428925
              ],
              [
                81.59245221,
                21.29428651
              ],
              [
                81.59258408,
                21.29425407
              ],
              [
                81.5927514,
                21.29424244
              ],
              [
                81.59276333,
                21.29419015
              ],
              [
                81.59278986,
                21.29393458
              ],
              [
                81.59279589,
                21.29380444
              ],
              [
                81.59281193,
                21.29367663
              ],
              [
                81.59285181,
                21.29355455
              ],
              [
                81.59294286,
                21.29345391
              ],
              [
                81.59290599,
                21.29325292
              ],
              [
                81.59284445,
                21.29325393
              ],
              [
                81.59276898,
                21.29325376
              ],
              [
                81.59274012,
                21.29299187
              ],
              [
                81.59272585,
                21.29293223
              ],
              [
                81.59272453,
                21.2928973
              ],
              [
                81.59277007,
                21.29290235
              ],
              [
                81.59277427,
                21.29291646
              ],
              [
                81.59281552,
                21.29291395
              ],
              [
                81.59281809,
                21.29286669
              ],
              [
                81.59279562,
                21.29286452
              ],
              [
                81.59263061,
                21.29274495
              ],
              [
                81.59255339,
                21.29265106
              ],
              [
                81.59252471,
                21.29260355
              ],
              [
                81.59229855,
                21.29261137
              ],
              [
                81.59222334,
                21.29262315
              ],
              [
                81.59213671,
                21.29263071
              ],
              [
                81.59210518,
                21.29263283
              ],
              [
                81.59200366,
                21.29263283
              ],
              [
                81.59190699,
                21.29263033
              ],
              [
                81.59189339,
                21.29263025
              ],
              [
                81.59170409,
                21.29264128
              ],
              [
                81.59166272,
                21.29264508
              ],
              [
                81.5916074,
                21.29267382
              ],
              [
                81.59159661,
                21.29275695
              ],
              [
                81.59159534,
                21.29277154
              ],
              [
                81.59160805,
                21.29281234
              ],
              [
                81.5916264,
                21.29285867
              ],
              [
                81.5916657,
                21.29295584
              ],
              [
                81.59165812,
                21.29300786
              ],
              [
                81.59163426,
                21.29303102
              ],
              [
                81.59163097,
                21.29310568
              ],
              [
                81.59166514,
                21.2932286
              ],
              [
                81.59163748,
                21.29351425
              ],
              [
                81.59165543,
                21.29352135
              ],
              [
                81.59165277,
                21.29355444
              ],
              [
                81.59162375,
                21.29355995
              ],
              [
                81.5915269,
                21.29355768
              ],
              [
                81.59151134,
                21.2935546
              ],
              [
                81.59145995,
                21.2935527
              ],
              [
                81.59143663,
                21.29356031
              ],
              [
                81.59136953,
                21.293596
              ],
              [
                81.59133152,
                21.29361761
              ],
              [
                81.59132841,
                21.29361929
              ],
              [
                81.59128577,
                21.29364236
              ],
              [
                81.5912285,
                21.29371697
              ],
              [
                81.59118362,
                21.29379037
              ],
              [
                81.59122692,
                21.29397024
              ],
              [
                81.59126613,
                21.29413005
              ],
              [
                81.59129265,
                21.29416286
              ],
              [
                81.59132059,
                21.29419559
              ],
              [
                81.59135955,
                21.294209
              ],
              [
                81.59144284,
                21.29421376
              ],
              [
                81.5915166,
                21.29420266
              ],
              [
                81.59153831,
                21.29420965
              ],
              [
                81.5916306,
                21.29424119
              ],
              [
                81.59178032,
                21.29434812
              ],
              [
                81.59186965,
                21.29439558
              ],
              [
                81.59187251,
                21.29444749
              ],
              [
                81.59191588,
                21.29445361
              ]
            ]
          ],
          [
            [
              [
                81.59031148,
                21.29445825
              ],
              [
                81.59039498,
                21.29418324
              ],
              [
                81.59046154,
                21.29394296
              ],
              [
                81.59061259,
                21.29396586
              ],
              [
                81.59061282,
                21.29396551
              ],
              [
                81.59077115,
                21.2939899
              ],
              [
                81.59085827,
                21.29400311
              ],
              [
                81.5908578,
                21.29400625
              ],
              [
                81.59078293,
                21.29449882
              ],
              [
                81.59104448,
                21.29451046
              ],
              [
                81.59115518,
                21.29451538
              ],
              [
                81.59126589,
                21.29452031
              ],
              [
                81.59173222,
                21.29454105
              ],
              [
                81.59176608,
                21.29454256
              ],
              [
                81.5918164,
                21.29454665
              ],
              [
                81.59205135,
                21.29456577
              ],
              [
                81.59218105,
                21.29457632
              ],
              [
                81.59229381,
                21.29458549
              ],
              [
                81.59241652,
                21.29459548
              ],
              [
                81.5924197,
                21.29454332
              ],
              [
                81.59242465,
                21.29446204
              ],
              [
                81.59238985,
                21.29445722
              ],
              [
                81.59226936,
                21.29450564
              ],
              [
                81.59220758,
                21.29449909
              ],
              [
                81.59213862,
                21.29448336
              ],
              [
                81.59207559,
                21.29448123
              ],
              [
                81.59196616,
                21.29449219
              ],
              [
                81.59184852,
                21.29452658
              ],
              [
                81.59181802,
                21.29452194
              ],
              [
                81.59180662,
                21.29444928
              ],
              [
                81.59167634,
                21.29434204
              ],
              [
                81.59150476,
                21.29426072
              ],
              [
                81.59149426,
                21.29425988
              ],
              [
                81.59144839,
                21.29425818
              ],
              [
                81.59135955,
                21.29424945
              ],
              [
                81.5912793,
                21.29424268
              ],
              [
                81.59127342,
                21.29424221
              ],
              [
                81.59119567,
                21.2941609
              ],
              [
                81.59115016,
                21.29384036
              ],
              [
                81.59106953,
                21.29382063
              ],
              [
                81.59102774,
                21.29384473
              ],
              [
                81.59094193,
                21.2938865
              ],
              [
                81.59080639,
                21.29393674
              ],
              [
                81.59069841,
                21.29393327
              ],
              [
                81.59065948,
                21.29389512
              ],
              [
                81.590651,
                21.29388731
              ],
              [
                81.59060916,
                21.29385974
              ],
              [
                81.59057545,
                21.29380755
              ],
              [
                81.59049369,
                21.29372333
              ],
              [
                81.59042991,
                21.29373421
              ],
              [
                81.59038114,
                21.29377927
              ],
              [
                81.59036624,
                21.29386023
              ],
              [
                81.59030463,
                21.29389073
              ],
              [
                81.59024677,
                21.29391361
              ],
              [
                81.59019126,
                21.29390594
              ],
              [
                81.59003642,
                21.29386594
              ],
              [
                81.58989914,
                21.29385454
              ],
              [
                81.58981682,
                21.29387783
              ],
              [
                81.58981338,
                21.29399685
              ],
              [
                81.58971367,
                21.29406861
              ],
              [
                81.58968056,
                21.29406231
              ],
              [
                81.58964504,
                21.29405556
              ],
              [
                81.58960749,
                21.29401069
              ],
              [
                81.58959029,
                21.29398841
              ],
              [
                81.58953413,
                21.29392084
              ],
              [
                81.58949511,
                21.29388277
              ],
              [
                81.58942643,
                21.29386737
              ],
              [
                81.58941859,
                21.29386548
              ],
              [
                81.58932359,
                21.29388751
              ],
              [
                81.58924264,
                21.29393675
              ],
              [
                81.58917101,
                21.29398961
              ],
              [
                81.58915533,
                21.2940326
              ],
              [
                81.58908342,
                21.29425851
              ],
              [
                81.58906377,
                21.29436914
              ],
              [
                81.58907995,
                21.29443577
              ],
              [
                81.58918417,
                21.29444196
              ],
              [
                81.58928287,
                21.29438087
              ],
              [
                81.58934792,
                21.29433888
              ],
              [
                81.58954907,
                21.2942873
              ],
              [
                81.5897809,
                21.29434377
              ],
              [
                81.58988003,
                21.29447359
              ],
              [
                81.58996843,
                21.29462249
              ],
              [
                81.58999906,
                21.2947354
              ],
              [
                81.58992231,
                21.29503924
              ],
              [
                81.5898521,
                21.29520711
              ],
              [
                81.58991566,
                21.29526518
              ],
              [
                81.58996421,
                21.29530953
              ],
              [
                81.5900902,
                21.29542215
              ],
              [
                81.59018538,
                21.29496022
              ],
              [
                81.59024762,
                21.29469549
              ],
              [
                81.59031148,
                21.29445825
              ]
            ]
          ],
          [
            [
              [
                81.59093685,
                21.29617233
              ],
              [
                81.59082771,
                21.2960835
              ],
              [
                81.59072365,
                21.29604289
              ],
              [
                81.59064751,
                21.29602639
              ],
              [
                81.59053837,
                21.29602766
              ],
              [
                81.59045081,
                21.29608604
              ],
              [
                81.59038989,
                21.29610888
              ],
              [
                81.59033406,
                21.29610253
              ],
              [
                81.59028202,
                21.29602893
              ],
              [
                81.59024395,
                21.29605177
              ],
              [
                81.59012974,
                21.29606066
              ],
              [
                81.59007009,
                21.29599847
              ],
              [
                81.59001172,
                21.29603401
              ],
              [
                81.59000918,
                21.29608096
              ],
              [
                81.5899838,
                21.29613426
              ],
              [
                81.5899673,
                21.29614949
              ],
              [
                81.58992542,
                21.29615583
              ],
              [
                81.58981248,
                21.29615837
              ],
              [
                81.58980613,
                21.29621675
              ],
              [
                81.58999268,
                21.29636142
              ],
              [
                81.5905536,
                21.29642741
              ],
              [
                81.59056883,
                21.29628655
              ],
              [
                81.59097112,
                21.29622182
              ],
              [
                81.59093685,
                21.29617233
              ]
            ]
          ]
        ]
      },
      "geometry_name": "geom",
      "properties": {
        "gid": null,
        "objectid": 0,
        "industrial": "PLASTIC PARK",
        "location": "Sarora",
        "industri_1": "PLASTIC PARK",
        "show_yn": "YES",
        "st_area_sh": 0.0,
        "st_length_": 0.0
      }
    },
    {
      "type": "Feature",
      "id": "csidc_industrial_area_outer_boundary.fid-23377b7a_19c5672bde0_5c1f",
      "geometry": {
        "type": "Polygon",
        "coordinates": [
          [
            [
              82.24553344,
              22.17941872
            ],
            [
              82.24562847,
              22.17941602
            ],
            [
              82.24565811,
              22.17949068
            ],
            [
              82.24576949,
              22.17947227
            ],
            [
              82.2459174,
              22.1794506
            ],
            [
              82.2460684,
              22.1794279
            ],
            [
              82.24631032,
              22.17938999
            ],
            [
              82.24629315,
              22.17930346
            ],
            [
              82.24634055,
              22.17929393
            ],
            [
              82.24638014,
              22.17927998
            ],
            [
              82.24648581,
              22.17927004
            ],
            [
              82.24654156,
              22.1792648
            ],
            [
              82.24659141,
              22.17925893
            ],
            [
              82.24661902,
              22.17925758
            ],
            [
              82.24665104,
              22.17926281
            ],
            [
              82.24665841,
              22.17933233
            ],
            [
              82.24682823,
              22.1793
            ],
            [
              82.24700209,
              22.17926569
            ],
            [
              82.24712282,
              22.17924093
            ],
            [
              82.24709123,
              22.17919023
            ],
            [
              82.24720583,
              22.17914096
            ],
            [
              82.2472545,
              22.17912089
            ],
            [
              82.2473614,
              22.17909862
            ],
            [
              82.24746657,
              22.17907137
            ],
            [
              82.24751503,
              22.17905939
            ],
            [
              82.24754595,
              22.17905378
            ],
            [
              82.24761709,
              22.17905036
            ],
            [
              82.24763255,
              22.17908423
            ],
            [
              82.2478655,
              22.17900929
            ],
            [
              82.24795045,
              22.17898317
            ],
            [
              82.24801448,
              22.17896434
            ],
            [
              82.24805998,
              22.17894437
            ],
            [
              82.248096,
              22.17893191
            ],
            [
              82.24813397,
              22.17891995
            ],
            [
              82.24818363,
              22.17890376
            ],
            [
              82.24824645,
              22.17888915
            ],
            [
              82.24832217,
              22.17886971
            ],
            [
              82.24838791,
              22.17885585
            ],
            [
              82.24846825,
              22.17883489
            ],
            [
              82.2485425,
              22.17881326
            ],
            [
              82.24862211,
              22.1787912
            ],
            [
              82.24867615,
              22.17877432
            ],
            [
              82.2487229,
              22.17876463
            ],
            [
              82.24877454,
              22.17875982
            ],
            [
              82.24880667,
              22.17874998
            ],
            [
              82.24885785,
              22.17875048
            ],
            [
              82.24887587,
              22.17874969
            ],
            [
              82.2489124,
              22.1787428
            ],
            [
              82.24901685,
              22.17871808
            ],
            [
              82.24916539,
              22.1786857
            ],
            [
              82.24921749,
              22.17867195
            ],
            [
              82.24926082,
              22.17865956
            ],
            [
              82.24930171,
              22.17864474
            ],
            [
              82.24931362,
              22.17863603
            ],
            [
              82.24932701,
              22.17863314
            ],
            [
              82.24934406,
              22.1786321
            ],
            [
              82.2493638,
              22.17863266
            ],
            [
              82.24938815,
              22.17862806
            ],
            [
              82.24953889,
              22.17859896
            ],
            [
              82.24958809,
              22.17859171
            ],
            [
              82.24966408,
              22.1785823
            ],
            [
              82.24961952,
              22.17844132
            ],
            [
              82.24958713,
              22.17837139
            ],
            [
              82.24957313,
              22.17833609
            ],
            [
              82.24951861,
              22.17820431
            ],
            [
              82.24952855,
              22.17820255
            ],
            [
              82.24961237,
              22.17818771
            ],
            [
              82.24968664,
              22.17817333
            ],
            [
              82.2497205,
              22.17817209
            ],
            [
              82.24980158,
              22.17815222
            ],
            [
              82.24982086,
              22.17814711
            ],
            [
              82.24991941,
              22.17812099
            ],
            [
              82.24999588,
              22.17810627
            ],
            [
              82.25008812,
              22.17807297
            ],
            [
              82.25015261,
              22.17804883
            ],
            [
              82.25023321,
              22.17803064
            ],
            [
              82.25030576,
              22.17801129
            ],
            [
              82.25061548,
              22.17794254
            ],
            [
              82.25060666,
              22.1779294
            ],
            [
              82.25068456,
              22.177906
            ],
            [
              82.25075311,
              22.17788193
            ],
            [
              82.25080212,
              22.17786473
            ],
            [
              82.25091615,
              22.17782841
            ],
            [
              82.25095304,
              22.17781666
            ],
            [
              82.25101802,
              22.17779445
            ],
            [
              82.25108571,
              22.17777747
            ],
            [
              82.25116144,
              22.17776166
            ],
            [
              82.25123375,
              22.17774315
            ],
            [
              82.25127197,
              22.17773398
            ],
            [
              82.25125698,
              22.1776948
            ],
            [
              82.25124103,
              22.17765899
            ],
            [
              82.25123705,
              22.17763623
            ],
            [
              82.25123206,
              22.17759872
            ],
            [
              82.25122023,
              22.17755582
            ],
            [
              82.25121793,
              22.17752353
            ],
            [
              82.2512103,
              22.17749893
            ],
            [
              82.25119057,
              22.17742864
            ],
            [
              82.25131453,
              22.17740532
            ],
            [
              82.25143264,
              22.17738412
            ],
            [
              82.25150278,
              22.17737321
            ],
            [
              82.2515617,
              22.17736122
            ],
            [
              82.25163719,
              22.17734625
            ],
            [
              82.25171828,
              22.17733
            ],
            [
              82.25174886,
              22.17732454
            ],
            [
              82.25175359,
              22.1773237
            ],
            [
              82.25182199,
              22.17730056
            ],
            [
              82.25189988,
              22.17727715
            ],
            [
              82.25199409,
              22.17724799
            ],
            [
              82.25212205,
              22.17718495
            ],
            [
              82.25216317,
              22.17716565
            ],
            [
              82.25217368,
              22.17709953
            ],
            [
              82.25217943,
              22.17706841
            ],
            [
              82.2521813,
              22.17704353
            ],
            [
              82.25219944,
              22.17700201
            ],
            [
              82.25222118,
              22.17694422
            ],
            [
              82.25223946,
              22.17686923
            ],
            [
              82.25226269,
              22.17682088
            ],
            [
              82.25229931,
              22.17675902
            ],
            [
              82.25230316,
              22.17675251
            ],
            [
              82.25231747,
              22.17673174
            ],
            [
              82.25234314,
              22.1766822
            ],
            [
              82.25237124,
              22.17663148
            ],
            [
              82.25242268,
              22.17656503
            ],
            [
              82.25243067,
              22.17654807
            ],
            [
              82.2524435,
              22.17652149
            ],
            [
              82.25244757,
              22.1764999
            ],
            [
              82.25245187,
              22.17647384
            ],
            [
              82.25246132,
              22.17645544
            ],
            [
              82.25246419,
              22.17643806
            ],
            [
              82.25246839,
              22.176383
            ],
            [
              82.25247711,
              22.17629015
            ],
            [
              82.25248427,
              22.17624309
            ],
            [
              82.25249001,
              22.17621197
            ],
            [
              82.2524906,
              22.17616593
            ],
            [
              82.25248727,
              22.1760419
            ],
            [
              82.25248724,
              22.17595767
            ],
            [
              82.25248328,
              22.17592467
            ],
            [
              82.25248073,
              22.17590347
            ],
            [
              82.25248104,
              22.17589629
            ],
            [
              82.25248458,
              22.17581299
            ],
            [
              82.25248799,
              22.17573507
            ],
            [
              82.25250042,
              22.1756622
            ],
            [
              82.25264089,
              22.1756214
            ],
            [
              82.25273633,
              22.17559889
            ],
            [
              82.25282446,
              22.17557631
            ],
            [
              82.25291212,
              22.17555541
            ],
            [
              82.25296349,
              22.17554419
            ],
            [
              82.25303191,
              22.17552831
            ],
            [
              82.25305676,
              22.17552565
            ],
            [
              82.25310965,
              22.17553112
            ],
            [
              82.2531657,
              22.17553288
            ],
            [
              82.25320861,
              22.17554031
            ],
            [
              82.25323495,
              22.17554709
            ],
            [
              82.25326249,
              22.17554966
            ],
            [
              82.25331244,
              22.17555075
            ],
            [
              82.25337994,
              22.17554912
            ],
            [
              82.25349444,
              22.1755442
            ],
            [
              82.25357094,
              22.17554035
            ],
            [
              82.25358996,
              22.17554344
            ],
            [
              82.25360193,
              22.17555286
            ],
            [
              82.25361219,
              22.17556094
            ],
            [
              82.25362714,
              22.17558924
            ],
            [
              82.25363871,
              22.17562573
            ],
            [
              82.25367076,
              22.17566387
            ],
            [
              82.25371913,
              22.1757035
            ],
            [
              82.25376041,
              22.17573496
            ],
            [
              82.25381411,
              22.17576328
            ],
            [
              82.2538578,
              22.17578631
            ],
            [
              82.25389365,
              22.17579645
            ],
            [
              82.25392243,
              22.17580568
            ],
            [
              82.25397797,
              22.17572489
            ],
            [
              82.25402723,
              22.17566241
            ],
            [
              82.25405076,
              22.17562771
            ],
            [
              82.25407116,
              22.17560761
            ],
            [
              82.25411002,
              22.1755669
            ],
            [
              82.25415616,
              22.17551901
            ],
            [
              82.25424408,
              22.17543117
            ],
            [
              82.25431985,
              22.17535288
            ],
            [
              82.25439007,
              22.17529036
            ],
            [
              82.25436293,
              22.17526073
            ],
            [
              82.25434481,
              22.17523251
            ],
            [
              82.25433646,
              22.17521406
            ],
            [
              82.25433469,
              22.17519459
            ],
            [
              82.25433852,
              22.17517384
            ],
            [
              82.25434092,
              22.17516178
            ],
            [
              82.25434576,
              22.17515216
            ],
            [
              82.25435229,
              22.17513663
            ],
            [
              82.2543547,
              22.17512819
            ],
            [
              82.25433012,
              22.17511309
            ],
            [
              82.25430392,
              22.175097
            ],
            [
              82.25414768,
              22.17500604
            ],
            [
              82.25404291,
              22.17494466
            ],
            [
              82.25403733,
              22.17494139
            ],
            [
              82.25395093,
              22.17489559
            ],
            [
              82.25386758,
              22.17484632
            ],
            [
              82.25386133,
              22.17484263
            ],
            [
              82.25380592,
              22.17481296
            ],
            [
              82.25372337,
              22.17475366
            ],
            [
              82.25362986,
              22.17469607
            ],
            [
              82.25362533,
              22.17469734
            ],
            [
              82.25356267,
              22.17471499
            ],
            [
              82.25348892,
              22.17473856
            ],
            [
              82.25343942,
              22.17475136
            ],
            [
              82.25331703,
              22.17478304
            ],
            [
              82.25325041,
              22.17480077
            ],
            [
              82.25321502,
              22.1748102
            ],
            [
              82.25306114,
              22.17485002
            ],
            [
              82.25304314,
              22.17485468
            ],
            [
              82.25287199,
              22.17489049
            ],
            [
              82.2528627,
              22.17489243
            ],
            [
              82.25275336,
              22.17491227
            ],
            [
              82.25267777,
              22.1749255
            ],
            [
              82.25254612,
              22.17494855
            ],
            [
              82.25248369,
              22.17495797
            ],
            [
              82.25245966,
              22.1749616
            ],
            [
              82.25235712,
              22.17497594
            ],
            [
              82.25228529,
              22.17498538
            ],
            [
              82.2522407,
              22.17499124
            ],
            [
              82.25212962,
              22.17500248
            ],
            [
              82.25207994,
              22.17500968
            ],
            [
              82.25205315,
              22.17501357
            ],
            [
              82.25194644,
              22.1750205
            ],
            [
              82.25180078,
              22.17503551
            ],
            [
              82.25178114,
              22.17503624
            ],
            [
              82.25170552,
              22.17503905
            ],
            [
              82.25151256,
              22.17504731
            ],
            [
              82.25143695,
              22.17504779
            ],
            [
              82.25123454,
              22.17504906
            ],
            [
              82.25110638,
              22.17505047
            ],
            [
              82.251071,
              22.17504877
            ],
            [
              82.2508056,
              22.17503605
            ],
            [
              82.2507262,
              22.17503224
            ],
            [
              82.25053586,
              22.17502035
            ],
            [
              82.25053162,
              22.17501996
            ],
            [
              82.25043788,
              22.17501141
            ],
            [
              82.25035087,
              22.1750044
            ],
            [
              82.25034639,
              22.17500386
            ],
            [
              82.25025499,
              22.17499299
            ],
            [
              82.25022021,
              22.17498886
            ],
            [
              82.2500625,
              22.17496906
            ],
            [
              82.24996249,
              22.17495251
            ],
            [
              82.2498755,
              22.17493811
            ],
            [
              82.24976896,
              22.17491882
            ],
            [
              82.24963901,
              22.17489712
            ],
            [
              82.2495015,
              22.17486895
            ],
            [
              82.24937421,
              22.1748416
            ],
            [
              82.24923229,
              22.17480685
            ],
            [
              82.24910987,
              22.17477713
            ],
            [
              82.24895062,
              22.1747334
            ],
            [
              82.24874598,
              22.17467254
            ],
            [
              82.24867915,
              22.17464951
            ],
            [
              82.2486106,
              22.1746259
            ],
            [
              82.24853401,
              22.17460073
            ],
            [
              82.24846595,
              22.17457868
            ],
            [
              82.24837665,
              22.174543
            ],
            [
              82.24829929,
              22.17450586
            ],
            [
              82.24819022,
              22.17445875
            ],
            [
              82.2481787,
              22.17445196
            ],
            [
              82.24813285,
              22.17442496
            ],
            [
              82.2480098,
              22.17434979
            ],
            [
              82.2479446,
              22.17430674
            ],
            [
              82.24785984,
              22.17424053
            ],
            [
              82.24776968,
              22.17416387
            ],
            [
              82.24770141,
              22.17409319
            ],
            [
              82.24770098,
              22.17409274
            ],
            [
              82.24761621,
              22.17410351
            ],
            [
              82.24730158,
              22.17416013
            ],
            [
              82.24709429,
              22.17418191
            ],
            [
              82.24689844,
              22.1742003
            ],
            [
              82.24684911,
              22.17430212
            ],
            [
              82.24680147,
              22.17439853
            ],
            [
              82.24679048,
              22.17442116
            ],
            [
              82.24674583,
              22.17451316
            ],
            [
              82.2466703,
              22.17466614
            ],
            [
              82.24666122,
              22.17468222
            ],
            [
              82.24638625,
              22.17516885
            ],
            [
              82.24618345,
              22.17550001
            ],
            [
              82.24601568,
              22.17577644
            ],
            [
              82.24597905,
              22.17583679
            ],
            [
              82.24568548,
              22.176247
            ],
            [
              82.24560145,
              22.17636442
            ],
            [
              82.24554538,
              22.17646333
            ],
            [
              82.24551842,
              22.17651089
            ],
            [
              82.24548251,
              22.17655597
            ],
            [
              82.24540499,
              22.17658443
            ],
            [
              82.24534914,
              22.17660494
            ],
            [
              82.24515786,
              22.17666975
            ],
            [
              82.24500594,
              22.17672122
            ],
            [
              82.24495691,
              22.17673913
            ],
            [
              82.24473073,
              22.17682175
            ],
            [
              82.24455229,
              22.17688693
            ],
            [
              82.24450211,
              22.17690402
            ],
            [
              82.2442718,
              22.17698245
            ],
            [
              82.24426459,
              22.1769849
            ],
            [
              82.24405307,
              22.177061
            ],
            [
              82.24384208,
              22.1771369
            ],
            [
              82.24382527,
              22.17714277
            ],
            [
              82.2435466,
              22.17724011
            ],
            [
              82.24369757,
              22.17777163
            ],
            [
              82.24377216,
              22.17803425
            ],
            [
              82.24386859,
              22.17837373
            ],
            [
              82.24396625,
              22.17871757
            ],
            [
              82.24398696,
              22.17879048
            ],
            [
              82.24400973,
              22.17887274
            ],
            [
              82.24410559,
              22.17921912
            ],
            [
              82.24420122,
              22.17956462
            ],
            [
              82.24424471,
              22.17972174
            ],
            [
              82.2442507,
              22.1797434
            ],
            [
              82.24450058,
              22.17970452
            ],
            [
              82.24474556,
              22.17966075
            ],
            [
              82.24492332,
              22.17962503
            ],
            [
              82.24500221,
              22.1796055
            ],
            [
              82.24502283,
              22.17960296
            ],
            [
              82.2450488,
              22.17959758
            ],
            [
              82.24510192,
              22.17959737
            ],
            [
              82.24514106,
              22.17959478
            ],
            [
              82.24511997,
              22.1795024
            ],
            [
              82.24521315,
              22.17948414
            ],
            [
              82.24538735,
              22.17945112
            ],
            [
              82.24542875,
              22.17944307
            ],
            [
              82.24547339,
              22.17943344
            ],
            [
              82.24550358,
              22.17942551
            ],
            [
              82.2455211,
              22.17942037
            ],
            [
              82.24553344,
              22.17941872
            ]
          ]
        ]
      },
      "geometry_name": "geom",
      "properties": {
        "gid": null,
        "objectid": 0,
        "industrial": "Industrial Area Selar",
        "location": "Selar",
        "industri_1": "Industrial Area Selar",
        "show_yn": "YES",
        "st_area_sh": 0.0,
        "st_length_": 0.0
      }
    },
    {
      "type": "Feature",
      "id": "csidc_industrial_area_outer_boundary.fid-23377b7a_19c5672bde0_5c20",
      "geometry": {
        "type": "Polygon",
        "coordinates": [
          [
            [
              81.52754591,
              20.68978462
            ],
            [
              81.52759704,
              20.68977297
            ],
            [
              81.52759705,
              20.68977302
            ],
            [
              81.52754591,
              20.68978462
            ],
            [
              81.52753386,
              20.68984706
            ],
            [
              81.52695803,
              20.69009591
            ],
            [
              81.52679399,
              20.6901668
            ],
            [
              81.52677971,
              20.69017297
            ],
            [
              81.52702349,
              20.69043031
            ],
            [
              81.52708983,
              20.69036283
            ],
            [
              81.52708989,
              20.69036277
            ],
            [
              81.52726115,
              20.69047636
            ],
            [
              81.52719629,
              20.69053224
            ],
            [
              81.52730744,
              20.69050703
            ],
            [
              81.52833512,
              20.69027395
            ],
            [
              81.53016252,
              20.68985947
            ],
            [
              81.53039152,
              20.68980753
            ],
            [
              81.53054797,
              20.68977204
            ],
            [
              81.5305379,
              20.68967055
            ],
            [
              81.53052785,
              20.68956991
            ],
            [
              81.53037221,
              20.68958751
            ],
            [
              81.53007072,
              20.68960575
            ],
            [
              81.5299833,
              20.68926972
            ],
            [
              81.5296261,
              20.68935074
            ],
            [
              81.52954666,
              20.68904537
            ],
            [
              81.52929597,
              20.68910223
            ],
            [
              81.52904527,
              20.68915909
            ],
            [
              81.52879458,
              20.68921595
            ],
            [
              81.52885241,
              20.68943824
            ],
            [
              81.52862946,
              20.68948352
            ],
            [
              81.52842695,
              20.68952551
            ],
            [
              81.52841676,
              20.68952639
            ],
            [
              81.52814666,
              20.68954957
            ],
            [
              81.52811005,
              20.68955275
            ],
            [
              81.52797358,
              20.68956459
            ],
            [
              81.52793696,
              20.68956775
            ],
            [
              81.52788205,
              20.68957248
            ],
            [
              81.52778066,
              20.68958123
            ],
            [
              81.52765479,
              20.68959208
            ],
            [
              81.52758186,
              20.68959837
            ],
            [
              81.52754591,
              20.68978462
            ]
          ]
        ]
      },
      "geometry_name": "geom",
      "properties": {
        "gid": null,
        "objectid": 0,
        "industrial": "Industrial Area Shyamtarai",
        "location": "Shyamtarai",
        "industri_1": "Industrial Area Shyamtarai",
        "show_yn": "yes",
        "st_area_sh": 0.0,
        "st_length_": 0.0
      }
    },
    {
      "type": "Feature",
      "id": "csidc_industrial_area_outer_boundary.fid-23377b7a_19c5672bde0_5c21",
      "geometry": {
        "type": "Polygon",
        "coordinates": [
          [
            [
              81.70811918,
              18.39750875
            ],
            [
              81.70795203,
              18.39602901
            ],
            [
              81.70781317,
              18.39607273
            ],
            [
              81.70764597,
              18.39612537
            ],
            [
              81.70739572,
              18.39620416
            ],
            [
              81.70738757,
              18.39611107
            ],
            [
              81.70731917,
              18.39591157
            ],
            [
              81.7072334,
              18.39555367
            ],
            [
              81.70717333,
              18.3952789
            ],
            [
              81.70716776,
              18.39525344
            ],
            [
              81.70716803,
              18.39525338
            ],
            [
              81.70745273,
              18.39519476
            ],
            [
              81.70762355,
              18.39515959
            ],
            [
              81.70762318,
              18.39515778
            ],
            [
              81.70778071,
              18.39512723
            ],
            [
              81.70774266,
              18.39497022
            ],
            [
              81.70766149,
              18.39463526
            ],
            [
              81.70765533,
              18.39460982
            ],
            [
              81.70765225,
              18.39459712
            ],
            [
              81.70719965,
              18.39468488
            ],
            [
              81.70718279,
              18.39460367
            ],
            [
              81.7071799,
              18.39458975
            ],
            [
              81.70717632,
              18.3945725
            ],
            [
              81.70715802,
              18.39448439
            ],
            [
              81.70715605,
              18.39447487
            ],
            [
              81.7069567,
              18.39451781
            ],
            [
              81.70665533,
              18.39455245
            ],
            [
              81.70665515,
              18.39455158
            ],
            [
              81.70658502,
              18.39421386
            ],
            [
              81.7062951,
              18.3942074
            ],
            [
              81.70601634,
              18.39439064
            ],
            [
              81.70602327,
              18.39467039
            ],
            [
              81.70602394,
              18.39469763
            ],
            [
              81.7060241,
              18.39470408
            ],
            [
              81.70602488,
              18.39473566
            ],
            [
              81.70582862,
              18.39477371
            ],
            [
              81.70582842,
              18.39482716
            ],
            [
              81.70582836,
              18.39484387
            ],
            [
              81.7058283,
              18.39485958
            ],
            [
              81.70582795,
              18.39495083
            ],
            [
              81.70582802,
              18.3949534
            ],
            [
              81.70582867,
              18.39498019
            ],
            [
              81.70583751,
              18.39533961
            ],
            [
              81.70584513,
              18.39564979
            ],
            [
              81.70584599,
              18.39568485
            ],
            [
              81.70566018,
              18.39571224
            ],
            [
              81.70565318,
              18.39571328
            ],
            [
              81.70563072,
              18.39663045
            ],
            [
              81.70584068,
              18.39658153
            ],
            [
              81.70610148,
              18.39652076
            ],
            [
              81.70628408,
              18.39685927
            ],
            [
              81.70645942,
              18.39701225
            ],
            [
              81.70661762,
              18.39708354
            ],
            [
              81.70652438,
              18.39720805
            ],
            [
              81.70652402,
              18.39734106
            ],
            [
              81.70663555,
              18.39758665
            ],
            [
              81.70671196,
              18.39758447
            ],
            [
              81.70812321,
              18.39754439
            ],
            [
              81.70811918,
              18.39750875
            ]
          ],
          [
            [
              81.70588211,
              18.39497004
            ],
            [
              81.70645321,
              18.39486094
            ],
            [
              81.70630957,
              18.39488886
            ],
            [
              81.70588211,
              18.39497004
            ]
          ]
        ]
      },
      "geometry_name": "geom",
      "properties": {
        "gid": null,
        "objectid": 0,
        "industrial": "Food Park Sukma",
        "location": "Sukma",
        "industri_1": "Food Park Sukma",
        "show_yn": "Yes",
        "st_area_sh": 0.0,
        "st_length_": 0.0
      }
    },
    {
      "type": "Feature",
      "id": "csidc_industrial_area_outer_boundary.fid-23377b7a_19c5672bde0_5c22",
      "geometry": {
        "type": "Polygon",
        "coordinates": [
          [
            [
              83.51097193,
              22.6760083
            ],
            [
              83.51108789,
              22.67599409
            ],
            [
              83.51118335,
              22.67600099
            ],
            [
              83.51119231,
              22.67599851
            ],
            [
              83.51124109,
              22.67598496
            ],
            [
              83.51134604,
              22.67595778
            ],
            [
              83.51152418,
              22.67591163
            ],
            [
              83.51154022,
              22.67590748
            ],
            [
              83.51154488,
              22.67590247
            ],
            [
              83.51128224,
              22.67542837
            ],
            [
              83.51106741,
              22.67504056
            ],
            [
              83.51091928,
              22.67477317
            ],
            [
              83.51082563,
              22.67460412
            ],
            [
              83.51075371,
              22.6744743
            ],
            [
              83.51062272,
              22.67446478
            ],
            [
              83.51060041,
              22.67446861
            ],
            [
              83.5105482,
              22.67447759
            ],
            [
              83.51046746,
              22.67447644
            ],
            [
              83.51030701,
              22.6744479
            ],
            [
              83.51024954,
              22.67451132
            ],
            [
              83.51013701,
              22.67447892
            ],
            [
              83.50998384,
              22.67443807
            ],
            [
              83.50996831,
              22.67443226
            ],
            [
              83.509906,
              22.67440891
            ],
            [
              83.50987486,
              22.67439555
            ],
            [
              83.50983387,
              22.67437796
            ],
            [
              83.50980266,
              22.67430645
            ],
            [
              83.50965757,
              22.67433321
            ],
            [
              83.50956487,
              22.6743503
            ],
            [
              83.50943329,
              22.67438103
            ],
            [
              83.50924298,
              22.6744367
            ],
            [
              83.50915503,
              22.67446538
            ],
            [
              83.50917601,
              22.67454461
            ],
            [
              83.50918701,
              22.67458652
            ],
            [
              83.5091749,
              22.67462686
            ],
            [
              83.50897119,
              22.67462663
            ],
            [
              83.50895929,
              22.67462737
            ],
            [
              83.50874682,
              22.67464056
            ],
            [
              83.50856027,
              22.67465064
            ],
            [
              83.50850314,
              22.67465372
            ],
            [
              83.50844783,
              22.6747494
            ],
            [
              83.50837526,
              22.67486946
            ],
            [
              83.50830162,
              22.67498606
            ],
            [
              83.50822516,
              22.67510354
            ],
            [
              83.50816699,
              22.6751971
            ],
            [
              83.50816241,
              22.67520447
            ],
            [
              83.50809249,
              22.67531844
            ],
            [
              83.50803308,
              22.67540268
            ],
            [
              83.50801574,
              22.67542727
            ],
            [
              83.50794414,
              22.67554818
            ],
            [
              83.50790414,
              22.6756117
            ],
            [
              83.50786961,
              22.67566652
            ],
            [
              83.50783551,
              22.67571354
            ],
            [
              83.50778991,
              22.67572947
            ],
            [
              83.50776275,
              22.6758316
            ],
            [
              83.50774721,
              22.67589
            ],
            [
              83.50771815,
              22.6760028
            ],
            [
              83.50771318,
              22.67606777
            ],
            [
              83.50770986,
              22.67611112
            ],
            [
              83.50770676,
              22.67623239
            ],
            [
              83.50772564,
              22.67632837
            ],
            [
              83.50771727,
              22.67638787
            ],
            [
              83.50771295,
              22.67641853
            ],
            [
              83.50768118,
              22.67650711
            ],
            [
              83.50765016,
              22.67653245
            ],
            [
              83.50756661,
              22.67657984
            ],
            [
              83.50754546,
              22.67658042
            ],
            [
              83.50756675,
              22.67665731
            ],
            [
              83.50753848,
              22.67672902
            ],
            [
              83.50755003,
              22.67679149
            ],
            [
              83.50760586,
              22.67690323
            ],
            [
              83.50763923,
              22.67698062
            ],
            [
              83.50765139,
              22.67713261
            ],
            [
              83.50765865,
              22.67723149
            ],
            [
              83.50766438,
              22.67730938
            ],
            [
              83.50769699,
              22.67746599
            ],
            [
              83.50781735,
              22.67749238
            ],
            [
              83.50793338,
              22.6775109
            ],
            [
              83.50794692,
              22.67751306
            ],
            [
              83.50807743,
              22.67753373
            ],
            [
              83.50820196,
              22.67754579
            ],
            [
              83.50831334,
              22.67756314
            ],
            [
              83.50847102,
              22.67759109
            ],
            [
              83.50864305,
              22.67746678
            ],
            [
              83.50884739,
              22.67731913
            ],
            [
              83.50901236,
              22.67720773
            ],
            [
              83.50920778,
              22.67705657
            ],
            [
              83.50939496,
              22.67691178
            ],
            [
              83.50958575,
              22.6767642
            ],
            [
              83.50978368,
              22.6766111
            ],
            [
              83.50997738,
              22.67646127
            ],
            [
              83.50998809,
              22.67645342
            ],
            [
              83.51018994,
              22.67630554
            ],
            [
              83.51037994,
              22.67616633
            ],
            [
              83.51038724,
              22.67616099
            ],
            [
              83.51062739,
              22.67608733
            ],
            [
              83.51075554,
              22.67604802
            ],
            [
              83.51088553,
              22.67602416
            ],
            [
              83.51097193,
              22.6760083
            ]
          ]
        ]
      },
      "geometry_name": "geom",
      "properties": {
        "gid": null,
        "objectid": 1,
        "industrial": "ULAKIYA",
        "location": "ULAKIYA",
        "industri_1": "ULAKIYA",
        "show_yn": "YES",
        "st_area_sh": 7.57531107284e-06,
        "st_length_": 0.0117348811441
      }
    },
    {
      "type": "Feature",
      "id": "csidc_industrial_area_outer_boundary.fid-23377b7a_19c5672bde0_5c23",
      "geometry": {
        "type": "Polygon",
        "coordinates": [
          [
            [
              81.68913205,
              21.80967049
            ],
            [
              81.68949753,
              21.80966763
            ],
            [
              81.6895061,
              21.80972902
            ],
            [
              81.68950626,
              21.80973037
            ],
            [
              81.68951609,
              21.80981325
            ],
            [
              81.68955819,
              21.80986258
            ],
            [
              81.68960746,
              21.80992033
            ],
            [
              81.68961046,
              21.80999061
            ],
            [
              81.68962031,
              21.81022228
            ],
            [
              81.68994508,
              21.81020526
            ],
            [
              81.68994725,
              21.81020515
            ],
            [
              81.6901083,
              21.81019509
            ],
            [
              81.69019852,
              21.81018945
            ],
            [
              81.69022708,
              21.81028796
            ],
            [
              81.69041659,
              21.81026782
            ],
            [
              81.69072867,
              21.81023466
            ],
            [
              81.69088036,
              21.81020789
            ],
            [
              81.69087999,
              21.81020501
            ],
            [
              81.69097688,
              21.81020196
            ],
            [
              81.6909864,
              21.81023765
            ],
            [
              81.69101852,
              21.81033045
            ],
            [
              81.69119698,
              21.8102436
            ],
            [
              81.69120174,
              21.81010559
            ],
            [
              81.69130525,
              21.81003897
            ],
            [
              81.69141827,
              21.80996521
            ],
            [
              81.69144801,
              21.80995331
            ],
            [
              81.69153367,
              21.80993189
            ],
            [
              81.69160744,
              21.80992238
            ],
            [
              81.69162885,
              21.80991881
            ],
            [
              81.69172165,
              21.80978794
            ],
            [
              81.69170975,
              21.80976295
            ],
            [
              81.69170202,
              21.80973237
            ],
            [
              81.69168358,
              21.80965945
            ],
            [
              81.69168473,
              21.80963523
            ],
            [
              81.69168477,
              21.80963446
            ],
            [
              81.69164134,
              21.80958449
            ],
            [
              81.69159792,
              21.80953452
            ],
            [
              81.69160314,
              21.80952987
            ],
            [
              81.69162647,
              21.80950906
            ],
            [
              81.69169786,
              21.80948527
            ],
            [
              81.69175377,
              21.8094472
            ],
            [
              81.69178947,
              21.80938295
            ],
            [
              81.69186918,
              21.80920449
            ],
            [
              81.69185847,
              21.80919378
            ],
            [
              81.69184181,
              21.80915214
            ],
            [
              81.69184062,
              21.8090879
            ],
            [
              81.69187751,
              21.80904388
            ],
            [
              81.69190369,
              21.80903864
            ],
            [
              81.6919132,
              21.80903674
            ],
            [
              81.6919477,
              21.80904031
            ],
            [
              81.69223086,
              21.80907243
            ],
            [
              81.69235459,
              21.80895703
            ],
            [
              81.69202694,
              21.80858488
            ],
            [
              81.6918942,
              21.80841947
            ],
            [
              81.69188774,
              21.80841142
            ],
            [
              81.6917761,
              21.80825826
            ],
            [
              81.69174378,
              21.80821392
            ],
            [
              81.69162336,
              21.80804667
            ],
            [
              81.69161529,
              21.80803546
            ],
            [
              81.69159542,
              21.80801108
            ],
            [
              81.69178639,
              21.80791004
            ],
            [
              81.69153868,
              21.8079705
            ],
            [
              81.69153796,
              21.80797003
            ],
            [
              81.69145486,
              21.80778602
            ],
            [
              81.69145468,
              21.80778562
            ],
            [
              81.69141066,
              21.80768687
            ],
            [
              81.69137972,
              21.80759169
            ],
            [
              81.69134998,
              21.80750365
            ],
            [
              81.69132619,
              21.80744417
            ],
            [
              81.69102875,
              21.80745844
            ],
            [
              81.6907828,
              21.80659063
            ],
            [
              81.69064057,
              21.80660977
            ],
            [
              81.69052059,
              21.80660027
            ],
            [
              81.68950632,
              21.80666423
            ],
            [
              81.68939991,
              21.80614451
            ],
            [
              81.6893951,
              21.80610534
            ],
            [
              81.68928089,
              21.80522018
            ],
            [
              81.68920237,
              21.80459676
            ],
            [
              81.68924679,
              21.80442622
            ],
            [
              81.68918778,
              21.80439195
            ],
            [
              81.68912116,
              21.80431581
            ],
            [
              81.68909451,
              21.80430629
            ],
            [
              81.68902027,
              21.80424157
            ],
            [
              81.68897458,
              21.8041502
            ],
            [
              81.68875761,
              21.80371777
            ],
            [
              81.68875434,
              21.80362981
            ],
            [
              81.68893722,
              21.8035504
            ],
            [
              81.6894965,
              21.803294
            ],
            [
              81.68931682,
              21.80331809
            ],
            [
              81.68961135,
              21.80323773
            ],
            [
              81.69069321,
              21.80301822
            ],
            [
              81.69116529,
              21.802904
            ],
            [
              81.69125095,
              21.80284652
            ],
            [
              81.69127516,
              21.80281395
            ],
            [
              81.6912799,
              21.80281959
            ],
            [
              81.69145414,
              21.80283292
            ],
            [
              81.691725,
              21.80285591
            ],
            [
              81.69177378,
              21.80282379
            ],
            [
              81.69196771,
              21.8027298
            ],
            [
              81.69227347,
              21.80256919
            ],
            [
              81.69242456,
              21.8024752
            ],
            [
              81.69255543,
              21.80241333
            ],
            [
              81.69265061,
              21.8023705
            ],
            [
              81.69272913,
              21.80233481
            ],
            [
              81.6929064,
              21.80229674
            ],
            [
              81.69306464,
              21.80225986
            ],
            [
              81.6931958,
              21.80223554
            ],
            [
              81.69340698,
              21.80217011
            ],
            [
              81.6936186,
              21.80208001
            ],
            [
              81.69195814,
              21.80136767
            ],
            [
              81.69180959,
              21.80130395
            ],
            [
              81.69144147,
              21.80107207
            ],
            [
              81.69083877,
              21.80069243
            ],
            [
              81.69065898,
              21.80056184
            ],
            [
              81.69025897,
              21.80026618
            ],
            [
              81.68962354,
              21.79979651
            ],
            [
              81.68955562,
              21.79995298
            ],
            [
              81.68949138,
              21.80011597
            ],
            [
              81.68947353,
              21.80021234
            ],
            [
              81.69024091,
              21.80028729
            ],
            [
              81.69023258,
              21.80038128
            ],
            [
              81.6901957,
              21.80103564
            ],
            [
              81.69019213,
              21.8012022
            ],
            [
              81.69016976,
              21.80121172
            ],
            [
              81.68982427,
              21.80129024
            ],
            [
              81.68958299,
              21.80132022
            ],
            [
              81.6894288,
              21.80133021
            ],
            [
              81.68912042,
              21.80131736
            ],
            [
              81.68911328,
              21.80106466
            ],
            [
              81.68902249,
              21.80130931
            ],
            [
              81.68898362,
              21.80128256
            ],
            [
              81.68894763,
              21.80152011
            ],
            [
              81.68882655,
              21.80177943
            ],
            [
              81.68873253,
              21.80198077
            ],
            [
              81.68870836,
              21.80203865
            ],
            [
              81.68866971,
              21.80213116
            ],
            [
              81.68864064,
              21.8021846
            ],
            [
              81.68852885,
              21.80239004
            ],
            [
              81.68850122,
              21.80244168
            ],
            [
              81.68836452,
              21.8026972
            ],
            [
              81.68832517,
              21.80277076
            ],
            [
              81.6882917,
              21.80282849
            ],
            [
              81.68824902,
              21.8029021
            ],
            [
              81.68809103,
              21.80313053
            ],
            [
              81.68798578,
              21.8032678
            ],
            [
              81.68793684,
              21.80327139
            ],
            [
              81.68794826,
              21.80341987
            ],
            [
              81.6879483,
              21.80342089
            ],
            [
              81.68795761,
              21.8036817
            ],
            [
              81.68796159,
              21.80379297
            ],
            [
              81.68796159,
              21.80389005
            ],
            [
              81.68797301,
              21.80394906
            ],
            [
              81.68797334,
              21.80395232
            ],
            [
              81.68799775,
              21.80419272
            ],
            [
              81.68800141,
              21.80422468
            ],
            [
              81.68800537,
              21.80425935
            ],
            [
              81.68728772,
              21.80429171
            ],
            [
              81.68737359,
              21.80482787
            ],
            [
              81.68741966,
              21.80505181
            ],
            [
              81.68744522,
              21.80520221
            ],
            [
              81.68744713,
              21.80529549
            ],
            [
              81.68744724,
              21.80529754
            ],
            [
              81.68746045,
              21.80554676
            ],
            [
              81.68746045,
              21.80557958
            ],
            [
              81.68746045,
              21.80572687
            ],
            [
              81.68746045,
              21.80573712
            ],
            [
              81.68746425,
              21.80601233
            ],
            [
              81.68746426,
              21.80601314
            ],
            [
              81.68746078,
              21.80628481
            ],
            [
              81.68746045,
              21.80631009
            ],
            [
              81.68745606,
              21.80644916
            ],
            [
              81.68745474,
              21.80649093
            ],
            [
              81.68744332,
              21.80666225
            ],
            [
              81.6874319,
              21.80670413
            ],
            [
              81.68742971,
              21.80671624
            ],
            [
              81.68739573,
              21.80690401
            ],
            [
              81.68738262,
              21.80700314
            ],
            [
              81.68737063,
              21.80709389
            ],
            [
              81.6873446,
              21.80721708
            ],
            [
              81.68734303,
              21.80722452
            ],
            [
              81.68731733,
              21.80734587
            ],
            [
              81.68727878,
              21.80746437
            ],
            [
              81.68726733,
              21.80750014
            ],
            [
              81.68722167,
              21.80764283
            ],
            [
              81.68718145,
              21.80780177
            ],
            [
              81.68711961,
              21.80804346
            ],
            [
              81.68710181,
              21.80810911
            ],
            [
              81.68707182,
              21.80823762
            ],
            [
              81.68706183,
              21.80828043
            ],
            [
              81.6870493,
              21.80831064
            ],
            [
              81.68701996,
              21.80838132
            ],
            [
              81.68706956,
              21.80857131
            ],
            [
              81.6870878,
              21.80864119
            ],
            [
              81.68712084,
              21.80876774
            ],
            [
              81.68717605,
              21.80896952
            ],
            [
              81.68722554,
              21.80914655
            ],
            [
              81.68725219,
              21.80921508
            ],
            [
              81.68727884,
              21.80927219
            ],
            [
              81.6873093,
              21.80937498
            ],
            [
              81.68733083,
              21.80944755
            ],
            [
              81.68736058,
              21.80955463
            ],
            [
              81.68740511,
              21.80971021
            ],
            [
              81.68739742,
              21.80971117
            ],
            [
              81.68744472,
              21.80984857
            ],
            [
              81.68745789,
              21.80992998
            ],
            [
              81.68747345,
              21.80998266
            ],
            [
              81.68752014,
              21.81010717
            ],
            [
              81.68755246,
              21.81017182
            ],
            [
              81.68758359,
              21.810179
            ],
            [
              81.6876638,
              21.81018259
            ],
            [
              81.68772845,
              21.81035978
            ],
            [
              81.68801817,
              21.81028914
            ],
            [
              81.68794634,
              21.81002576
            ],
            [
              81.68806986,
              21.80999029
            ],
            [
              81.68831542,
              21.80991034
            ],
            [
              81.68860666,
              21.80984609
            ],
            [
              81.68861348,
              21.80984441
            ],
            [
              81.68872231,
              21.80981754
            ],
            [
              81.68883157,
              21.80980174
            ],
            [
              81.6888408,
              21.8098004
            ],
            [
              81.68903782,
              21.80979469
            ],
            [
              81.68903068,
              21.80972474
            ],
            [
              81.68913205,
              21.80967049
            ]
          ]
        ]
      },
      "geometry_name": "geom",
      "properties": {
        "gid": null,
        "objectid": 0,
        "industrial": "Industrial Area Cum Food park Chandanu Raveli",
        "location": "Chandanu Raveli",
        "industri_1": "Industrial Area Cum Food park Chandanu Raveli",
        "show_yn": "YES",
        "st_area_sh": 0.0,
        "st_length_": 0.0
      }
    },
    {
      "type": "Feature",
      "id": "csidc_industrial_area_outer_boundary.fid-23377b7a_19c5672bde0_5c24",
      "geometry": {
        "type": "Polygon",
        "coordinates": [
          [
            [
              81.94277465,
              22.00908846
            ],
            [
              81.94295945,
              22.00894231
            ],
            [
              81.94338098,
              22.00851967
            ],
            [
              81.94348054,
              22.00833537
            ],
            [
              81.94349915,
              22.00830093
            ],
            [
              81.94370072,
              22.00818917
            ],
            [
              81.94383341,
              22.00816959
            ],
            [
              81.94390637,
              22.0081154
            ],
            [
              81.94390789,
              22.00811427
            ],
            [
              81.94414357,
              22.00793922
            ],
            [
              81.94430324,
              22.00782063
            ],
            [
              81.94452595,
              22.00771799
            ],
            [
              81.9445261,
              22.00771792
            ],
            [
              81.94442757,
              22.00793719
            ],
            [
              81.944454,
              22.00794666
            ],
            [
              81.94446464,
              22.00792299
            ],
            [
              81.94449623,
              22.00798927
            ],
            [
              81.94450686,
              22.0079656
            ],
            [
              81.9445333,
              22.00797507
            ],
            [
              81.94464457,
              22.00772746
            ],
            [
              81.94492897,
              22.00734008
            ],
            [
              81.94492319,
              22.00743829
            ],
            [
              81.94531395,
              22.00759062
            ],
            [
              81.94534892,
              22.00754299
            ],
            [
              81.94538338,
              22.0075161
            ],
            [
              81.94541783,
              22.00748922
            ],
            [
              81.94553996,
              22.00753252
            ],
            [
              81.94585316,
              22.00721298
            ],
            [
              81.94608499,
              22.00705817
            ],
            [
              81.94662924,
              22.00696069
            ],
            [
              81.94670543,
              22.00694704
            ],
            [
              81.94678163,
              22.00693339
            ],
            [
              81.94685438,
              22.00691656
            ],
            [
              81.9472803,
              22.006818
            ],
            [
              81.94734815,
              22.00679196
            ],
            [
              81.947416,
              22.00676593
            ],
            [
              81.94747998,
              22.00676898
            ],
            [
              81.94776167,
              22.00669884
            ],
            [
              81.94812082,
              22.00673337
            ],
            [
              81.94875066,
              22.00683948
            ],
            [
              81.94913382,
              22.00687385
            ],
            [
              81.94975945,
              22.00693406
            ],
            [
              81.95021342,
              22.00693313
            ],
            [
              81.95021447,
              22.0068806
            ],
            [
              81.95015003,
              22.0068007
            ],
            [
              81.95008629,
              22.00672078
            ],
            [
              81.94999881,
              22.00656577
            ],
            [
              81.95000216,
              22.00647175
            ],
            [
              81.95011284,
              22.00655127
            ],
            [
              81.95017095,
              22.00649282
            ],
            [
              81.95035817,
              22.00639099
            ],
            [
              81.95036969,
              22.0063869
            ],
            [
              81.95057261,
              22.00631492
            ],
            [
              81.95079243,
              22.0062373
            ],
            [
              81.95078452,
              22.00621186
            ],
            [
              81.95078551,
              22.00621176
            ],
            [
              81.95072546,
              22.00602192
            ],
            [
              81.95104361,
              22.0057568
            ],
            [
              81.95115082,
              22.00563932
            ],
            [
              81.95120458,
              22.00558041
            ],
            [
              81.95123923,
              22.00544515
            ],
            [
              81.95147333,
              22.00516298
            ],
            [
              81.9516545,
              22.00504477
            ],
            [
              81.95202771,
              22.00501624
            ],
            [
              81.9522733,
              22.00523704
            ],
            [
              81.9526259,
              22.00522586
            ],
            [
              81.95258476,
              22.0051548
            ],
            [
              81.95243848,
              22.00501945
            ],
            [
              81.95253008,
              22.00476821
            ],
            [
              81.95248312,
              22.00463788
            ],
            [
              81.95248119,
              22.00463253
            ],
            [
              81.9523705,
              22.00449075
            ],
            [
              81.95237183,
              22.00445329
            ],
            [
              81.9523759,
              22.00433848
            ],
            [
              81.9523307,
              22.00430445
            ],
            [
              81.95211842,
              22.00429907
            ],
            [
              81.95203949,
              22.00409761
            ],
            [
              81.95195302,
              22.00399121
            ],
            [
              81.95196367,
              22.00396324
            ],
            [
              81.95192697,
              22.00386835
            ],
            [
              81.95199058,
              22.00379376
            ],
            [
              81.9521932,
              22.00357356
            ],
            [
              81.95229911,
              22.00338506
            ],
            [
              81.95242511,
              22.00277975
            ],
            [
              81.95242518,
              22.00277572
            ],
            [
              81.95242615,
              22.00271197
            ],
            [
              81.95242756,
              22.00261991
            ],
            [
              81.95230154,
              22.00264482
            ],
            [
              81.95221402,
              22.00266211
            ],
            [
              81.95202063,
              22.00270033
            ],
            [
              81.95145092,
              22.00281292
            ],
            [
              81.95137436,
              22.00251094
            ],
            [
              81.95135879,
              22.00235262
            ],
            [
              81.95135154,
              22.00227893
            ],
            [
              81.95138165,
              22.00220516
            ],
            [
              81.9514034,
              22.00215189
            ],
            [
              81.95140551,
              22.0021467
            ],
            [
              81.95122578,
              22.00199036
            ],
            [
              81.95117037,
              22.00200299
            ],
            [
              81.95086783,
              22.00170166
            ],
            [
              81.95079346,
              22.00165817
            ],
            [
              81.95069154,
              22.00152889
            ],
            [
              81.95060532,
              22.0013554
            ],
            [
              81.9506092,
              22.00121936
            ],
            [
              81.95126834,
              22.00086448
            ],
            [
              81.95119226,
              22.00072551
            ],
            [
              81.95119052,
              22.00072234
            ],
            [
              81.95128572,
              22.00067893
            ],
            [
              81.95130752,
              22.00059694
            ],
            [
              81.95128354,
              22.00048627
            ],
            [
              81.95127371,
              22.00044086
            ],
            [
              81.9512621,
              22.00032446
            ],
            [
              81.95126638,
              22.00010417
            ],
            [
              81.95098766,
              22.00017962
            ],
            [
              81.95095546,
              22.00032358
            ],
            [
              81.95060549,
              22.00043413
            ],
            [
              81.95031693,
              22.00008331
            ],
            [
              81.95026501,
              22.00002019
            ],
            [
              81.95021587,
              21.99996045
            ],
            [
              81.95012893,
              21.99975712
            ],
            [
              81.94937898,
              21.99980862
            ],
            [
              81.94929246,
              21.99981457
            ],
            [
              81.94919485,
              21.99982127
            ],
            [
              81.9491596,
              21.99982369
            ],
            [
              81.94907966,
              21.99982918
            ],
            [
              81.94893914,
              21.99984196
            ],
            [
              81.94853772,
              21.99982855
            ],
            [
              81.94826302,
              21.9998492
            ],
            [
              81.9479373,
              21.99995181
            ],
            [
              81.94768589,
              22.00000649
            ],
            [
              81.94756237,
              22.00001059
            ],
            [
              81.94692436,
              22.00018714
            ],
            [
              81.94679631,
              22.00022071
            ],
            [
              81.9466236,
              22.00026598
            ],
            [
              81.94513953,
              22.00062728
            ],
            [
              81.94498358,
              22.0006499
            ],
            [
              81.94498837,
              22.00066906
            ],
            [
              81.94499756,
              22.00070588
            ],
            [
              81.94504133,
              22.00088119
            ],
            [
              81.94517751,
              22.00085592
            ],
            [
              81.94527255,
              22.00082101
            ],
            [
              81.94531516,
              22.00080535
            ],
            [
              81.94648398,
              22.00064032
            ],
            [
              81.94653142,
              22.00063362
            ],
            [
              81.94662908,
              22.00078633
            ],
            [
              81.94666432,
              22.00088888
            ],
            [
              81.94668311,
              22.00094356
            ],
            [
              81.94667885,
              22.00099037
            ],
            [
              81.94669373,
              22.00116586
            ],
            [
              81.94699116,
              22.00109745
            ],
            [
              81.94701198,
              22.00114504
            ],
            [
              81.94707444,
              22.0013116
            ],
            [
              81.94711513,
              22.00147519
            ],
            [
              81.94719603,
              22.00180165
            ],
            [
              81.94722911,
              22.00196206
            ],
            [
              81.94710152,
              22.00199099
            ],
            [
              81.94707825,
              22.00199248
            ],
            [
              81.94687837,
              22.00203056
            ],
            [
              81.94667374,
              22.00207339
            ],
            [
              81.94645959,
              22.00209718
            ],
            [
              81.9463311,
              22.00209718
            ],
            [
              81.94610743,
              22.00215429
            ],
            [
              81.94571095,
              22.00224012
            ],
            [
              81.94550981,
              22.00227543
            ],
            [
              81.94534078,
              22.00230368
            ],
            [
              81.9453408,
              22.00230373
            ],
            [
              81.94534057,
              22.00230377
            ],
            [
              81.94535542,
              22.00233512
            ],
            [
              81.94531352,
              22.00240458
            ],
            [
              81.94515267,
              22.00242298
            ],
            [
              81.9449627,
              22.00244201
            ],
            [
              81.94496246,
              22.00244204
            ],
            [
              81.94466088,
              22.00247225
            ],
            [
              81.94455173,
              22.00248318
            ],
            [
              81.944253,
              22.00249852
            ],
            [
              81.94410695,
              22.00250602
            ],
            [
              81.94385161,
              22.00253955
            ],
            [
              81.94345507,
              22.00259163
            ],
            [
              81.94309194,
              22.00263932
            ],
            [
              81.94305853,
              22.0026437
            ],
            [
              81.94305929,
              22.00264543
            ],
            [
              81.94273777,
              22.00270565
            ],
            [
              81.94265289,
              22.00269842
            ],
            [
              81.94280345,
              22.003353
            ],
            [
              81.94282616,
              22.00359544
            ],
            [
              81.9413853,
              22.00418694
            ],
            [
              81.94083104,
              22.00427522
            ],
            [
              81.94068229,
              22.00364202
            ],
            [
              81.94062516,
              22.00339882
            ],
            [
              81.94057394,
              22.00365425
            ],
            [
              81.94057017,
              22.00370011
            ],
            [
              81.94054485,
              22.00400793
            ],
            [
              81.9404379,
              22.00403622
            ],
            [
              81.94022109,
              22.00409357
            ],
            [
              81.94036617,
              22.00441371
            ],
            [
              81.94041721,
              22.00464232
            ],
            [
              81.940393,
              22.00465045
            ],
            [
              81.93954001,
              22.00493668
            ],
            [
              81.93958864,
              22.0052288
            ],
            [
              81.93963667,
              22.00536572
            ],
            [
              81.93965759,
              22.00542532
            ],
            [
              81.93969733,
              22.0057163
            ],
            [
              81.93940552,
              22.00577588
            ],
            [
              81.93939861,
              22.00581405
            ],
            [
              81.93913482,
              22.00584489
            ],
            [
              81.93915356,
              22.0060773
            ],
            [
              81.93901645,
              22.00610521
            ],
            [
              81.93946229,
              22.00701149
            ],
            [
              81.9394849,
              22.00705746
            ],
            [
              81.93960257,
              22.00729665
            ],
            [
              81.93960348,
              22.0072985
            ],
            [
              81.93969441,
              22.00748335
            ],
            [
              81.93970868,
              22.00751235
            ],
            [
              81.93973455,
              22.00756493
            ],
            [
              81.93982724,
              22.00768639
            ],
            [
              81.94010601,
              22.00805168
            ],
            [
              81.94034758,
              22.00836822
            ],
            [
              81.9404906,
              22.00837351
            ],
            [
              81.94068902,
              22.00838084
            ],
            [
              81.9409206,
              22.0084272
            ],
            [
              81.94093876,
              22.00843083
            ],
            [
              81.94089542,
              22.00877621
            ],
            [
              81.94089619,
              22.00891701
            ],
            [
              81.94089651,
              22.00897573
            ],
            [
              81.94122432,
              22.00882474
            ],
            [
              81.94131561,
              22.00901184
            ],
            [
              81.94136668,
              22.009228
            ],
            [
              81.94176478,
              22.0091307
            ],
            [
              81.94188774,
              22.00905441
            ],
            [
              81.94216989,
              22.00896498
            ],
            [
              81.94241381,
              22.00925339
            ],
            [
              81.94241414,
              22.00925378
            ],
            [
              81.94241419,
              22.00925389
            ],
            [
              81.94243802,
              22.00937776
            ],
            [
              81.94246532,
              22.00936572
            ],
            [
              81.94258522,
              22.00931283
            ],
            [
              81.94269655,
              22.00918096
            ],
            [
              81.94277465,
              22.00908846
            ]
          ]
        ]
      },
      "geometry_name": "geom",
      "properties": {
        "gid": null,
        "objectid": 0,
        "industrial": "PARASIYA",
        "location": "PARASIYA",
        "industri_1": "PARASIYA",
        "show_yn": "YES",
        "st_area_sh": 0.0,
        "st_length_": 0.0
      }
    }
  ]
}