{
  "type": "FeatureCollection",
  "crs": {
    "type": "name",
    "properties": {
      "name": "EPSG:4326"
    }
  },
  "features": [
    {
      "type": "Feature",
      "id": "csidc_industrial_area_with_plots.fid-23377b7a_19c5672bde0_6eeb",
      "geometry": {
        "type": "Polygon",
        "coordinates": [
          [
            [
              81.79345245,
              21.21142961
            ],
            [
              81.79335645,
              21.21116367
            ],
            [
              81.7928766,
              21.21132381
            ],
            [
              81.7929726,
              21.21158975
            ],
            [
              81.79345245,
              21.21142961
            ]
          ]
        ]
      },
      "geometry_name": "geom",
      "properties": {
        "gid": 1,
        "objectid": 0,
        "district": "RAIPUR",
        "plot_type": "INDUSTRIAL PURPOSE",
        "total_area": 1400,
        "reservatio": null,
        "plot_munci": null,
        "corner_plo": "YES",
        "premium_ba": 25000000,
        "addi_premi": 2500000,
        "total_prem": 27500000,
        "label": null,
        "tot_premiu": 0.0,
        "location": "Sector-5 Nava Raipur Atal Nagar",
        "remark": null,
        "sector_inf": null,
        "industrial": "READYMADE GARMENTS PARK",
        "district_i": "RAIPUR",
        "plotno_inf": "5",
        "uniqueplot": "5",
        "plotactiva": null,
        "plotupdate": null,
        "plot_yesno": "YES",
        "category_i": "INDUSTRIAL PLOT-ALLOTED",
        "quest": null,
        "status_inf": "ALLOTTED",
        "applied_ti": null,
        "alloted_ti": null,
        "allotmentr": null,
        "industri_1": "READYMADE GARMENTS PARK",
        "industri_2": "READYMADE GARMENTS PARK",
        "gis_tid": null,
        "st_area_sh": 0.0,
        "st_length_": 0.0,
        "uidv1": "IA-1407",
        "status_from_csidc": "ALLOTTED",
        "uid": "IA-1407"
      }
    },
    {
      "type": "Feature",
      "id": "csidc_industrial_area_with_plots.fid-23377b7a_19c5672bde0_6eec",
      "geometry": {
        "type": "Polygon",
        "coordinates": [
          [
            [
              81.70725771,
              18.39568527
            ],
            [
              81.70721213,
              18.39546579
            ],
            [
              81.70683162,
              18.39553957
            ],
            [
              81.70687719,
              18.39575904
            ],
            [
              81.70725771,
              18.39568527
            ]
          ]
        ]
      },
      "geometry_name": "geom",
      "properties": {
        "gid": 2,
        "objectid": 2,
        "district": "SUKMA",
        "plot_type": "Industrial Purpose",
        "total_area": 1000,
        "reservatio": "NO",
        "plot_munci": "YES",
        "corner_plo": "YES",
        "premium_ba": 4000000,
        "addi_premi": 1200000,
        "total_prem": 5200000,
        "label": null,
        "tot_premiu": 0.0,
        "location": "SUKMA",
        "remark": null,
        "sector_inf": null,
        "industrial": "Food Park Sukma",
        "district_i": "Sukma",
        "plotno_inf": "2",
        "uniqueplot": "2",
        "plotactiva": null,
        "plotupdate": null,
        "plot_yesno": "Yes",
        "category_i": "INDUSTRIAL PLOT-ALLOTED",
        "quest": null,
        "status_inf": "ALLOTTED",
        "applied_ti": null,
        "alloted_ti": null,
        "allotmentr": null,
        "industri_1": "Food Park Sukma",
        "industri_2": "Food Park Sukma",
        "gis_tid": null,
        "st_area_sh": 0.0,
        "st_length_": 0.0,
        "uidv1": null,
        "status_from_csidc": "ALLOTTED",
        "uid": "IA-2030"
      }
    },
    {
      "type": "Feature",
      "id": "csidc_industrial_area_with_plots.fid-23377b7a_19c5672bde0_6eed",
      "geometry": {
        "type": "Polygon",
        "coordinates": [
          [
            [
              81.35864282,
              18.91344736
            ],
            [
              81.35858429,
              18.91344331
            ],
            [
              81.35857993,
              18.91355994
            ],
            [
              81.35863846,
              18.91356399
            ],
            [
              81.35864282,
              18.91344736
            ]
          ]
        ]
      },
      "geometry_name": "geom",
      "properties": {
        "gid": 3,
        "objectid": 1807,
        "district": "Dantewada",
        "plot_type": "INDUSTRIAL PURPOSE",
        "total_area": 0.0,
        "reservatio": null,
        "plot_munci": null,
        "corner_plo": null,
        "premium_ba": 0.0,
        "addi_premi": 0.0,
        "total_prem": 0.0,
        "label": null,
        "tot_premiu": 0.0,
        "location": "Tekanar",
        "remark": null,
        "sector_inf": "Other",
        "industrial": "TEKNAR",
        "district_i": "Dantewada",
        "plotno_inf": "17 E",
        "uniqueplot": null,
        "plotactiva": "2018-01-31Z",
        "plotupdate": null,
        "plot_yesno": "YES",
        "category_i": "INDUSTRIAL PLOT-ALLOTED",
        "quest": null,
        "status_inf": "UNAVAILABLE",
        "applied_ti": null,
        "alloted_ti": null,
        "allotmentr": null,
        "industri_1": null,
        "industri_2": null,
        "gis_tid": null,
        "st_area_sh": 6.843853e-09,
        "st_length_": 0.000350757269856,
        "uidv1": "IA-615",
        "status_from_csidc": null,
        "uid": "IA-615"
      }
    },
    {
      "type": "Feature",
      "id": "csidc_industrial_area_with_plots.fid-23377b7a_19c5672bde0_6eee",
      "geometry": {
        "type": "Polygon",
        "coordinates": [
          [
            [
              81.70653929,
              18.39536958
            ],
            [
              81.70653424,
              18.39536933
            ],
            [
              81.7065292,
              18.39536989
            ],
            [
              81.70627235,
              18.39541969
            ],
            [
              81.7062997,
              18.39555137
            ],
            [
              81.70658508,
              18.39549604
            ],
            [
              81.70656321,
              18.39539069
            ],
            [
              81.70656182,
              18.3953862
            ],
            [
              81.70655962,
              18.39538202
            ],
            [
              81.70655665,
              18.39537826
            ],
            [
              81.70655301,
              18.39537506
            ],
            [
              81.70654882,
              18.39537249
            ],
            [
              81.7065442,
              18.39537065
            ],
            [
              81.70653929,
              18.39536958
            ]
          ]
        ]
      },
      "geometry_name": "geom",
      "properties": {
        "gid": 4,
        "objectid": 24,
        "district": "SUKMA",
        "plot_type": "Industrial Purpose",
        "total_area": 448.07,
        "reservatio": "NO",
        "plot_munci": "YES",
        "corner_plo": "YES",
        "premium_ba": 4000000,
        "addi_premi": 1200000,
        "total_prem": 5200000,
        "label": null,
        "tot_premiu": 0.0,
        "location": "SUKMA",
        "remark": null,
        "sector_inf": null,
        "industrial": "Food Park Sukma",
        "district_i": "Sukma",
        "plotno_inf": "24",
        "uniqueplot": "24",
        "plotactiva": null,
        "plotupdate": null,
        "plot_yesno": "Yes",
        "category_i": "INDUSTRIAL PLOT-ALLOTED",
        "quest": null,
        "status_inf": "AVAILABLE",
        "applied_ti": null,
        "alloted_ti": null,
        "allotmentr": null,
        "industri_1": "Food Park Sukma",
        "industri_2": "Food Park Sukma",
        "gis_tid": null,
        "st_area_sh": 0.0,
        "st_length_": 0.0,
        "uidv1": null,
        "status_from_csidc": "AVAILABLE",
        "uid": "IA-2026"
      }
    },
    {
      "type": "Feature",
      "id": "csidc_industrial_area_with_plots.fid-23377b7a_19c5672bde0_6eef",
      "geometry": {
        "type": "Polygon",
        "coordinates": [
          [
            [
              82.24659453,
              22.17809033
            ],
            [
              82.24674155,
              22.17841958
            ],
            [
              82.24720528,
              22.17827999
            ],
            [
              82.24706148,
              22.17794916
            ],
            [
              82.24659453,
              22.17809033
            ]
          ]
        ]
      },
      "geometry_name": "geom",
      "properties": {
        "gid": 5,
        "objectid": 0,
        "district": "BILASPUR",
        "plot_type": "INDUSTRIAL PURPOSE",
        "total_area": 2000,
        "reservatio": null,
        "plot_munci": "No",
        "corner_plo": "No",
        "premium_ba": 14400000,
        "addi_premi": 0.0,
        "total_prem": 2880000,
        "label": null,
        "tot_premiu": 0.0,
        "location": "Selar",
        "remark": null,
        "sector_inf": "BLOCK - G",
        "industrial": "Industrial Area Selar",
        "district_i": "BILASPUR",
        "plotno_inf": "3",
        "uniqueplot": "3",
        "plotactiva": null,
        "plotupdate": null,
        "plot_yesno": "YES",
        "category_i": "INDUSTRIAL PLOT-ALLOTED",
        "quest": null,
        "status_inf": "ALLOTTED",
        "applied_ti": null,
        "alloted_ti": null,
        "allotmentr": null,
        "industri_1": "Industrial Area Selar",
        "industri_2": "Industrial Area Selar",
        "gis_tid": null,
        "st_area_sh": 0.0,
        "st_length_": 0.0,
        "uidv1": "IA-1037",
        "status_from_csidc": "ALLOTTED",
        "uid": "IA-1037"
      }
    },
    {
      "type": "Feature",
      "id": "csidc_industrial_area_with_plots.fid-23377b7a_19c5672bde0_6ef0",
      "geometry": {
        "type": "Polygon",
        "coordinates": [
          [
            [
              81.59145125,
              21.29269398
            ],
            [
              81.59103662,
              21.29238099
            ],
            [
              81.59085422,
              21.29258899
            ],
            [
              81.59130154,
              21.29292665
            ],
            [
              81.59145124,
              21.29270086
            ],
            [
              81.59145428,
              21.29269626
            ],
            [
              81.59145125,
              21.29269398
            ]
          ]
        ]
      },
      "geometry_name": "geom",
      "properties": {
        "gid": 6,
        "objectid": 0,
        "district": "RAIPUR",
        "plot_type": "INDUSTRIAL PURPOSE",
        "total_area": 1687.081,
        "reservatio": null,
        "plot_munci": "YES",
        "corner_plo": "YES",
        "premium_ba": 14400000,
        "addi_premi": 4320000,
        "total_prem": 18720000,
        "label": null,
        "tot_premiu": 0.0,
        "location": "Sarora",
        "remark": null,
        "sector_inf": null,
        "industrial": "PLASTIC PARK",
        "district_i": "RAIPUR",
        "plotno_inf": "17",
        "uniqueplot": "17",
        "plotactiva": null,
        "plotupdate": null,
        "plot_yesno": "YES",
        "category_i": "INDUSTRIAL PLOT-ALLOTED",
        "quest": null,
        "status_inf": "ALLOTTED",
        "applied_ti": null,
        "alloted_ti": null,
        "allotmentr": null,
        "industri_1": "PLASTIC PARK",
        "industri_2": "PLASTIC PARK",
        "gis_tid": null,
        "st_area_sh": 0.0,
        "st_length_": 0.0,
        "uidv1": "IA-585",
        "status_from_csidc": "BOOKED",
        "uid": "IA-585"
      }
    },
    {
      "type": "Feature",
      "id": "csidc_industrial_area_with_plots.fid-23377b7a_19c5672bde0_6ef1",
      "geometry": {
        "type": "Polygon",
        "coordinates": [
          [
            [
              81.52910363,
              20.68997029
            ],
            [
              81.52910343,
              20.68996953
            ],
            [
              81.52905066,
              20.68976671
            ],
            [
              81.52888353,
              20.68980462
            ],
            [
              81.5289365,
              20.69000819
            ],
            [
              81.52910363,
              20.68997029
            ]
          ]
        ]
      },
      "geometry_name": "geom",
      "properties": {
        "gid": 7,
        "objectid": 6,
        "district": "Dhamtari",
        "plot_type": "INDUSTRIAL PURPOSE",
        "total_area": 540,
        "reservatio": "No",
        "plot_munci": "YES",
        "corner_plo": "No",
        "premium_ba": 4000000,
        "addi_premi": 400000,
        "total_prem": 4400000,
        "label": null,
        "tot_premiu": 0.0,
        "location": "Shyamtarai",
        "remark": null,
        "sector_inf": null,
        "industrial": "Inustrial Area Shyamtarai",
        "district_i": "Dhamtari",
        "plotno_inf": "6",
        "uniqueplot": "6",
        "plotactiva": null,
        "plotupdate": null,
        "plot_yesno": "Yes",
        "category_i": "INDUSTRIAL PLOT-ALLOTED",
        "quest": null,
        "status_inf": "ALLOTTED",
        "applied_ti": null,
        "alloted_ti": null,
        "allotmentr": null,
        "industri_1": "Industrial Area Shyamtarai",
        "industri_2": "Industrial Area Shyamtarai",
        "gis_tid": null,
        "st_area_sh": 3.6030866e-08,
        "st_length_": 0.000763451463747,
        "uidv1": null,
        "status_from_csidc": "ALLOTTED",
        "uid": "IA-2014"
      }
    },
    {
      "type": "Feature",
      "id": "csidc_industrial_area_with_plots.fid-23377b7a_19c5672bde0_6ef2",
      "geometry": {
        "type": "Polygon",
        "coordinates": [
          [
            [
              83.85437214,
              22.51679248
            ],
            [
              83.85437226,
              22.51679193
            ],
            [
              83.85436388,
              22.51679215
            ],
            [
              83.85414124,
              22.51676388
            ],
            [
              83.85407898,
              22.51705997
            ],
            [
              83.85430742,
              22.51710025
            ],
            [
              83.85437214,
              22.51679248
            ]
          ]
        ]
      },
      "geometry_name": "geom",
      "properties": {
        "gid": 8,
        "objectid": 0,
        "district": "JASPUR",
        "plot_type": "INDUSTRIAL PURPOSE",
        "total_area": 0.0,
        "reservatio": null,
        "plot_munci": "0",
        "corner_plo": "0",
        "premium_ba": 0.0,
        "addi_premi": 0.0,
        "total_prem": 0.0,
        "label": null,
        "tot_premiu": 0.0,
        "location": "Farshabahar Jaspur",
        "remark": null,
        "sector_inf": null,
        "industrial": "Farshabahar Industrial Area and Food Park",
        "district_i": "JASPUR",
        "plotno_inf": "11",
        "uniqueplot": "11",
        "plotactiva": null,
        "plotupdate": null,
        "plot_yesno": "YES",
        "category_i": "INDUSTRIAL PLOT-ALLOTED",
        "quest": null,
        "status_inf": "AVAILABLE",
        "applied_ti": null,
        "alloted_ti": null,
        "allotmentr": null,
        "industri_1": "Food Park Farshabahar",
        "industri_2": "Food Park Farshabahar",
        "gis_tid": null,
        "st_area_sh": 0.0,
        "st_length_": 0.0,
        "uidv1": "IA-2215",
        "status_from_csidc": "AVAILABLE",
        "uid": "IA-2215"
      }
    },
    {
      "type": "Feature",
      "id": "csidc_industrial_area_with_plots.fid-23377b7a_19c5672bde0_6ef3",
      "geometry": {
        "type": "Polygon",
        "coordinates": [
          [
            [
              83.85463004,
              22.51821453
            ],
            [
              83.85445103,
              22.51818297
            ],
            [
              83.85436828,
              22.51857648
            ],
            [
              83.85440643,
              22.51859092
            ],
            [
              83.85454744,
              22.51860734
            ],
            [
              83.85463004,
              22.51821453
            ]
          ]
        ]
      },
      "geometry_name": "geom",
      "properties": {
        "gid": 10,
        "objectid": 0,
        "district": "JASPUR",
        "plot_type": "INDUSTRIAL PURPOSE",
        "total_area": 0.0,
        "reservatio": null,
        "plot_munci": "0",
        "corner_plo": "0",
        "premium_ba": 0.0,
        "addi_premi": 0.0,
        "total_prem": 0.0,
        "label": null,
        "tot_premiu": 0.0,
        "location": "Farshabahar Jaspur",
        "remark": null,
        "sector_inf": null,
        "industrial": "Farshabahar Industrial Area and Food Park",
        "district_i": "JASPUR",
        "plotno_inf": "32",
        "uniqueplot": "32",
        "plotactiva": null,
        "plotupdate": null,
        "plot_yesno": "YES",
        "category_i": "INDUSTRIAL PLOT - AVAILABLE",
        "quest": null,
        "status_inf": "AVAILABLE",
        "applied_ti": null,
        "alloted_ti": null,
        "allotmentr": null,
        "industri_1": "Food Park Farshabahar",
        "industri_2": "Food Park Farshabahar",
        "gis_tid": null,
        "st_area_sh": 0.0,
        "st_length_": 0.0,
        "uidv1": "IA-2236",
        "status_from_csidc": "AVAILABLE",
        "uid": "IA-2236"
      }
    },
    {
      "type": "Feature",
      "id": "csidc_industrial_area_with_plots.fid-23377b7a_19c5672bde0_6ef4",
      "geometry": {
        "type": "Polygon",
        "coordinates": [
          [
            [
              83.85568984,
              22.51876602
            ],
            [
              83.85549094,
              22.51873095
            ],
            [
              83.855417,
              22.51908257
            ],
            [
              83.85557597,
              22.5191109
            ],
            [
              83.85557607,
              22.51911091
            ],
            [
              83.85558229,
              22.51911158
            ],
            [
              83.85558271,
              22.51911156
            ],
            [
              83.85558501,
              22.51911149
            ],
            [
              83.85558942,
              22.51911124
            ],
            [
              83.85559203,
              22.51911078
            ],
            [
              83.85559597,
              22.51910993
            ],
            [
              83.85559859,
              22.51910907
            ],
            [
              83.85560217,
              22.51910767
            ],
            [
              83.85560465,
              22.51910644
            ],
            [
              83.85560787,
              22.51910452
            ],
            [
              83.85561008,
              22.51910295
            ],
            [
              83.8556129,
              22.51910053
            ],
            [
              83.85561477,
              22.51909872
            ],
            [
              83.85561715,
              22.5190958
            ],
            [
              83.85561859,
              22.51909386
            ],
            [
              83.85562054,
              22.51909027
            ],
            [
              83.85562144,
              22.51908849
            ],
            [
              83.85562324,
              22.51908277
            ],
            [
              83.85568984,
              22.51876602
            ]
          ]
        ]
      },
      "geometry_name": "geom",
      "properties": {
        "gid": 11,
        "objectid": 0,
        "district": "JASPUR",
        "plot_type": "INDUSTRIAL PURPOSE",
        "total_area": 720,
        "reservatio": null,
        "plot_munci": "No",
        "corner_plo": "No",
        "premium_ba": 4800000,
        "addi_premi": 0.0,
        "total_prem": 4800000,
        "label": null,
        "tot_premiu": 4800000,
        "location": "Farshabahar Jaspur",
        "remark": null,
        "sector_inf": null,
        "industrial": "Farshabahar Industrial Area and Food Park",
        "district_i": "JASPUR",
        "plotno_inf": "22",
        "uniqueplot": "22",
        "plotactiva": null,
        "plotupdate": null,
        "plot_yesno": "YES",
        "category_i": "INDUSTRIAL PLOT-ALLOTED",
        "quest": null,
        "status_inf": "AVAILABLE",
        "applied_ti": null,
        "alloted_ti": null,
        "allotmentr": null,
        "industri_1": "Food Park Farshabahar",
        "industri_2": "Food Park Farshabahar",
        "gis_tid": null,
        "st_area_sh": 0.0,
        "st_length_": 0.0,
        "uidv1": "IA-2225",
        "status_from_csidc": "AVAILABLE",
        "uid": "IA-2225"
      }
    },
    {
      "type": "Feature",
      "id": "csidc_industrial_area_with_plots.fid-23377b7a_19c5672bde0_6ef5",
      "geometry": {
        "type": "Polygon",
        "coordinates": [
          [
            [
              83.85653564,
              22.51882343
            ],
            [
              83.85639466,
              22.51879857
            ],
            [
              83.85633458,
              22.51878798
            ],
            [
              83.85628837,
              22.51900772
            ],
            [
              83.85624172,
              22.51922961
            ],
            [
              83.85624164,
              22.51922996
            ],
            [
              83.85644045,
              22.51926545
            ],
            [
              83.85653564,
              22.51882343
            ]
          ]
        ]
      },
      "geometry_name": "geom",
      "properties": {
        "gid": 12,
        "objectid": 0,
        "district": "JASPUR",
        "plot_type": "INDUSTRIAL PURPOSE",
        "total_area": 0.0,
        "reservatio": null,
        "plot_munci": "0",
        "corner_plo": "0",
        "premium_ba": 0.0,
        "addi_premi": 0.0,
        "total_prem": 0.0,
        "label": null,
        "tot_premiu": 0.0,
        "location": "Farshabahar Jaspur",
        "remark": null,
        "sector_inf": null,
        "industrial": "Farshabahar Industrial Area and Food Park",
        "district_i": "JASPUR",
        "plotno_inf": "21",
        "uniqueplot": "21",
        "plotactiva": null,
        "plotupdate": null,
        "plot_yesno": "YES",
        "category_i": "INDUSTRIAL PLOT-ALLOTED",
        "quest": null,
        "status_inf": "AVAILABLE",
        "applied_ti": null,
        "alloted_ti": null,
        "allotmentr": null,
        "industri_1": "Food Park Farshabahar",
        "industri_2": "Food Park Farshabahar",
        "gis_tid": null,
        "st_area_sh": 0.0,
        "st_length_": 0.0,
        "uidv1": "IA-2226",
        "status_from_csidc": "AVAILABLE",
        "uid": "IA-2226"
      }
    },
    {
      "type": "Feature",
      "id": "csidc_industrial_area_with_plots.fid-23377b7a_19c5672bde0_6ef6",
      "geometry": {
        "type": "Polygon",
        "coordinates": [
          [
            [
              81.70777097,
              18.39672732
            ],
            [
              81.70772539,
              18.39650784
            ],
            [
              81.70744001,
              18.39656318
            ],
            [
              81.70748558,
              18.39678266
            ],
            [
              81.70777097,
              18.39672732
            ]
          ]
        ]
      },
      "geometry_name": "geom",
      "properties": {
        "gid": 13,
        "objectid": 10,
        "district": "SUKMA",
        "plot_type": "Industrial Purpose",
        "total_area": 750,
        "reservatio": "YES",
        "plot_munci": "YES",
        "corner_plo": "NO",
        "premium_ba": 4000000,
        "addi_premi": 800000,
        "total_prem": 4800000,
        "label": null,
        "tot_premiu": 0.0,
        "location": "SUKMA",
        "remark": null,
        "sector_inf": null,
        "industrial": "Food Park Sukma",
        "district_i": "Sukma",
        "plotno_inf": "10",
        "uniqueplot": "10",
        "plotactiva": null,
        "plotupdate": null,
        "plot_yesno": "Yes",
        "category_i": "INDUSTRIAL PLOT-ALLOTED",
        "quest": null,
        "status_inf": "AVAILABLE",
        "applied_ti": null,
        "alloted_ti": null,
        "allotmentr": null,
        "industri_1": "Food Park Sukma",
        "industri_2": "Food Park Sukma",
        "gis_tid": null,
        "st_area_sh": 0.0,
        "st_length_": 0.0,
        "uidv1": null,
        "status_from_csidc": "AVAILABLE",
        "uid": "IA-2045"
      }
    },
    {
      "type": "Feature",
      "id": "csidc_industrial_area_with_plots.fid-23377b7a_19c5672bde0_6ef7",
      "geometry": {
        "type": "Polygon",
        "coordinates": [
          [
            [
              81.69337577,
              20.96934505
            ],
            [
              81.69358257,
              20.96924152
            ],
            [
              81.69347287,
              20.96904696
            ],
            [
              81.69305928,
              20.96925402
            ],
            [
              81.69316897,
              20.96944857
            ],
            [
              81.69337577,
              20.96934505
            ]
          ]
        ]
      },
      "geometry_name": "geom",
      "properties": {
        "gid": 9,
        "objectid": 16,
        "district": "Dhamtari",
        "plot_type": "INDUSTRIAL PURPOSE",
        "total_area": 1250,
        "reservatio": "No",
        "plot_munci": "No",
        "corner_plo": "No",
        "premium_ba": 10000000,
        "addi_premi": 0.0,
        "total_prem": 10000000,
        "label": null,
        "tot_premiu": 0.0,
        "location": "G-Jamgoan",
        "remark": null,
        "sector_inf": null,
        "industrial": "Industrial Area G-Jamgoan",
        "district_i": "Dhamtari",
        "plotno_inf": "16",
        "uniqueplot": "16",
        "plotactiva": null,
        "plotupdate": null,
        "plot_yesno": "YES",
        "category_i": "INDUSTRIAL PLOT-ALLOTED",
        "quest": null,
        "status_inf": "AVAILABLE",
        "applied_ti": null,
        "alloted_ti": null,
        "allotmentr": null,
        "industri_1": "Industrial Area G-Jamgoan",
        "industri_2": "Industrial Area G-Jamgoan",
        "gis_tid": null,
        "st_area_sh": 0.0,
        "st_length_": 0.0,
        "uidv1": null,
        "status_from_csidc": "AVAILABLE",
        "uid": "IA-1979"
      }
    },
    {
      "type": "Feature",
      "id": "csidc_industrial_area_with_plots.fid-23377b7a_19c5672bde0_6ef8",
      "geometry": {
        "type": "Polygon",
        "coordinates": [
          [
            [
              81.70781108,
              18.39692046
            ],
            [
              81.70777097,
              18.39672732
            ],
            [
              81.70748558,
              18.39678266
            ],
            [
              81.70753116,
              18.39700214
            ],
            [
              81.70778801,
              18.39695233
            ],
            [
              81.70779288,
              18.39695097
            ],
            [
              81.70779744,
              18.39694885
            ],
            [
              81.70780154,
              18.39694604
            ],
            [
              81.70780507,
              18.39694262
            ],
            [
              81.70780791,
              18.39693869
            ],
            [
              81.70780999,
              18.39693437
            ],
            [
              81.70781122,
              18.39692981
            ],
            [
              81.70781159,
              18.39692512
            ],
            [
              81.70781108,
              18.39692046
            ]
          ]
        ]
      },
      "geometry_name": "geom",
      "properties": {
        "gid": 14,
        "objectid": 9,
        "district": "SUKMA",
        "plot_type": "Industrial Purpose",
        "total_area": 748.07,
        "reservatio": "YES",
        "plot_munci": "YES",
        "corner_plo": "YES",
        "premium_ba": 4000000,
        "addi_premi": 1200000,
        "total_prem": 5200000,
        "label": null,
        "tot_premiu": 0.0,
        "location": "SUKMA",
        "remark": null,
        "sector_inf": null,
        "industrial": "Food Park Sukma",
        "district_i": "Sukma",
        "plotno_inf": "9",
        "uniqueplot": "9",
        "plotactiva": null,
        "plotupdate": null,
        "plot_yesno": "Yes",
        "category_i": "INDUSTRIAL PLOT-ALLOTED",
        "quest": null,
        "status_inf": "AVAILABLE",
        "applied_ti": null,
        "alloted_ti": null,
        "allotmentr": null,
        "industri_1": "Food Park Sukma",
        "industri_2": "Food Park Sukma",
        "gis_tid": null,
        "st_area_sh": 0.0,
        "st_length_": 0.0,
        "uidv1": null,
        "status_from_csidc": "AVAILABLE",
        "uid": "IA-2047"
      }
    },
    {
      "type": "Feature",
      "id": "csidc_industrial_area_with_plots.fid-23377b7a_19c5672bde0_6ef9",
      "geometry": {
        "type": "Polygon",
        "coordinates": [
          [
            [
              81.70680384,
              18.39654954
            ],
            [
              81.70677649,
              18.39641785
            ],
            [
              81.7064911,
              18.39647318
            ],
            [
              81.70651845,
              18.39660487
            ],
            [
              81.70680384,
              18.39654954
            ]
          ]
        ]
      },
      "geometry_name": "geom",
      "properties": {
        "gid": 15,
        "objectid": 16,
        "district": "SUKMA",
        "plot_type": "Industrial Purpose",
        "total_area": 450,
        "reservatio": "YES",
        "plot_munci": "YES",
        "corner_plo": "YES",
        "premium_ba": 4000000,
        "addi_premi": 1200000,
        "total_prem": 5200000,
        "label": null,
        "tot_premiu": 0.0,
        "location": "SUKMA",
        "remark": null,
        "sector_inf": null,
        "industrial": "Food Park Sukma",
        "district_i": "Sukma",
        "plotno_inf": "16",
        "uniqueplot": "16",
        "plotactiva": null,
        "plotupdate": null,
        "plot_yesno": "Yes",
        "category_i": "INDUSTRIAL PLOT-ALLOTED",
        "quest": null,
        "status_inf": "AVAILABLE",
        "applied_ti": null,
        "alloted_ti": null,
        "allotmentr": null,
        "industri_1": "Food Park Sukma",
        "industri_2": "Food Park Sukma",
        "gis_tid": null,
        "st_area_sh": 0.0,
        "st_length_": 0.0,
        "uidv1": null,
        "status_from_csidc": "AVAILABLE",
        "uid": "IA-2050"
      }
    },
    {
      "type": "Feature",
      "id": "csidc_industrial_area_with_plots.fid-23377b7a_19c5672bde0_6efa",
      "geometry": {
        "type": "Polygon",
        "coordinates": [
          [
            [
              81.70766906,
              18.39480459
            ],
            [
              81.7074778,
              18.39483892
            ],
            [
              81.70751426,
              18.39501451
            ],
            [
              81.70770452,
              18.39497762
            ],
            [
              81.70766906,
              18.39480459
            ]
          ]
        ]
      },
      "geometry_name": "geom",
      "properties": {
        "gid": 16,
        "objectid": 40,
        "district": "SUKMA",
        "plot_type": "Industrial Purpose",
        "total_area": 400,
        "reservatio": "YES",
        "plot_munci": "YES",
        "corner_plo": "NO",
        "premium_ba": 4000000,
        "addi_premi": 800000,
        "total_prem": 4800000,
        "label": null,
        "tot_premiu": 0.0,
        "location": "SUKMA",
        "remark": null,
        "sector_inf": null,
        "industrial": "Food Park Sukma",
        "district_i": "Sukma",
        "plotno_inf": "40",
        "uniqueplot": "40",
        "plotactiva": null,
        "plotupdate": null,
        "plot_yesno": "Yes",
        "category_i": "INDUSTRIAL PLOT-ALLOTED",
        "quest": null,
        "status_inf": "AVAILABLE",
        "applied_ti": null,
        "alloted_ti": null,
        "allotmentr": null,
        "industri_1": "Food Park Sukma",
        "industri_2": "Food Park Sukma",
        "gis_tid": null,
        "st_area_sh": 0.0,
        "st_length_": 0.0,
        "uidv1": null,
        "status_from_csidc": "AVAILABLE",
        "uid": "IA-2048"
      }
    },
    {
      "type": "Feature",
      "id": "csidc_industrial_area_with_plots.fid-23377b7a_19c5672bde0_6efb",
      "geometry": {
        "type": "Polygon",
        "coordinates": [
          [
            [
              81.70753116,
              18.39700214
            ],
            [
              81.70748558,
              18.39678266
            ],
            [
              81.70710506,
              18.39685644
            ],
            [
              81.70714517,
              18.39704958
            ],
            [
              81.70714655,
              18.39705407
            ],
            [
              81.70714876,
              18.39705825
            ],
            [
              81.70715173,
              18.397062
            ],
            [
              81.70715536,
              18.39706521
            ],
            [
              81.70715956,
              18.39706778
            ],
            [
              81.70716418,
              18.39706962
            ],
            [
              81.70716909,
              18.39707068
            ],
            [
              81.70717414,
              18.39707094
            ],
            [
              81.70717918,
              18.39707038
            ],
            [
              81.70753116,
              18.39700214
            ]
          ]
        ]
      },
      "geometry_name": "geom",
      "properties": {
        "gid": 17,
        "objectid": 8,
        "district": "SUKMA",
        "plot_type": "Industrial Purpose",
        "total_area": 998.07,
        "reservatio": "NO",
        "plot_munci": "YES",
        "corner_plo": "YES",
        "premium_ba": 4000000,
        "addi_premi": 1200000,
        "total_prem": 5200000,
        "label": null,
        "tot_premiu": 0.0,
        "location": "SUKMA",
        "remark": null,
        "sector_inf": null,
        "industrial": "Food Park Sukma",
        "district_i": "Sukma",
        "plotno_inf": "8",
        "uniqueplot": "8",
        "plotactiva": null,
        "plotupdate": null,
        "plot_yesno": "Yes",
        "category_i": "INDUSTRIAL PLOT-ALLOTED",
        "quest": null,
        "status_inf": "ALLOTTED",
        "applied_ti": null,
        "alloted_ti": null,
        "allotmentr": null,
        "industri_1": "Food Park Sukma",
        "industri_2": "Food Park Sukma",
        "gis_tid": null,
        "st_area_sh": 0.0,
        "st_length_": 0.0,
        "uidv1": null,
        "status_from_csidc": "ALLOTTED",
        "uid": "IA-2046"
      }
    },
    {
      "type": "Feature",
      "id": "csidc_industrial_area_with_plots.fid-23377b7a_19c5672bde0_6efc",
      "geometry": {
        "type": "Polygon",
        "coordinates": [
          [
            [
              83.85463144,
              22.51678557
            ],
            [
              83.85463155,
              22.51678502
            ],
            [
              83.85437226,
              22.51679193
            ],
            [
              83.85437214,
              22.51679248
            ],
            [
              83.85430742,
              22.51710025
            ],
            [
              83.85455604,
              22.51714409
            ],
            [
              83.85463144,
              22.51678557
            ]
          ]
        ]
      },
      "geometry_name": "geom",
      "properties": {
        "gid": 18,
        "objectid": 0,
        "district": "JASPUR",
        "plot_type": "INDUSTRIAL PURPOSE",
        "total_area": 0.0,
        "reservatio": null,
        "plot_munci": "0",
        "corner_plo": "0",
        "premium_ba": 0.0,
        "addi_premi": 0.0,
        "total_prem": 0.0,
        "label": null,
        "tot_premiu": 0.0,
        "location": "Farshabahar Jaspur",
        "remark": null,
        "sector_inf": null,
        "industrial": "Farshabahar Industrial Area and Food Park",
        "district_i": "JASPUR",
        "plotno_inf": "10",
        "uniqueplot": "10",
        "plotactiva": null,
        "plotupdate": null,
        "plot_yesno": "YES",
        "category_i": "INDUSTRIAL PLOT-ALLOTED",
        "quest": null,
        "status_inf": "AVAILABLE",
        "applied_ti": null,
        "alloted_ti": null,
        "allotmentr": null,
        "industri_1": "Food Park Farshabahar",
        "industri_2": "Food Park Farshabahar",
        "gis_tid": null,
        "st_area_sh": 0.0,
        "st_length_": 0.0,
        "uidv1": "IA-2214",
        "status_from_csidc": "AVAILABLE",
        "uid": "IA-2214"
      }
    },
    {
      "type": "Feature",
      "id": "csidc_industrial_area_with_plots.fid-23377b7a_19c5672bde0_6efd",
      "geometry": {
        "type": "Polygon",
        "coordinates": [
          [
            [
              83.85488465,
              22.51680757
            ],
            [
              83.85488476,
              22.51680703
            ],
            [
              83.85482094,
              22.51681665
            ],
            [
              83.85464447,
              22.51678468
            ],
            [
              83.85463155,
              22.51678502
            ],
            [
              83.85463144,
              22.51678557
            ],
            [
              83.85455604,
              22.51714409
            ],
            [
              83.85480467,
              22.51718793
            ],
            [
              83.85488465,
              22.51680757
            ]
          ]
        ]
      },
      "geometry_name": "geom",
      "properties": {
        "gid": 19,
        "objectid": 0,
        "district": "JASPUR",
        "plot_type": "INDUSTRIAL PURPOSE",
        "total_area": 1034,
        "reservatio": null,
        "plot_munci": "No",
        "corner_plo": "No",
        "premium_ba": 4800000,
        "addi_premi": 0.0,
        "total_prem": 4800000,
        "label": null,
        "tot_premiu": 4800000,
        "location": "Farshabahar Jaspur",
        "remark": null,
        "sector_inf": null,
        "industrial": "Farshabahar Industrial Area and Food Park",
        "district_i": "JASPUR",
        "plotno_inf": "9",
        "uniqueplot": "9",
        "plotactiva": null,
        "plotupdate": null,
        "plot_yesno": "YES",
        "category_i": "INDUSTRIAL PLOT-ALLOTED",
        "quest": null,
        "status_inf": "AVAILABLE",
        "applied_ti": null,
        "alloted_ti": null,
        "allotmentr": null,
        "industri_1": "Food Park Farshabahar",
        "industri_2": "Food Park Farshabahar",
        "gis_tid": null,
        "st_area_sh": 0.0,
        "st_length_": 0.0,
        "uidv1": "IA-2213",
        "status_from_csidc": "AVAILABLE",
        "uid": "IA-2213"
      }
    },
    {
      "type": "Feature",
      "id": "csidc_industrial_area_with_plots.fid-23377b7a_19c5672bde0_6efe",
      "geometry": {
        "type": "Polygon",
        "coordinates": [
          [
            [
              83.85513202,
              22.51685735
            ],
            [
              83.85513257,
              22.51685476
            ],
            [
              83.85513268,
              22.51685421
            ],
            [
              83.85488551,
              22.51680692
            ],
            [
              83.85488476,
              22.51680703
            ],
            [
              83.85488465,
              22.51680757
            ],
            [
              83.85480467,
              22.51718793
            ],
            [
              83.85505329,
              22.51723177
            ],
            [
              83.85513202,
              22.51685735
            ]
          ]
        ]
      },
      "geometry_name": "geom",
      "properties": {
        "gid": 20,
        "objectid": 0,
        "district": "JASPUR",
        "plot_type": "INDUSTRIAL PURPOSE",
        "total_area": 1079,
        "reservatio": null,
        "plot_munci": "No",
        "corner_plo": "No",
        "premium_ba": 4800000,
        "addi_premi": 0.0,
        "total_prem": 4800000,
        "label": null,
        "tot_premiu": 4800000,
        "location": "Farshabahar Jaspur",
        "remark": null,
        "sector_inf": null,
        "industrial": "Farshabahar Industrial Area and Food Park",
        "district_i": "JASPUR",
        "plotno_inf": "8",
        "uniqueplot": "8",
        "plotactiva": null,
        "plotupdate": null,
        "plot_yesno": "YES",
        "category_i": "INDUSTRIAL PLOT-ALLOTED",
        "quest": null,
        "status_inf": "AVAILABLE",
        "applied_ti": null,
        "alloted_ti": null,
        "allotmentr": null,
        "industri_1": "Food Park Farshabahar",
        "industri_2": "Food Park Farshabahar",
        "gis_tid": null,
        "st_area_sh": 0.0,
        "st_length_": 0.0,
        "uidv1": "IA-2212",
        "status_from_csidc": "AVAILABLE",
        "uid": "IA-2212"
      }
    },
    {
      "type": "Feature",
      "id": "csidc_industrial_area_with_plots.fid-23377b7a_19c5672bde0_6eff",
      "geometry": {
        "type": "Polygon",
        "coordinates": [
          [
            [
              81.70748558,
              18.39678266
            ],
            [
              81.70744001,
              18.39656318
            ],
            [
              81.70705949,
              18.39663696
            ],
            [
              81.70710506,
              18.39685644
            ],
            [
              81.70748558,
              18.39678266
            ]
          ]
        ]
      },
      "geometry_name": "geom",
      "properties": {
        "gid": 21,
        "objectid": 7,
        "district": "SUKMA",
        "plot_type": "Industrial Purpose",
        "total_area": 1000,
        "reservatio": "NO",
        "plot_munci": "YES",
        "corner_plo": "YES",
        "premium_ba": 4000000,
        "addi_premi": 1200000,
        "total_prem": 5200000,
        "label": null,
        "tot_premiu": 0.0,
        "location": "SUKMA",
        "remark": null,
        "sector_inf": null,
        "industrial": "Food Park Sukma",
        "district_i": "Sukma",
        "plotno_inf": "7",
        "uniqueplot": "7",
        "plotactiva": null,
        "plotupdate": null,
        "plot_yesno": "Yes",
        "category_i": "INDUSTRIAL PLOT-ALLOTED",
        "quest": null,
        "status_inf": "ALLOTTED",
        "applied_ti": null,
        "alloted_ti": null,
        "allotmentr": null,
        "industri_1": "Food Park Sukma",
        "industri_2": "Food Park Sukma",
        "gis_tid": null,
        "st_area_sh": 0.0,
        "st_length_": 0.0,
        "uidv1": null,
        "status_from_csidc": "ALLOTTED",
        "uid": "IA-2049"
      }
    },
    {
      "type": "Feature",
      "id": "csidc_industrial_area_with_plots.fid-23377b7a_19c5672bde0_6f00",
      "geometry": {
        "type": "Polygon",
        "coordinates": [
          [
            [
              81.70767982,
              18.39628837
            ],
            [
              81.70765247,
              18.39615668
            ],
            [
              81.70736709,
              18.39621201
            ],
            [
              81.70739443,
              18.3963437
            ],
            [
              81.70767982,
              18.39628837
            ]
          ]
        ]
      },
      "geometry_name": "geom",
      "properties": {
        "gid": 22,
        "objectid": 12,
        "district": "SUKMA",
        "plot_type": "Industrial Purpose",
        "total_area": 450,
        "reservatio": "YES",
        "plot_munci": "YES",
        "corner_plo": "NO",
        "premium_ba": 4000000,
        "addi_premi": 800000,
        "total_prem": 4800000,
        "label": null,
        "tot_premiu": 0.0,
        "location": "SUKMA",
        "remark": null,
        "sector_inf": null,
        "industrial": "Food Park Sukma",
        "district_i": "Sukma",
        "plotno_inf": "12",
        "uniqueplot": "12",
        "plotactiva": null,
        "plotupdate": null,
        "plot_yesno": "Yes",
        "category_i": "INDUSTRIAL PLOT-ALLOTED",
        "quest": null,
        "status_inf": "AVAILABLE",
        "applied_ti": null,
        "alloted_ti": null,
        "allotmentr": null,
        "industri_1": "Food Park Sukma",
        "industri_2": "Food Park Sukma",
        "gis_tid": null,
        "st_area_sh": 0.0,
        "st_length_": 0.0,
        "uidv1": null,
        "status_from_csidc": "AVAILABLE",
        "uid": "IA-1950"
      }
    },
    {
      "type": "Feature",
      "id": "csidc_industrial_area_with_plots.fid-23377b7a_19c5672bde0_6f01",
      "geometry": {
        "type": "Polygon",
        "coordinates": [
          [
            [
              81.35846723,
              18.91343521
            ],
            [
              81.3584087,
              18.91343115
            ],
            [
              81.35840434,
              18.91354778
            ],
            [
              81.35846287,
              18.91355183
            ],
            [
              81.35846723,
              18.91343521
            ]
          ]
        ]
      },
      "geometry_name": "geom",
      "properties": {
        "gid": 24,
        "objectid": 1804,
        "district": "Dantewada",
        "plot_type": "INDUSTRIAL PURPOSE",
        "total_area": 0.0,
        "reservatio": null,
        "plot_munci": null,
        "corner_plo": null,
        "premium_ba": 0.0,
        "addi_premi": 0.0,
        "total_prem": 0.0,
        "label": null,
        "tot_premiu": 0.0,
        "location": "Tekanar",
        "remark": null,
        "sector_inf": "Other",
        "industrial": "TEKNAR",
        "district_i": "Dantewada",
        "plotno_inf": "17 B",
        "uniqueplot": null,
        "plotactiva": "2018-01-31Z",
        "plotupdate": null,
        "plot_yesno": "YES",
        "category_i": "INDUSTRIAL PLOT-ALLOTED",
        "quest": null,
        "status_inf": "UNAVAILABLE",
        "applied_ti": null,
        "alloted_ti": null,
        "allotmentr": null,
        "industri_1": null,
        "industri_2": null,
        "gis_tid": null,
        "st_area_sh": 6.843945e-09,
        "st_length_": 0.000350759373212,
        "uidv1": "IA-612",
        "status_from_csidc": null,
        "uid": "IA-612"
      }
    },
    {
      "type": "Feature",
      "id": "csidc_industrial_area_with_plots.fid-23377b7a_19c5672bde0_6f02",
      "geometry": {
        "type": "Polygon",
        "coordinates": [
          [
            [
              81.70736709,
              18.39621201
            ],
            [
              81.70734886,
              18.39612422
            ],
            [
              81.70696834,
              18.396198
            ],
            [
              81.70701392,
              18.39641748
            ],
            [
              81.70739443,
              18.3963437
            ],
            [
              81.70736709,
              18.39621201
            ]
          ]
        ]
      },
      "geometry_name": "geom",
      "properties": {
        "gid": 25,
        "objectid": 5,
        "district": "SUKMA",
        "plot_type": "Industrial Purpose",
        "total_area": 1000,
        "reservatio": "NO",
        "plot_munci": "YES",
        "corner_plo": "YES",
        "premium_ba": 4000000,
        "addi_premi": 1200000,
        "total_prem": 5200000,
        "label": null,
        "tot_premiu": 0.0,
        "location": "SUKMA",
        "remark": null,
        "sector_inf": null,
        "industrial": "Food Park Sukma",
        "district_i": "Sukma",
        "plotno_inf": "5",
        "uniqueplot": "5",
        "plotactiva": null,
        "plotupdate": null,
        "plot_yesno": "Yes",
        "category_i": "INDUSTRIAL PLOT-ALLOTED",
        "quest": null,
        "status_inf": "ALLOTTED",
        "applied_ti": null,
        "alloted_ti": null,
        "allotmentr": null,
        "industri_1": "Food Park Sukma",
        "industri_2": "Food Park Sukma",
        "gis_tid": null,
        "st_area_sh": 0.0,
        "st_length_": 0.0,
        "uidv1": null,
        "status_from_csidc": "ALLOTTED",
        "uid": "IA-1953"
      }
    },
    {
      "type": "Feature",
      "id": "csidc_industrial_area_with_plots.fid-23377b7a_19c5672bde0_6f03",
      "geometry": {
        "type": "Polygon",
        "coordinates": [
          [
            [
              81.69304231,
              20.96760601
            ],
            [
              81.69291068,
              20.96737254
            ],
            [
              81.69274524,
              20.96745536
            ],
            [
              81.69287687,
              20.96768883
            ],
            [
              81.69304231,
              20.96760601
            ]
          ]
        ]
      },
      "geometry_name": "geom",
      "properties": {
        "gid": 26,
        "objectid": 32,
        "district": "Dhamtari",
        "plot_type": "INDUSTRIAL PURPOSE",
        "total_area": 600,
        "reservatio": "yes",
        "plot_munci": "No",
        "corner_plo": "No",
        "premium_ba": 10000000,
        "addi_premi": 0.0,
        "total_prem": 10000000,
        "label": null,
        "tot_premiu": 0.0,
        "location": "G-Jamgoan",
        "remark": null,
        "sector_inf": null,
        "industrial": "Industrial Area G-Jamgoan",
        "district_i": "Dhamtari",
        "plotno_inf": "32",
        "uniqueplot": "32",
        "plotactiva": null,
        "plotupdate": null,
        "plot_yesno": "YES",
        "category_i": "INDUSTRIAL PLOT-ALLOTED",
        "quest": null,
        "status_inf": "AVAILABLE",
        "applied_ti": null,
        "alloted_ti": null,
        "allotmentr": null,
        "industri_1": "Industrial Area G-Jamgoan",
        "industri_2": "Industrial Area G-Jamgoan",
        "gis_tid": null,
        "st_area_sh": 0.0,
        "st_length_": 0.0,
        "uidv1": null,
        "status_from_csidc": "AVAILABLE",
        "uid": "IA-1962"
      }
    },
    {
      "type": "Feature",
      "id": "csidc_industrial_area_with_plots.fid-23377b7a_19c5672bde0_6f04",
      "geometry": {
        "type": "Polygon",
        "coordinates": [
          [
            [
              81.692485,
              20.96710665
            ],
            [
              81.69237531,
              20.9669121
            ],
            [
              81.69220987,
              20.96699492
            ],
            [
              81.69231956,
              20.96718947
            ],
            [
              81.692485,
              20.96710665
            ]
          ]
        ]
      },
      "geometry_name": "geom",
      "properties": {
        "gid": 27,
        "objectid": 38,
        "district": "Dhamtari",
        "plot_type": "INDUSTRIAL PURPOSE",
        "total_area": 500,
        "reservatio": "yes",
        "plot_munci": "No",
        "corner_plo": "No",
        "premium_ba": 10000000,
        "addi_premi": 0.0,
        "total_prem": 10000000,
        "label": null,
        "tot_premiu": 0.0,
        "location": "G-Jamgoan",
        "remark": null,
        "sector_inf": null,
        "industrial": "Industrial Area G-Jamgoan",
        "district_i": "Dhamtari",
        "plotno_inf": "38",
        "uniqueplot": "38",
        "plotactiva": null,
        "plotupdate": null,
        "plot_yesno": "YES",
        "category_i": "INDUSTRIAL PLOT-ALLOTED",
        "quest": null,
        "status_inf": "ALLOTTED",
        "applied_ti": null,
        "alloted_ti": null,
        "allotmentr": null,
        "industri_1": "Industrial Area G-Jamgoan",
        "industri_2": "Industrial Area G-Jamgoan",
        "gis_tid": null,
        "st_area_sh": 0.0,
        "st_length_": 0.0,
        "uidv1": null,
        "status_from_csidc": "ALLOTTED",
        "uid": "IA-1956"
      }
    },
    {
      "type": "Feature",
      "id": "csidc_industrial_area_with_plots.fid-23377b7a_19c5672bde0_6f05",
      "geometry": {
        "type": "Polygon",
        "coordinates": [
          [
            [
              81.69265044,
              20.96702383
            ],
            [
              81.69254075,
              20.96682927
            ],
            [
              81.69237531,
              20.9669121
            ],
            [
              81.692485,
              20.96710665
            ],
            [
              81.69265044,
              20.96702383
            ]
          ]
        ]
      },
      "geometry_name": "geom",
      "properties": {
        "gid": 28,
        "objectid": 39,
        "district": "Dhamtari",
        "plot_type": "INDUSTRIAL PURPOSE",
        "total_area": 500,
        "reservatio": "yes",
        "plot_munci": "No",
        "corner_plo": "No",
        "premium_ba": 10000000,
        "addi_premi": 0.0,
        "total_prem": 10000000,
        "label": null,
        "tot_premiu": 0.0,
        "location": "G-Jamgoan",
        "remark": null,
        "sector_inf": null,
        "industrial": "Industrial Area G-Jamgoan",
        "district_i": "Dhamtari",
        "plotno_inf": "39",
        "uniqueplot": "39",
        "plotactiva": null,
        "plotupdate": null,
        "plot_yesno": "YES",
        "category_i": "INDUSTRIAL PLOT-ALLOTED",
        "quest": null,
        "status_inf": "AVAILABLE",
        "applied_ti": null,
        "alloted_ti": null,
        "allotmentr": null,
        "industri_1": "Industrial Area G-Jamgoan",
        "industri_2": "Industrial Area G-Jamgoan",
        "gis_tid": null,
        "st_area_sh": 0.0,
        "st_length_": 0.0,
        "uidv1": null,
        "status_from_csidc": "AVAILABLE",
        "uid": "IA-1955"
      }
    },
    {
      "type": "Feature",
      "id": "csidc_industrial_area_with_plots.fid-23377b7a_19c5672bde0_6f06",
      "geometry": {
        "type": "Polygon",
        "coordinates": [
          [
            [
              81.69274524,
              20.96745536
            ],
            [
              81.69261361,
              20.96722189
            ],
            [
              81.69244817,
              20.96730471
            ],
            [
              81.6925798,
              20.96753818
            ],
            [
              81.69274524,
              20.96745536
            ]
          ]
        ]
      },
      "geometry_name": "geom",
      "properties": {
        "gid": 29,
        "objectid": 36,
        "district": "Dhamtari",
        "plot_type": "INDUSTRIAL PURPOSE",
        "total_area": 600,
        "reservatio": "No",
        "plot_munci": "No",
        "corner_plo": "No",
        "premium_ba": 10000000,
        "addi_premi": 0.0,
        "total_prem": 10000000,
        "label": null,
        "tot_premiu": 0.0,
        "location": "G-Jamgoan",
        "remark": null,
        "sector_inf": null,
        "industrial": "Industrial Area G-Jamgoan",
        "district_i": "Dhamtari",
        "plotno_inf": "36",
        "uniqueplot": "36",
        "plotactiva": null,
        "plotupdate": null,
        "plot_yesno": "YES",
        "category_i": "INDUSTRIAL PLOT-ALLOTED",
        "quest": null,
        "status_inf": "ALLOTTED",
        "applied_ti": null,
        "alloted_ti": null,
        "allotmentr": null,
        "industri_1": "Industrial Area G-Jamgoan",
        "industri_2": "Industrial Area G-Jamgoan",
        "gis_tid": null,
        "st_area_sh": 0.0,
        "st_length_": 0.0,
        "uidv1": null,
        "status_from_csidc": "BOOKED",
        "uid": "IA-1959"
      }
    },
    {
      "type": "Feature",
      "id": "csidc_industrial_area_with_plots.fid-23377b7a_19c5672bde0_6f07",
      "geometry": {
        "type": "Polygon",
        "coordinates": [
          [
            [
              81.6925798,
              20.96753818
            ],
            [
              81.69244817,
              20.96730471
            ],
            [
              81.69228273,
              20.96738753
            ],
            [
              81.69241437,
              20.967621
            ],
            [
              81.6925798,
              20.96753818
            ]
          ]
        ]
      },
      "geometry_name": "geom",
      "properties": {
        "gid": 30,
        "objectid": 37,
        "district": "Dhamtari",
        "plot_type": "INDUSTRIAL PURPOSE",
        "total_area": 600,
        "reservatio": "No",
        "plot_munci": "No",
        "corner_plo": "No",
        "premium_ba": 10000000,
        "addi_premi": 0.0,
        "total_prem": 10000000,
        "label": null,
        "tot_premiu": 0.0,
        "location": "G-Jamgoan",
        "remark": null,
        "sector_inf": null,
        "industrial": "Industrial Area G-Jamgoan",
        "district_i": "Dhamtari",
        "plotno_inf": "37",
        "uniqueplot": "37",
        "plotactiva": null,
        "plotupdate": null,
        "plot_yesno": "YES",
        "category_i": "INDUSTRIAL PLOT-ALLOTED",
        "quest": null,
        "status_inf": "ALLOTTED",
        "applied_ti": null,
        "alloted_ti": null,
        "allotmentr": null,
        "industri_1": "Industrial Area G-Jamgoan",
        "industri_2": "Industrial Area G-Jamgoan",
        "gis_tid": null,
        "st_area_sh": 0.0,
        "st_length_": 0.0,
        "uidv1": null,
        "status_from_csidc": "BOOKED",
        "uid": "IA-1961"
      }
    },
    {
      "type": "Feature",
      "id": "csidc_industrial_area_with_plots.fid-23377b7a_19c5672bde0_6f08",
      "geometry": {
        "type": "Polygon",
        "coordinates": [
          [
            [
              81.69286551,
              20.96691617
            ],
            [
              81.69274591,
              20.96675178
            ],
            [
              81.69268651,
              20.9667563
            ],
            [
              81.69254075,
              20.96682927
            ],
            [
              81.69265044,
              20.96702383
            ],
            [
              81.69286551,
              20.96691617
            ]
          ]
        ]
      },
      "geometry_name": "geom",
      "properties": {
        "gid": 31,
        "objectid": 40,
        "district": "Dhamtari",
        "plot_type": "INDUSTRIAL PURPOSE",
        "total_area": 635,
        "reservatio": "yes",
        "plot_munci": "No",
        "corner_plo": "Yes",
        "premium_ba": 10000000,
        "addi_premi": 1000000,
        "total_prem": 11000000,
        "label": null,
        "tot_premiu": 0.0,
        "location": "G-Jamgoan",
        "remark": null,
        "sector_inf": null,
        "industrial": "Industrial Area G-Jamgoan",
        "district_i": "Dhamtari",
        "plotno_inf": "40",
        "uniqueplot": "40",
        "plotactiva": null,
        "plotupdate": null,
        "plot_yesno": "YES",
        "category_i": "INDUSTRIAL PLOT-ALLOTED",
        "quest": null,
        "status_inf": "ALLOTTED",
        "applied_ti": null,
        "alloted_ti": null,
        "allotmentr": null,
        "industri_1": "Industrial Area G-Jamgoan",
        "industri_2": "Industrial Area G-Jamgoan",
        "gis_tid": null,
        "st_area_sh": 0.0,
        "st_length_": 0.0,
        "uidv1": null,
        "status_from_csidc": "BOOKED",
        "uid": "IA-1954"
      }
    },
    {
      "type": "Feature",
      "id": "csidc_industrial_area_with_plots.fid-23377b7a_19c5672bde0_6f09",
      "geometry": {
        "type": "Polygon",
        "coordinates": [
          [
            [
              81.35870135,
              18.91345141
            ],
            [
              81.35864282,
              18.91344736
            ],
            [
              81.35863846,
              18.91356399
            ],
            [
              81.35869699,
              18.91356804
            ],
            [
              81.35870135,
              18.91345141
            ]
          ]
        ]
      },
      "geometry_name": "geom",
      "properties": {
        "gid": 34,
        "objectid": 1808,
        "district": "Dantewada",
        "plot_type": "INDUSTRIAL PURPOSE",
        "total_area": 0.0,
        "reservatio": null,
        "plot_munci": null,
        "corner_plo": null,
        "premium_ba": 0.0,
        "addi_premi": 0.0,
        "total_prem": 0.0,
        "label": null,
        "tot_premiu": 0.0,
        "location": "Tekanar",
        "remark": null,
        "sector_inf": "Other",
        "industrial": "TEKNAR",
        "district_i": "Dantewada",
        "plotno_inf": "17 F",
        "uniqueplot": null,
        "plotactiva": "2018-01-31Z",
        "plotupdate": null,
        "plot_yesno": "YES",
        "category_i": "INDUSTRIAL PLOT-ALLOTED",
        "quest": null,
        "status_inf": "UNAVAILABLE",
        "applied_ti": null,
        "alloted_ti": null,
        "allotmentr": null,
        "industri_1": null,
        "industri_2": null,
        "gis_tid": null,
        "st_area_sh": 6.843941e-09,
        "st_length_": 0.000350759298463,
        "uidv1": "IA-616",
        "status_from_csidc": null,
        "uid": "IA-616"
      }
    },
    {
      "type": "Feature",
      "id": "csidc_industrial_area_with_plots.fid-23377b7a_19c5672bde0_6f0a",
      "geometry": {
        "type": "Polygon",
        "coordinates": [
          [
            [
              81.69300728,
              20.96820233
            ],
            [
              81.69304864,
              20.96818162
            ],
            [
              81.69287313,
              20.96787033
            ],
            [
              81.69266633,
              20.96797385
            ],
            [
              81.69284184,
              20.96828515
            ],
            [
              81.69300728,
              20.96820233
            ]
          ]
        ]
      },
      "geometry_name": "geom",
      "properties": {
        "gid": 37,
        "objectid": 28,
        "district": "Dhamtari",
        "plot_type": "INDUSTRIAL PURPOSE",
        "total_area": 1000,
        "reservatio": "yes",
        "plot_munci": "No",
        "corner_plo": "No",
        "premium_ba": 10000000,
        "addi_premi": 0.0,
        "total_prem": 10000000,
        "label": null,
        "tot_premiu": 0.0,
        "location": "G-Jamgoan",
        "remark": null,
        "sector_inf": null,
        "industrial": "Industrial Area G-Jamgoan",
        "district_i": "Dhamtari",
        "plotno_inf": "28",
        "uniqueplot": "28",
        "plotactiva": null,
        "plotupdate": null,
        "plot_yesno": "YES",
        "category_i": "INDUSTRIAL PLOT-ALLOTED",
        "quest": null,
        "status_inf": "ALLOTTED",
        "applied_ti": null,
        "alloted_ti": null,
        "allotmentr": null,
        "industri_1": "Industrial Area G-Jamgoan",
        "industri_2": "Industrial Area G-Jamgoan",
        "gis_tid": null,
        "st_area_sh": 0.0,
        "st_length_": 0.0,
        "uidv1": null,
        "status_from_csidc": "ALLOTTED",
        "uid": "IA-1967"
      }
    },
    {
      "type": "Feature",
      "id": "csidc_industrial_area_with_plots.fid-23377b7a_19c5672bde0_6f0b",
      "geometry": {
        "type": "Polygon",
        "coordinates": [
          [
            [
              81.69318279,
              20.96851362
            ],
            [
              81.69300728,
              20.96820233
            ],
            [
              81.69284184,
              20.96828515
            ],
            [
              81.69280048,
              20.96830585
            ],
            [
              81.69297599,
              20.96861715
            ],
            [
              81.69318279,
              20.96851362
            ]
          ]
        ]
      },
      "geometry_name": "geom",
      "properties": {
        "gid": 38,
        "objectid": 24,
        "district": "Dhamtari",
        "plot_type": "INDUSTRIAL PURPOSE",
        "total_area": 1000,
        "reservatio": "No",
        "plot_munci": "No",
        "corner_plo": "No",
        "premium_ba": 10000000,
        "addi_premi": 0.0,
        "total_prem": 10000000,
        "label": null,
        "tot_premiu": 0.0,
        "location": "G-Jamgoan",
        "remark": null,
        "sector_inf": null,
        "industrial": "Industrial Area G-Jamgoan",
        "district_i": "Dhamtari",
        "plotno_inf": "24",
        "uniqueplot": "24",
        "plotactiva": null,
        "plotupdate": null,
        "plot_yesno": "YES",
        "category_i": "INDUSTRIAL PLOT-ALLOTED",
        "quest": null,
        "status_inf": "ALLOTTED",
        "applied_ti": null,
        "alloted_ti": null,
        "allotmentr": null,
        "industri_1": "Industrial Area G-Jamgoan",
        "industri_2": "Industrial Area G-Jamgoan",
        "gis_tid": null,
        "st_area_sh": 0.0,
        "st_length_": 0.0,
        "uidv1": null,
        "status_from_csidc": "ALLOTTED",
        "uid": "IA-1971"
      }
    },
    {
      "type": "Feature",
      "id": "csidc_industrial_area_with_plots.fid-23377b7a_19c5672bde0_6f0c",
      "geometry": {
        "type": "Polygon",
        "coordinates": [
          [
            [
              81.69338958,
              20.96841009
            ],
            [
              81.69321408,
              20.9680988
            ],
            [
              81.69304864,
              20.96818162
            ],
            [
              81.69300728,
              20.96820233
            ],
            [
              81.69318279,
              20.96851362
            ],
            [
              81.69338958,
              20.96841009
            ]
          ]
        ]
      },
      "geometry_name": "geom",
      "properties": {
        "gid": 39,
        "objectid": 23,
        "district": "Dhamtari",
        "plot_type": "INDUSTRIAL PURPOSE",
        "total_area": 1000,
        "reservatio": "No",
        "plot_munci": "No",
        "corner_plo": "No",
        "premium_ba": 10000000,
        "addi_premi": 0.0,
        "total_prem": 10000000,
        "label": null,
        "tot_premiu": 0.0,
        "location": "G-Jamgoan",
        "remark": null,
        "sector_inf": null,
        "industrial": "Industrial Area G-Jamgoan",
        "district_i": "Dhamtari",
        "plotno_inf": "23",
        "uniqueplot": "23",
        "plotactiva": null,
        "plotupdate": null,
        "plot_yesno": "YES",
        "category_i": "INDUSTRIAL PLOT-ALLOTED",
        "quest": null,
        "status_inf": "ALLOTTED",
        "applied_ti": null,
        "alloted_ti": null,
        "allotmentr": null,
        "industri_1": "Industrial Area G-Jamgoan",
        "industri_2": "Industrial Area G-Jamgoan",
        "gis_tid": null,
        "st_area_sh": 0.0,
        "st_length_": 0.0,
        "uidv1": null,
        "status_from_csidc": "ALLOTTED",
        "uid": "IA-1970"
      }
    },
    {
      "type": "Feature",
      "id": "csidc_industrial_area_with_plots.fid-23377b7a_19c5672bde0_6f0d",
      "geometry": {
        "type": "Polygon",
        "coordinates": [
          [
            [
              81.69363774,
              20.96828586
            ],
            [
              81.69346223,
              20.96797457
            ],
            [
              81.69325543,
              20.96807809
            ],
            [
              81.69321408,
              20.9680988
            ],
            [
              81.69338958,
              20.96841009
            ],
            [
              81.69363774,
              20.96828586
            ]
          ]
        ]
      },
      "geometry_name": "geom",
      "properties": {
        "gid": 40,
        "objectid": 22,
        "district": "Dhamtari",
        "plot_type": "INDUSTRIAL PURPOSE",
        "total_area": 1200,
        "reservatio": "No",
        "plot_munci": "No",
        "corner_plo": "Yes",
        "premium_ba": 10000000,
        "addi_premi": 1000000,
        "total_prem": 11000000,
        "label": null,
        "tot_premiu": 0.0,
        "location": "G-Jamgoan",
        "remark": null,
        "sector_inf": null,
        "industrial": "Industrial Area G-Jamgoan",
        "district_i": "Dhamtari",
        "plotno_inf": "22",
        "uniqueplot": "22",
        "plotactiva": null,
        "plotupdate": null,
        "plot_yesno": "YES",
        "category_i": "INDUSTRIAL PLOT-ALLOTED",
        "quest": null,
        "status_inf": "ALLOTTED",
        "applied_ti": null,
        "alloted_ti": null,
        "allotmentr": null,
        "industri_1": "Industrial Area G-Jamgoan",
        "industri_2": "Industrial Area G-Jamgoan",
        "gis_tid": null,
        "st_area_sh": 0.0,
        "st_length_": 0.0,
        "uidv1": null,
        "status_from_csidc": "ALLOTTED",
        "uid": "IA-1969"
      }
    },
    {
      "type": "Feature",
      "id": "csidc_industrial_area_with_plots.fid-23377b7a_19c5672bde0_6f0e",
      "geometry": {
        "type": "Polygon",
        "coordinates": [
          [
            [
              81.69287687,
              20.96768883
            ],
            [
              81.69274524,
              20.96745536
            ],
            [
              81.6925798,
              20.96753818
            ],
            [
              81.69271143,
              20.96777165
            ],
            [
              81.69287687,
              20.96768883
            ]
          ]
        ]
      },
      "geometry_name": "geom",
      "properties": {
        "gid": 42,
        "objectid": 31,
        "district": "Dhamtari",
        "plot_type": "INDUSTRIAL PURPOSE",
        "total_area": 600,
        "reservatio": "yes",
        "plot_munci": "No",
        "corner_plo": "No",
        "premium_ba": 10000000,
        "addi_premi": 0.0,
        "total_prem": 10000000,
        "label": null,
        "tot_premiu": 0.0,
        "location": "G-Jamgoan",
        "remark": null,
        "sector_inf": null,
        "industrial": "Industrial Area G-Jamgoan",
        "district_i": "Dhamtari",
        "plotno_inf": "31",
        "uniqueplot": "31",
        "plotactiva": null,
        "plotupdate": null,
        "plot_yesno": "YES",
        "category_i": "INDUSTRIAL PLOT-ALLOTED",
        "quest": null,
        "status_inf": "AVAILABLE",
        "applied_ti": null,
        "alloted_ti": null,
        "allotmentr": null,
        "industri_1": "Industrial Area G-Jamgoan",
        "industri_2": "Industrial Area G-Jamgoan",
        "gis_tid": null,
        "st_area_sh": 0.0,
        "st_length_": 0.0,
        "uidv1": null,
        "status_from_csidc": "AVAILABLE",
        "uid": "IA-1963"
      }
    },
    {
      "type": "Feature",
      "id": "csidc_industrial_area_with_plots.fid-23377b7a_19c5672bde0_6f0f",
      "geometry": {
        "type": "Polygon",
        "coordinates": [
          [
            [
              81.69271143,
              20.96777165
            ],
            [
              81.6925798,
              20.96753818
            ],
            [
              81.69241437,
              20.967621
            ],
            [
              81.69254599,
              20.96785447
            ],
            [
              81.69271143,
              20.96777165
            ]
          ]
        ]
      },
      "geometry_name": "geom",
      "properties": {
        "gid": 43,
        "objectid": 30,
        "district": "Dhamtari",
        "plot_type": "INDUSTRIAL PURPOSE",
        "total_area": 600,
        "reservatio": "yes",
        "plot_munci": "No",
        "corner_plo": "No",
        "premium_ba": 10000000,
        "addi_premi": 0.0,
        "total_prem": 10000000,
        "label": null,
        "tot_premiu": 0.0,
        "location": "G-Jamgoan",
        "remark": null,
        "sector_inf": null,
        "industrial": "Industrial Area G-Jamgoan",
        "district_i": "Dhamtari",
        "plotno_inf": "30",
        "uniqueplot": "30",
        "plotactiva": null,
        "plotupdate": null,
        "plot_yesno": "YES",
        "category_i": "INDUSTRIAL PLOT-ALLOTED",
        "quest": null,
        "status_inf": "AVAILABLE",
        "applied_ti": null,
        "alloted_ti": null,
        "allotmentr": null,
        "industri_1": "Industrial Area G-Jamgoan",
        "industri_2": "Industrial Area G-Jamgoan",
        "gis_tid": null,
        "st_area_sh": 0.0,
        "st_length_": 0.0,
        "uidv1": null,
        "status_from_csidc": "AVAILABLE",
        "uid": "IA-1964"
      }
    },
    {
      "type": "Feature",
      "id": "csidc_industrial_area_with_plots.fid-23377b7a_19c5672bde0_6f10",
      "geometry": {
        "type": "Polygon",
        "coordinates": [
          [
            [
              81.69382641,
              20.9686205
            ],
            [
              81.69371672,
              20.96842595
            ],
            [
              81.69325349,
              20.96865784
            ],
            [
              81.69336318,
              20.9688524
            ],
            [
              81.69382641,
              20.9686205
            ]
          ]
        ]
      },
      "geometry_name": "geom",
      "properties": {
        "gid": 35,
        "objectid": 19,
        "district": "Dhamtari",
        "plot_type": "INDUSTRIAL PURPOSE",
        "total_area": 1400,
        "reservatio": "No",
        "plot_munci": "No",
        "corner_plo": "Yes",
        "premium_ba": 10000000,
        "addi_premi": 1000000,
        "total_prem": 11000000,
        "label": null,
        "tot_premiu": 0.0,
        "location": "G-Jamgoan",
        "remark": null,
        "sector_inf": null,
        "industrial": "Industrial Area G-Jamgoan",
        "district_i": "Dhamtari",
        "plotno_inf": "19",
        "uniqueplot": "19",
        "plotactiva": null,
        "plotupdate": null,
        "plot_yesno": "YES",
        "category_i": "INDUSTRIAL PLOT-ALLOTED",
        "quest": null,
        "status_inf": "AVAILABLE",
        "applied_ti": null,
        "alloted_ti": null,
        "allotmentr": null,
        "industri_1": "Industrial Area G-Jamgoan",
        "industri_2": "Industrial Area G-Jamgoan",
        "gis_tid": null,
        "st_area_sh": 0.0,
        "st_length_": 0.0,
        "uidv1": null,
        "status_from_csidc": "AVAILABLE",
        "uid": "IA-1973"
      }
    },
    {
      "type": "Feature",
      "id": "csidc_industrial_area_with_plots.fid-23377b7a_19c5672bde0_6f11",
      "geometry": {
        "type": "Polygon",
        "coordinates": [
          [
            [
              81.69280048,
              20.96830585
            ],
            [
              81.69284184,
              20.96828515
            ],
            [
              81.69266633,
              20.96797385
            ],
            [
              81.69251744,
              20.96804839
            ],
            [
              81.69269295,
              20.96835969
            ],
            [
              81.69280048,
              20.96830585
            ]
          ]
        ]
      },
      "geometry_name": "geom",
      "properties": {
        "gid": 41,
        "objectid": 29,
        "district": "Dhamtari",
        "plot_type": "INDUSTRIAL PURPOSE",
        "total_area": 720,
        "reservatio": "yes",
        "plot_munci": "No",
        "corner_plo": "No",
        "premium_ba": 10000000,
        "addi_premi": 0.0,
        "total_prem": 10000000,
        "label": null,
        "tot_premiu": 0.0,
        "location": "G-Jamgoan",
        "remark": null,
        "sector_inf": null,
        "industrial": "Industrial Area G-Jamgoan",
        "district_i": "Dhamtari",
        "plotno_inf": "29",
        "uniqueplot": "29",
        "plotactiva": null,
        "plotupdate": null,
        "plot_yesno": "YES",
        "category_i": "INDUSTRIAL PLOT-ALLOTED",
        "quest": null,
        "status_inf": "AVAILABLE",
        "applied_ti": null,
        "alloted_ti": null,
        "allotmentr": null,
        "industri_1": "Industrial Area G-Jamgoan",
        "industri_2": "Industrial Area G-Jamgoan",
        "gis_tid": null,
        "st_area_sh": 0.0,
        "st_length_": 0.0,
        "uidv1": null,
        "status_from_csidc": "AVAILABLE",
        "uid": "IA-1968"
      }
    },
    {
      "type": "Feature",
      "id": "csidc_industrial_area_with_plots.fid-23377b7a_19c5672bde0_6f12",
      "geometry": {
        "type": "Polygon",
        "coordinates": [
          [
            [
              81.69321408,
              20.9680988
            ],
            [
              81.69325543,
              20.96807809
            ],
            [
              81.69307993,
              20.9677668
            ],
            [
              81.69287313,
              20.96787033
            ],
            [
              81.69304864,
              20.96818162
            ],
            [
              81.69321408,
              20.9680988
            ]
          ]
        ]
      },
      "geometry_name": "geom",
      "properties": {
        "gid": 44,
        "objectid": 27,
        "district": "Dhamtari",
        "plot_type": "INDUSTRIAL PURPOSE",
        "total_area": 1000,
        "reservatio": "yes",
        "plot_munci": "No",
        "corner_plo": "No",
        "premium_ba": 10000000,
        "addi_premi": 0.0,
        "total_prem": 10000000,
        "label": null,
        "tot_premiu": 0.0,
        "location": "G-Jamgoan",
        "remark": null,
        "sector_inf": null,
        "industrial": "Industrial Area G-Jamgoan",
        "district_i": "Dhamtari",
        "plotno_inf": "27",
        "uniqueplot": "27",
        "plotactiva": null,
        "plotupdate": null,
        "plot_yesno": "YES",
        "category_i": "INDUSTRIAL PLOT-ALLOTED",
        "quest": null,
        "status_inf": "AVAILABLE",
        "applied_ti": null,
        "alloted_ti": null,
        "allotmentr": null,
        "industri_1": "Industrial Area G-Jamgoan",
        "industri_2": "Industrial Area G-Jamgoan",
        "gis_tid": null,
        "st_area_sh": 0.0,
        "st_length_": 0.0,
        "uidv1": null,
        "status_from_csidc": "AVAILABLE",
        "uid": "IA-1966"
      }
    },
    {
      "type": "Feature",
      "id": "csidc_industrial_area_with_plots.fid-23377b7a_19c5672bde0_6f13",
      "geometry": {
        "type": "Polygon",
        "coordinates": [
          [
            [
              81.69307612,
              20.96728972
            ],
            [
              81.69294449,
              20.96705625
            ],
            [
              81.69277905,
              20.96713907
            ],
            [
              81.69291068,
              20.96737254
            ],
            [
              81.69307612,
              20.96728972
            ]
          ]
        ]
      },
      "geometry_name": "geom",
      "properties": {
        "gid": 33,
        "objectid": 34,
        "district": "Dhamtari",
        "plot_type": "INDUSTRIAL PURPOSE",
        "total_area": 600,
        "reservatio": "No",
        "plot_munci": "No",
        "corner_plo": "Yes",
        "premium_ba": 10000000,
        "addi_premi": 1000000,
        "total_prem": 11000000,
        "label": null,
        "tot_premiu": 0.0,
        "location": "G-Jamgoan",
        "remark": null,
        "sector_inf": null,
        "industrial": "Industrial Area G-Jamgoan",
        "district_i": "Dhamtari",
        "plotno_inf": "34",
        "uniqueplot": "34",
        "plotactiva": null,
        "plotupdate": null,
        "plot_yesno": "YES",
        "category_i": "INDUSTRIAL PLOT-ALLOTED",
        "quest": null,
        "status_inf": "AVAILABLE",
        "applied_ti": null,
        "alloted_ti": null,
        "allotmentr": null,
        "industri_1": "Industrial Area G-Jamgoan",
        "industri_2": "Industrial Area G-Jamgoan",
        "gis_tid": null,
        "st_area_sh": 0.0,
        "st_length_": 0.0,
        "uidv1": null,
        "status_from_csidc": "AVAILABLE",
        "uid": "IA-1957"
      }
    },
    {
      "type": "Feature",
      "id": "csidc_industrial_area_with_plots.fid-23377b7a_19c5672bde0_6f14",
      "geometry": {
        "type": "Polygon",
        "coordinates": [
          [
            [
              81.69336318,
              20.9688524
            ],
            [
              81.69325349,
              20.96865784
            ],
            [
              81.6928399,
              20.9688649
            ],
            [
              81.69294959,
              20.96905946
            ],
            [
              81.69336318,
              20.9688524
            ]
          ]
        ]
      },
      "geometry_name": "geom",
      "properties": {
        "gid": 36,
        "objectid": 18,
        "district": "Dhamtari",
        "plot_type": "INDUSTRIAL PURPOSE",
        "total_area": 1250,
        "reservatio": "No",
        "plot_munci": "No",
        "corner_plo": "Yes",
        "premium_ba": 10000000,
        "addi_premi": 1000000,
        "total_prem": 11000000,
        "label": null,
        "tot_premiu": 0.0,
        "location": "G-Jamgoan",
        "remark": null,
        "sector_inf": null,
        "industrial": "Industrial Area G-Jamgoan",
        "district_i": "Dhamtari",
        "plotno_inf": "18",
        "uniqueplot": "18",
        "plotactiva": null,
        "plotupdate": null,
        "plot_yesno": "YES",
        "category_i": "INDUSTRIAL PLOT-ALLOTED",
        "quest": null,
        "status_inf": "AVAILABLE",
        "applied_ti": null,
        "alloted_ti": null,
        "allotmentr": null,
        "industri_1": "Industrial Area G-Jamgoan",
        "industri_2": "Industrial Area G-Jamgoan",
        "gis_tid": null,
        "st_area_sh": 0.0,
        "st_length_": 0.0,
        "uidv1": null,
        "status_from_csidc": "AVAILABLE",
        "uid": "IA-1975"
      }
    },
    {
      "type": "Feature",
      "id": "csidc_industrial_area_with_plots.fid-23377b7a_19c5672bde0_6f15",
      "geometry": {
        "type": "Polygon",
        "coordinates": [
          [
            [
              81.69297599,
              20.96861715
            ],
            [
              81.69280048,
              20.96830585
            ],
            [
              81.69269295,
              20.96835969
            ],
            [
              81.69259368,
              20.96840938
            ],
            [
              81.69276919,
              20.96872067
            ],
            [
              81.69297599,
              20.96861715
            ]
          ]
        ]
      },
      "geometry_name": "geom",
      "properties": {
        "gid": 45,
        "objectid": 25,
        "district": "Dhamtari",
        "plot_type": "INDUSTRIAL PURPOSE",
        "total_area": 1000,
        "reservatio": "No",
        "plot_munci": "No",
        "corner_plo": "No",
        "premium_ba": 10000000,
        "addi_premi": 0.0,
        "total_prem": 10000000,
        "label": null,
        "tot_premiu": 0.0,
        "location": "G-Jamgoan",
        "remark": null,
        "sector_inf": null,
        "industrial": "Industrial Area G-Jamgoan",
        "district_i": "Dhamtari",
        "plotno_inf": "25",
        "uniqueplot": "25",
        "plotactiva": null,
        "plotupdate": null,
        "plot_yesno": "YES",
        "category_i": "INDUSTRIAL PLOT-ALLOTED",
        "quest": null,
        "status_inf": "ALLOTTED",
        "applied_ti": null,
        "alloted_ti": null,
        "allotmentr": null,
        "industri_1": "Industrial Area G-Jamgoan",
        "industri_2": "Industrial Area G-Jamgoan",
        "gis_tid": null,
        "st_area_sh": 0.0,
        "st_length_": 0.0,
        "uidv1": null,
        "status_from_csidc": "ALLOTTED",
        "uid": "IA-1972"
      }
    },
    {
      "type": "Feature",
      "id": "csidc_industrial_area_with_plots.fid-23377b7a_19c5672bde0_6f16",
      "geometry": {
        "type": "Polygon",
        "coordinates": [
          [
            [
              81.69346223,
              20.96797457
            ],
            [
              81.69328672,
              20.96766327
            ],
            [
              81.69307993,
              20.9677668
            ],
            [
              81.69325543,
              20.96807809
            ],
            [
              81.69346223,
              20.96797457
            ]
          ]
        ]
      },
      "geometry_name": "geom",
      "properties": {
        "gid": 47,
        "objectid": 26,
        "district": "Dhamtari",
        "plot_type": "INDUSTRIAL PURPOSE",
        "total_area": 1000,
        "reservatio": "yes",
        "plot_munci": "No",
        "corner_plo": "Yes",
        "premium_ba": 10000000,
        "addi_premi": 1000000,
        "total_prem": 11000000,
        "label": null,
        "tot_premiu": 0.0,
        "location": "G-Jamgoan",
        "remark": null,
        "sector_inf": null,
        "industrial": "Industrial Area G-Jamgoan",
        "district_i": "Dhamtari",
        "plotno_inf": "26",
        "uniqueplot": "26",
        "plotactiva": null,
        "plotupdate": null,
        "plot_yesno": "YES",
        "category_i": "INDUSTRIAL PLOT-ALLOTED",
        "quest": null,
        "status_inf": "ALLOTTED",
        "applied_ti": null,
        "alloted_ti": null,
        "allotmentr": null,
        "industri_1": "Industrial Area G-Jamgoan",
        "industri_2": "Industrial Area G-Jamgoan",
        "gis_tid": null,
        "st_area_sh": 0.0,
        "st_length_": 0.0,
        "uidv1": null,
        "status_from_csidc": "ALLOTTED",
        "uid": "IA-1965"
      }
    },
    {
      "type": "Feature",
      "id": "csidc_industrial_area_with_plots.fid-23377b7a_19c5672bde0_6f17",
      "geometry": {
        "type": "Polygon",
        "coordinates": [
          [
            [
              81.83796309,
              22.07879947
            ],
            [
              81.83777066,
              22.07882135
            ],
            [
              81.83780587,
              22.07909037
            ],
            [
              81.8379983,
              22.07906849
            ],
            [
              81.83796309,
              22.07879947
            ]
          ]
        ]
      },
      "geometry_name": "geom",
      "properties": {
        "gid": 48,
        "objectid": 1958,
        "district": "MUNGELI",
        "plot_type": "INDUSTRIAL PLOT",
        "total_area": 600,
        "reservatio": "UNRESERVED",
        "plot_munci": "NO",
        "corner_plo": "YES",
        "premium_ba": 168000,
        "addi_premi": 16800,
        "total_prem": 184800,
        "label": "B",
        "tot_premiu": 0.0,
        "location": "KHAMARIA",
        "remark": null,
        "sector_inf": "Block-B",
        "industrial": "KHAMARIA INDUSTRIAL AREA",
        "district_i": "MUNGELI",
        "plotno_inf": "44",
        "uniqueplot": "44",
        "plotactiva": "2023-07-31Z",
        "plotupdate": null,
        "plot_yesno": "YES",
        "category_i": "INDUSTRIAL PLOT-ALLOTED",
        "quest": "OK",
        "status_inf": "UNAVAILABLE",
        "applied_ti": null,
        "alloted_ti": null,
        "allotmentr": null,
        "industri_1": "KHAMARIA INDUSTRIAL AREA_Block-B",
        "industri_2": "KHAMARIA INDUSTRIAL AREA",
        "gis_tid": null,
        "st_area_sh": 5.2534852e-08,
        "st_length_": 0.000929943249234,
        "uidv1": "IA-1359",
        "status_from_csidc": null,
        "uid": "IA-1359"
      }
    },
    {
      "type": "Feature",
      "id": "csidc_industrial_area_with_plots.fid-23377b7a_19c5672bde0_6f18",
      "geometry": {
        "type": "Polygon",
        "coordinates": [
          [
            [
              81.6954058,
              20.96992239
            ],
            [
              81.69525411,
              20.96964907
            ],
            [
              81.69479145,
              20.96988069
            ],
            [
              81.69494502,
              20.97015307
            ],
            [
              81.6954058,
              20.96992239
            ]
          ]
        ]
      },
      "geometry_name": "geom",
      "properties": {
        "gid": 49,
        "objectid": 2,
        "district": "Dhamtari",
        "plot_type": "INDUSTRIAL PURPOSE",
        "total_area": 1954,
        "reservatio": "No",
        "plot_munci": "No",
        "corner_plo": "Yes",
        "premium_ba": 10000000,
        "addi_premi": 1000000,
        "total_prem": 11000000,
        "label": null,
        "tot_premiu": 0.0,
        "location": "G-Jamgoan",
        "remark": null,
        "sector_inf": null,
        "industrial": "Industrial Area G-Jamgoan",
        "district_i": "Dhamtari",
        "plotno_inf": "2",
        "uniqueplot": "2",
        "plotactiva": null,
        "plotupdate": null,
        "plot_yesno": "YES",
        "category_i": "INDUSTRIAL PLOT-ALLOTED",
        "quest": null,
        "status_inf": "ALLOTTED",
        "applied_ti": null,
        "alloted_ti": null,
        "allotmentr": null,
        "industri_1": "Industrial Area G-Jamgoan",
        "industri_2": "Industrial Area G-Jamgoan",
        "gis_tid": null,
        "st_area_sh": 0.0,
        "st_length_": 0.0,
        "uidv1": null,
        "status_from_csidc": "BOOKED",
        "uid": "IA-1988"
      }
    },
    {
      "type": "Feature",
      "id": "csidc_industrial_area_with_plots.fid-23377b7a_19c5672bde0_6f19",
      "geometry": {
        "type": "Polygon",
        "coordinates": [
          [
            [
              81.69525411,
              20.96964907
            ],
            [
              81.69522737,
              20.9696009
            ],
            [
              81.69511423,
              20.96936984
            ],
            [
              81.69463788,
              20.9696083
            ],
            [
              81.69479145,
              20.96988069
            ],
            [
              81.69525411,
              20.96964907
            ]
          ]
        ]
      },
      "geometry_name": "geom",
      "properties": {
        "gid": 50,
        "objectid": 3,
        "district": "Dhamtari",
        "plot_type": "INDUSTRIAL PURPOSE",
        "total_area": 1982,
        "reservatio": "No",
        "plot_munci": "No",
        "corner_plo": "Yes",
        "premium_ba": 10000000,
        "addi_premi": 1000000,
        "total_prem": 11000000,
        "label": null,
        "tot_premiu": 0.0,
        "location": "G-Jamgoan",
        "remark": null,
        "sector_inf": null,
        "industrial": "Industrial Area G-Jamgoan",
        "district_i": "Dhamtari",
        "plotno_inf": "3",
        "uniqueplot": "3",
        "plotactiva": null,
        "plotupdate": null,
        "plot_yesno": "YES",
        "category_i": "INDUSTRIAL PLOT-ALLOTED",
        "quest": null,
        "status_inf": "ALLOTTED",
        "applied_ti": null,
        "alloted_ti": null,
        "allotmentr": null,
        "industri_1": "Industrial Area G-Jamgoan",
        "industri_2": "Industrial Area G-Jamgoan",
        "gis_tid": null,
        "st_area_sh": 0.0,
        "st_length_": 0.0,
        "uidv1": null,
        "status_from_csidc": "BOOKED",
        "uid": "IA-1985"
      }
    },
    {
      "type": "Feature",
      "id": "csidc_industrial_area_with_plots.fid-23377b7a_19c5672bde0_6f1a",
      "geometry": {
        "type": "Polygon",
        "coordinates": [
          [
            [
              81.69431287,
              20.96995365
            ],
            [
              81.69413736,
              20.96964235
            ],
            [
              81.69393056,
              20.96974588
            ],
            [
              81.69410607,
              20.97005717
            ],
            [
              81.69431287,
              20.96995365
            ]
          ]
        ]
      },
      "geometry_name": "geom",
      "properties": {
        "gid": 52,
        "objectid": 10,
        "district": "Dhamtari",
        "plot_type": "INDUSTRIAL PURPOSE",
        "total_area": 1000,
        "reservatio": "yes",
        "plot_munci": "No",
        "corner_plo": "No",
        "premium_ba": 10000000,
        "addi_premi": 0.0,
        "total_prem": 10000000,
        "label": null,
        "tot_premiu": 0.0,
        "location": "G-Jamgoan",
        "remark": null,
        "sector_inf": null,
        "industrial": "Industrial Area G-Jamgoan",
        "district_i": "Dhamtari",
        "plotno_inf": "10",
        "uniqueplot": "10",
        "plotactiva": null,
        "plotupdate": null,
        "plot_yesno": "YES",
        "category_i": "INDUSTRIAL PLOT-ALLOTED",
        "quest": null,
        "status_inf": "ALLOTTED",
        "applied_ti": null,
        "alloted_ti": null,
        "allotmentr": null,
        "industri_1": "Industrial Area G-Jamgoan",
        "industri_2": "Industrial Area G-Jamgoan",
        "gis_tid": null,
        "st_area_sh": 0.0,
        "st_length_": 0.0,
        "uidv1": null,
        "status_from_csidc": "ALLOTTED",
        "uid": "IA-1987"
      }
    },
    {
      "type": "Feature",
      "id": "csidc_industrial_area_with_plots.fid-23377b7a_19c5672bde0_6f1b",
      "geometry": {
        "type": "Polygon",
        "coordinates": [
          [
            [
              81.69410607,
              20.97005717
            ],
            [
              81.69393056,
              20.96974588
            ],
            [
              81.69372376,
              20.9698494
            ],
            [
              81.69389927,
              20.9701607
            ],
            [
              81.69410607,
              20.97005717
            ]
          ]
        ]
      },
      "geometry_name": "geom",
      "properties": {
        "gid": 55,
        "objectid": 11,
        "district": "Dhamtari",
        "plot_type": "INDUSTRIAL PURPOSE",
        "total_area": 1000,
        "reservatio": "yes",
        "plot_munci": "No",
        "corner_plo": "No",
        "premium_ba": 10000000,
        "addi_premi": 0.0,
        "total_prem": 10000000,
        "label": null,
        "tot_premiu": 0.0,
        "location": "G-Jamgoan",
        "remark": null,
        "sector_inf": null,
        "industrial": "Industrial Area G-Jamgoan",
        "district_i": "Dhamtari",
        "plotno_inf": "11",
        "uniqueplot": "11",
        "plotactiva": null,
        "plotupdate": null,
        "plot_yesno": "YES",
        "category_i": "INDUSTRIAL PLOT-ALLOTED",
        "quest": null,
        "status_inf": "ALLOTTED",
        "applied_ti": null,
        "alloted_ti": null,
        "allotmentr": null,
        "industri_1": "Industrial Area G-Jamgoan",
        "industri_2": "Industrial Area G-Jamgoan",
        "gis_tid": null,
        "st_area_sh": 0.0,
        "st_length_": 0.0,
        "uidv1": null,
        "status_from_csidc": "ALLOTTED",
        "uid": "IA-1989"
      }
    },
    {
      "type": "Feature",
      "id": "csidc_industrial_area_with_plots.fid-23377b7a_19c5672bde0_6f1c",
      "geometry": {
        "type": "Polygon",
        "coordinates": [
          [
            [
              81.69347287,
              20.96904696
            ],
            [
              81.69336318,
              20.9688524
            ],
            [
              81.69294959,
              20.96905946
            ],
            [
              81.69305928,
              20.96925402
            ],
            [
              81.69347287,
              20.96904696
            ]
          ]
        ]
      },
      "geometry_name": "geom",
      "properties": {
        "gid": 56,
        "objectid": 17,
        "district": "Dhamtari",
        "plot_type": "INDUSTRIAL PURPOSE",
        "total_area": 1250,
        "reservatio": "No",
        "plot_munci": "No",
        "corner_plo": "No",
        "premium_ba": 10000000,
        "addi_premi": 0.0,
        "total_prem": 10000000,
        "label": null,
        "tot_premiu": 0.0,
        "location": "G-Jamgoan",
        "remark": null,
        "sector_inf": null,
        "industrial": "Industrial Area G-Jamgoan",
        "district_i": "Dhamtari",
        "plotno_inf": "17",
        "uniqueplot": "17",
        "plotactiva": null,
        "plotupdate": null,
        "plot_yesno": "YES",
        "category_i": "INDUSTRIAL PLOT-ALLOTED",
        "quest": null,
        "status_inf": "ALLOTTED",
        "applied_ti": null,
        "alloted_ti": null,
        "allotmentr": null,
        "industri_1": "Industrial Area G-Jamgoan",
        "industri_2": "Industrial Area G-Jamgoan",
        "gis_tid": null,
        "st_area_sh": 0.0,
        "st_length_": 0.0,
        "uidv1": null,
        "status_from_csidc": "BOOKED",
        "uid": "IA-1977"
      }
    },
    {
      "type": "Feature",
      "id": "csidc_industrial_area_with_plots.fid-23377b7a_19c5672bde0_6f1d",
      "geometry": {
        "type": "Polygon",
        "coordinates": [
          [
            [
              81.69378936,
              20.969138
            ],
            [
              81.69404579,
              20.96900962
            ],
            [
              81.6939361,
              20.96881506
            ],
            [
              81.69347287,
              20.96904696
            ],
            [
              81.69358257,
              20.96924152
            ],
            [
              81.69378936,
              20.969138
            ]
          ]
        ]
      },
      "geometry_name": "geom",
      "properties": {
        "gid": 58,
        "objectid": 21,
        "district": "Dhamtari",
        "plot_type": "INDUSTRIAL PURPOSE",
        "total_area": 1400,
        "reservatio": "No",
        "plot_munci": "No",
        "corner_plo": "Yes",
        "premium_ba": 10000000,
        "addi_premi": 1000000,
        "total_prem": 11000000,
        "label": null,
        "tot_premiu": 0.0,
        "location": "G-Jamgoan",
        "remark": null,
        "sector_inf": null,
        "industrial": "Industrial Area G-Jamgoan",
        "district_i": "Dhamtari",
        "plotno_inf": "21",
        "uniqueplot": "21",
        "plotactiva": null,
        "plotupdate": null,
        "plot_yesno": "YES",
        "category_i": "INDUSTRIAL PLOT-ALLOTED",
        "quest": null,
        "status_inf": "ALLOTTED",
        "applied_ti": null,
        "alloted_ti": null,
        "allotmentr": null,
        "industri_1": "Industrial Area G-Jamgoan",
        "industri_2": "Industrial Area G-Jamgoan",
        "gis_tid": null,
        "st_area_sh": 0.0,
        "st_length_": 0.0,
        "uidv1": null,
        "status_from_csidc": "BOOKED",
        "uid": "IA-1976"
      }
    },
    {
      "type": "Feature",
      "id": "csidc_industrial_area_with_plots.fid-23377b7a_19c5672bde0_6f1e",
      "geometry": {
        "type": "Polygon",
        "coordinates": [
          [
            [
              81.69451966,
              20.96985012
            ],
            [
              81.69434415,
              20.96953883
            ],
            [
              81.69413736,
              20.96964235
            ],
            [
              81.69431287,
              20.96995365
            ],
            [
              81.69451966,
              20.96985012
            ]
          ]
        ]
      },
      "geometry_name": "geom",
      "properties": {
        "gid": 59,
        "objectid": 9,
        "district": "Dhamtari",
        "plot_type": "INDUSTRIAL PURPOSE",
        "total_area": 1000,
        "reservatio": "yes",
        "plot_munci": "No",
        "corner_plo": "Yes",
        "premium_ba": 10000000,
        "addi_premi": 1000000,
        "total_prem": 11000000,
        "label": null,
        "tot_premiu": 0.0,
        "location": "G-Jamgoan",
        "remark": null,
        "sector_inf": null,
        "industrial": "Industrial Area G-Jamgoan",
        "district_i": "Dhamtari",
        "plotno_inf": "9",
        "uniqueplot": "9",
        "plotactiva": null,
        "plotupdate": null,
        "plot_yesno": "YES",
        "category_i": "INDUSTRIAL PLOT-ALLOTED",
        "quest": null,
        "status_inf": "ALLOTTED",
        "applied_ti": null,
        "alloted_ti": null,
        "allotmentr": null,
        "industri_1": "Industrial Area G-Jamgoan",
        "industri_2": "Industrial Area G-Jamgoan",
        "gis_tid": null,
        "st_area_sh": 0.0,
        "st_length_": 0.0,
        "uidv1": null,
        "status_from_csidc": "ALLOTTED",
        "uid": "IA-1986"
      }
    },
    {
      "type": "Feature",
      "id": "csidc_industrial_area_with_plots.fid-23377b7a_19c5672bde0_6f1f",
      "geometry": {
        "type": "Polygon",
        "coordinates": [
          [
            [
              81.69471711,
              20.97020033
            ],
            [
              81.69451966,
              20.96985012
            ],
            [
              81.69431287,
              20.96995365
            ],
            [
              81.69451031,
              20.97030385
            ],
            [
              81.69471711,
              20.97020033
            ]
          ]
        ]
      },
      "geometry_name": "geom",
      "properties": {
        "gid": 60,
        "objectid": 6,
        "district": "Dhamtari",
        "plot_type": "INDUSTRIAL PURPOSE",
        "total_area": 1125,
        "reservatio": "No",
        "plot_munci": "No",
        "corner_plo": "Yes",
        "premium_ba": 10000000,
        "addi_premi": 1000000,
        "total_prem": 11000000,
        "label": null,
        "tot_premiu": 0.0,
        "location": "G-Jamgoan",
        "remark": null,
        "sector_inf": null,
        "industrial": "Industrial Area G-Jamgoan",
        "district_i": "Dhamtari",
        "plotno_inf": "6",
        "uniqueplot": "6",
        "plotactiva": null,
        "plotupdate": null,
        "plot_yesno": "YES",
        "category_i": "INDUSTRIAL PLOT-ALLOTED",
        "quest": null,
        "status_inf": "ALLOTTED",
        "applied_ti": null,
        "alloted_ti": null,
        "allotmentr": null,
        "industri_1": "Industrial Area G-Jamgoan",
        "industri_2": "Industrial Area G-Jamgoan",
        "gis_tid": null,
        "st_area_sh": 0.0,
        "st_length_": 0.0,
        "uidv1": null,
        "status_from_csidc": "ALLOTTED",
        "uid": "IA-1990"
      }
    },
    {
      "type": "Feature",
      "id": "csidc_industrial_area_with_plots.fid-23377b7a_19c5672bde0_6f20",
      "geometry": {
        "type": "Polygon",
        "coordinates": [
          [
            [
              81.69496969,
              20.96909293
            ],
            [
              81.6948167,
              20.96882756
            ],
            [
              81.69481336,
              20.96882193
            ],
            [
              81.69433075,
              20.96906354
            ],
            [
              81.69448432,
              20.96933592
            ],
            [
              81.69496969,
              20.96909293
            ]
          ]
        ]
      },
      "geometry_name": "geom",
      "properties": {
        "gid": 51,
        "objectid": 5,
        "district": "Dhamtari",
        "plot_type": "INDUSTRIAL PURPOSE",
        "total_area": 2048,
        "reservatio": "No",
        "plot_munci": "No",
        "corner_plo": "Yes",
        "premium_ba": 10000000,
        "addi_premi": 1000000,
        "total_prem": 11000000,
        "label": null,
        "tot_premiu": 0.0,
        "location": "G-Jamgoan",
        "remark": null,
        "sector_inf": null,
        "industrial": "Industrial Area G-Jamgoan",
        "district_i": "Dhamtari",
        "plotno_inf": "5",
        "uniqueplot": "5",
        "plotactiva": null,
        "plotupdate": null,
        "plot_yesno": "YES",
        "category_i": "INDUSTRIAL PLOT-ALLOTED",
        "quest": null,
        "status_inf": "AVAILABLE",
        "applied_ti": null,
        "alloted_ti": null,
        "allotmentr": null,
        "industri_1": "Industrial Area G-Jamgoan",
        "industri_2": "Industrial Area G-Jamgoan",
        "gis_tid": null,
        "st_area_sh": 0.0,
        "st_length_": 0.0,
        "uidv1": null,
        "status_from_csidc": "AVAILABLE",
        "uid": "IA-1978"
      }
    },
    {
      "type": "Feature",
      "id": "csidc_industrial_area_with_plots.fid-23377b7a_19c5672bde0_6f21",
      "geometry": {
        "type": "Polygon",
        "coordinates": [
          [
            [
              81.69400875,
              20.96952711
            ],
            [
              81.69378936,
              20.969138
            ],
            [
              81.69358257,
              20.96924152
            ],
            [
              81.69380195,
              20.96963064
            ],
            [
              81.69400875,
              20.96952711
            ]
          ]
        ]
      },
      "geometry_name": "geom",
      "properties": {
        "gid": 54,
        "objectid": 13,
        "district": "Dhamtari",
        "plot_type": "INDUSTRIAL PURPOSE",
        "total_area": 1250,
        "reservatio": "No",
        "plot_munci": "No",
        "corner_plo": "No",
        "premium_ba": 10000000,
        "addi_premi": 0.0,
        "total_prem": 10000000,
        "label": null,
        "tot_premiu": 0.0,
        "location": "G-Jamgoan",
        "remark": null,
        "sector_inf": null,
        "industrial": "Industrial Area G-Jamgoan",
        "district_i": "Dhamtari",
        "plotno_inf": "13",
        "uniqueplot": "13",
        "plotactiva": null,
        "plotupdate": null,
        "plot_yesno": "YES",
        "category_i": "INDUSTRIAL PLOT-ALLOTED",
        "quest": null,
        "status_inf": "AVAILABLE",
        "applied_ti": null,
        "alloted_ti": null,
        "allotmentr": null,
        "industri_1": "Industrial Area G-Jamgoan",
        "industri_2": "Industrial Area G-Jamgoan",
        "gis_tid": null,
        "st_area_sh": 0.0,
        "st_length_": 0.0,
        "uidv1": null,
        "status_from_csidc": "AVAILABLE",
        "uid": "IA-1982"
      }
    },
    {
      "type": "Feature",
      "id": "csidc_industrial_area_with_plots.fid-23377b7a_19c5672bde0_6f22",
      "geometry": {
        "type": "Polygon",
        "coordinates": [
          [
            [
              81.6939361,
              20.96881506
            ],
            [
              81.69382641,
              20.9686205
            ],
            [
              81.69336318,
              20.9688524
            ],
            [
              81.69347287,
              20.96904696
            ],
            [
              81.6939361,
              20.96881506
            ]
          ]
        ]
      },
      "geometry_name": "geom",
      "properties": {
        "gid": 46,
        "objectid": 20,
        "district": "Dhamtari",
        "plot_type": "INDUSTRIAL PURPOSE",
        "total_area": 1400,
        "reservatio": "No",
        "plot_munci": "No",
        "corner_plo": "Yes",
        "premium_ba": 10000000,
        "addi_premi": 1000000,
        "total_prem": 11000000,
        "label": null,
        "tot_premiu": 0.0,
        "location": "G-Jamgoan",
        "remark": null,
        "sector_inf": null,
        "industrial": "Industrial Area G-Jamgoan",
        "district_i": "Dhamtari",
        "plotno_inf": "20",
        "uniqueplot": "20",
        "plotactiva": null,
        "plotupdate": null,
        "plot_yesno": "YES",
        "category_i": "INDUSTRIAL PLOT-ALLOTED",
        "quest": null,
        "status_inf": "AVAILABLE",
        "applied_ti": null,
        "alloted_ti": null,
        "allotmentr": null,
        "industri_1": "Industrial Area G-Jamgoan",
        "industri_2": "Industrial Area G-Jamgoan",
        "gis_tid": null,
        "st_area_sh": 0.0,
        "st_length_": 0.0,
        "uidv1": null,
        "status_from_csidc": "AVAILABLE",
        "uid": "IA-1974"
      }
    },
    {
      "type": "Feature",
      "id": "csidc_industrial_area_with_plots.fid-23377b7a_19c5672bde0_6f23",
      "geometry": {
        "type": "Polygon",
        "coordinates": [
          [
            [
              81.69359515,
              20.96973417
            ],
            [
              81.69337577,
              20.96934505
            ],
            [
              81.69316897,
              20.96944857
            ],
            [
              81.69338836,
              20.96983769
            ],
            [
              81.69359515,
              20.96973417
            ]
          ]
        ]
      },
      "geometry_name": "geom",
      "properties": {
        "gid": 57,
        "objectid": 15,
        "district": "Dhamtari",
        "plot_type": "INDUSTRIAL PURPOSE",
        "total_area": 1250,
        "reservatio": "No",
        "plot_munci": "No",
        "corner_plo": "Yes",
        "premium_ba": 10000000,
        "addi_premi": 1000000,
        "total_prem": 11000000,
        "label": null,
        "tot_premiu": 0.0,
        "location": "G-Jamgoan",
        "remark": null,
        "sector_inf": null,
        "industrial": "Industrial Area G-Jamgoan",
        "district_i": "Dhamtari",
        "plotno_inf": "15",
        "uniqueplot": "15",
        "plotactiva": null,
        "plotupdate": null,
        "plot_yesno": "YES",
        "category_i": "INDUSTRIAL PLOT-ALLOTED",
        "quest": null,
        "status_inf": "AVAILABLE",
        "applied_ti": null,
        "alloted_ti": null,
        "allotmentr": null,
        "industri_1": "Industrial Area G-Jamgoan",
        "industri_2": "Industrial Area G-Jamgoan",
        "gis_tid": null,
        "st_area_sh": 0.0,
        "st_length_": 0.0,
        "uidv1": null,
        "status_from_csidc": "AVAILABLE",
        "uid": "IA-1984"
      }
    },
    {
      "type": "Feature",
      "id": "csidc_industrial_area_with_plots.fid-23377b7a_19c5672bde0_6f24",
      "geometry": {
        "type": "Polygon",
        "coordinates": [
          [
            [
              81.83777066,
              22.07882135
            ],
            [
              81.83757824,
              22.07884323
            ],
            [
              81.83761345,
              22.07911224
            ],
            [
              81.83780587,
              22.07909037
            ],
            [
              81.83777066,
              22.07882135
            ]
          ]
        ]
      },
      "geometry_name": "geom",
      "properties": {
        "gid": 62,
        "objectid": 1957,
        "district": "MUNGELI",
        "plot_type": "INDUSTRIAL PLOT",
        "total_area": 600,
        "reservatio": "UNRESERVED",
        "plot_munci": "NO",
        "corner_plo": "YES",
        "premium_ba": 168000,
        "addi_premi": 16800,
        "total_prem": 184800,
        "label": "B",
        "tot_premiu": 0.0,
        "location": "KHAMARIA",
        "remark": null,
        "sector_inf": "Block-B",
        "industrial": "KHAMARIA INDUSTRIAL AREA",
        "district_i": "MUNGELI",
        "plotno_inf": "45",
        "uniqueplot": "45",
        "plotactiva": "2023-07-31Z",
        "plotupdate": null,
        "plot_yesno": "YES",
        "category_i": "INDUSTRIAL PLOT-ALLOTED",
        "quest": "OK",
        "status_inf": "UNAVAILABLE",
        "applied_ti": null,
        "alloted_ti": null,
        "allotmentr": null,
        "industri_1": "KHAMARIA INDUSTRIAL AREA_Block-B",
        "industri_2": "KHAMARIA INDUSTRIAL AREA",
        "gis_tid": null,
        "st_area_sh": 5.2534941e-08,
        "st_length_": 0.000929943887123,
        "uidv1": "IA-1360",
        "status_from_csidc": null,
        "uid": "IA-1360"
      }
    },
    {
      "type": "Feature",
      "id": "csidc_industrial_area_with_plots.fid-23377b7a_19c5672bde0_6f25",
      "geometry": {
        "type": "Polygon",
        "coordinates": [
          [
            [
              81.44101317,
              20.39092333
            ],
            [
              81.44072321,
              20.39092089
            ],
            [
              81.44072311,
              20.3912841
            ],
            [
              81.44101307,
              20.39128655
            ],
            [
              81.44101317,
              20.39092333
            ]
          ]
        ]
      },
      "geometry_name": "geom",
      "properties": {
        "gid": 63,
        "objectid": 1595,
        "district": "KANKER",
        "plot_type": "INDUSTRIAL PLOT",
        "total_area": 1000,
        "reservatio": "YES",
        "plot_munci": "NO",
        "corner_plo": "YES",
        "premium_ba": 400000,
        "addi_premi": 40000,
        "total_prem": 440000,
        "label": "D",
        "tot_premiu": 440000,
        "location": "LAKHANPURI",
        "remark": null,
        "sector_inf": "BLOCK-D",
        "industrial": "LAKHANPURI",
        "district_i": "KANKER",
        "plotno_inf": "46",
        "uniqueplot": null,
        "plotactiva": "2018-01-31Z",
        "plotupdate": null,
        "plot_yesno": "YES",
        "category_i": "INDUSTRIAL PLOT-ALLOTED",
        "quest": null,
        "status_inf": "AVAILABLE",
        "applied_ti": null,
        "alloted_ti": null,
        "allotmentr": null,
        "industri_1": null,
        "industri_2": null,
        "gis_tid": null,
        "st_area_sh": 1.0532082e-07,
        "st_length_": 0.00130638660866,
        "uidv1": "IA-1374",
        "status_from_csidc": null,
        "uid": "IA-1374"
      }
    },
    {
      "type": "Feature",
      "id": "csidc_industrial_area_with_plots.fid-23377b7a_19c5672bde0_6f26",
      "geometry": {
        "type": "Polygon",
        "coordinates": [
          [
            [
              81.43831949,
              20.39237165
            ],
            [
              81.43802952,
              20.39236921
            ],
            [
              81.43802942,
              20.39273243
            ],
            [
              81.43831939,
              20.39273487
            ],
            [
              81.43831949,
              20.39237165
            ]
          ]
        ]
      },
      "geometry_name": "geom",
      "properties": {
        "gid": 64,
        "objectid": 1619,
        "district": "KANKER",
        "plot_type": "INDUSTRIAL PLOT",
        "total_area": 1000,
        "reservatio": null,
        "plot_munci": "NO",
        "corner_plo": "NO",
        "premium_ba": 400000,
        "addi_premi": 0.0,
        "total_prem": 400000,
        "label": "D",
        "tot_premiu": 400000,
        "location": "LAKHANPURI",
        "remark": null,
        "sector_inf": "BLOCK-D",
        "industrial": "LAKHANPURI",
        "district_i": "KANKER",
        "plotno_inf": "14",
        "uniqueplot": null,
        "plotactiva": "2018-01-31Z",
        "plotupdate": null,
        "plot_yesno": "YES",
        "category_i": "INDUSTRIAL PLOT-ALLOTED",
        "quest": null,
        "status_inf": "ALLOTTED",
        "applied_ti": null,
        "alloted_ti": null,
        "allotmentr": null,
        "industri_1": null,
        "industri_2": null,
        "gis_tid": null,
        "st_area_sh": 1.05324319e-07,
        "st_length_": 0.00130640770435,
        "uidv1": "IA-464",
        "status_from_csidc": "BOOKED",
        "uid": "IA-464"
      }
    },
    {
      "type": "Feature",
      "id": "csidc_industrial_area_with_plots.fid-23377b7a_19c5672bde0_6f27",
      "geometry": {
        "type": "Polygon",
        "coordinates": [
          [
            [
              81.52937541,
              20.6894076
            ],
            [
              81.52929597,
              20.68910223
            ],
            [
              81.52904527,
              20.68915909
            ],
            [
              81.52912472,
              20.68946446
            ],
            [
              81.52937541,
              20.6894076
            ]
          ]
        ]
      },
      "geometry_name": "geom",
      "properties": {
        "gid": 66,
        "objectid": 22,
        "district": "Dhamtari",
        "plot_type": "INDUSTRIAL PURPOSE",
        "total_area": 1215,
        "reservatio": "No",
        "plot_munci": "YES",
        "corner_plo": "No",
        "premium_ba": 4000000,
        "addi_premi": 400000,
        "total_prem": 4400000,
        "label": null,
        "tot_premiu": 0.0,
        "location": "Shyamtarai",
        "remark": null,
        "sector_inf": null,
        "industrial": "Inustrial Area Shyamtarai",
        "district_i": "Dhamtari",
        "plotno_inf": "22",
        "uniqueplot": "22",
        "plotactiva": null,
        "plotupdate": null,
        "plot_yesno": "Yes",
        "category_i": "INDUSTRIAL PLOT-ALLOTED",
        "quest": null,
        "status_inf": "ALLOTTED",
        "applied_ti": null,
        "alloted_ti": null,
        "allotmentr": null,
        "industri_1": "Industrial Area Shyamtarai",
        "industri_2": "Industrial Area Shyamtarai",
        "gis_tid": null,
        "st_area_sh": 8.1069309e-08,
        "st_length_": 0.00114517562426,
        "uidv1": null,
        "status_from_csidc": "ALLOTTED",
        "uid": "IA-1995"
      }
    },
    {
      "type": "Feature",
      "id": "csidc_industrial_area_with_plots.fid-23377b7a_19c5672bde0_6f28",
      "geometry": {
        "type": "Polygon",
        "coordinates": [
          [
            [
              81.69451031,
              20.97030385
            ],
            [
              81.69431287,
              20.96995365
            ],
            [
              81.69410607,
              20.97005717
            ],
            [
              81.69430351,
              20.97040738
            ],
            [
              81.69451031,
              20.97030385
            ]
          ]
        ]
      },
      "geometry_name": "geom",
      "properties": {
        "gid": 67,
        "objectid": 7,
        "district": "Dhamtari",
        "plot_type": "INDUSTRIAL PURPOSE",
        "total_area": 1125,
        "reservatio": "No",
        "plot_munci": "No",
        "corner_plo": "No",
        "premium_ba": 10000000,
        "addi_premi": 0.0,
        "total_prem": 10000000,
        "label": null,
        "tot_premiu": 0.0,
        "location": "G-Jamgoan",
        "remark": null,
        "sector_inf": null,
        "industrial": "Industrial Area G-Jamgoan",
        "district_i": "Dhamtari",
        "plotno_inf": "7",
        "uniqueplot": "7",
        "plotactiva": null,
        "plotupdate": null,
        "plot_yesno": "YES",
        "category_i": "INDUSTRIAL PLOT-ALLOTED",
        "quest": null,
        "status_inf": "ALLOTTED",
        "applied_ti": null,
        "alloted_ti": null,
        "allotmentr": null,
        "industri_1": "Industrial Area G-Jamgoan",
        "industri_2": "Industrial Area G-Jamgoan",
        "gis_tid": null,
        "st_area_sh": 0.0,
        "st_length_": 0.0,
        "uidv1": null,
        "status_from_csidc": "BOOKED",
        "uid": "IA-1991"
      }
    },
    {
      "type": "Feature",
      "id": "csidc_industrial_area_with_plots.fid-23377b7a_19c5672bde0_6f29",
      "geometry": {
        "type": "Polygon",
        "coordinates": [
          [
            [
              81.52912472,
              20.68946446
            ],
            [
              81.52904527,
              20.68915909
            ],
            [
              81.52879458,
              20.68921595
            ],
            [
              81.52885241,
              20.68943824
            ],
            [
              81.52887403,
              20.68952132
            ],
            [
              81.52912472,
              20.68946446
            ]
          ]
        ]
      },
      "geometry_name": "geom",
      "properties": {
        "gid": 68,
        "objectid": 23,
        "district": "Dhamtari",
        "plot_type": "INDUSTRIAL PURPOSE",
        "total_area": 1215,
        "reservatio": "No",
        "plot_munci": "YES",
        "corner_plo": "No",
        "premium_ba": 4000000,
        "addi_premi": 400000,
        "total_prem": 4400000,
        "label": null,
        "tot_premiu": 0.0,
        "location": "Shyamtarai",
        "remark": null,
        "sector_inf": null,
        "industrial": "Inustrial Area Shyamtarai",
        "district_i": "Dhamtari",
        "plotno_inf": "23",
        "uniqueplot": "23",
        "plotactiva": null,
        "plotupdate": null,
        "plot_yesno": "Yes",
        "category_i": "INDUSTRIAL PLOT-ALLOTED",
        "quest": null,
        "status_inf": "ALLOTTED",
        "applied_ti": null,
        "alloted_ti": null,
        "allotmentr": null,
        "industri_1": "Industrial Area Shyamtarai",
        "industri_2": "Industrial Area Shyamtarai",
        "gis_tid": null,
        "st_area_sh": 8.1069336e-08,
        "st_length_": 0.0011451762748,
        "uidv1": null,
        "status_from_csidc": "ALLOTTED",
        "uid": "IA-1996"
      }
    },
    {
      "type": "Feature",
      "id": "csidc_industrial_area_with_plots.fid-23377b7a_19c5672bde0_6f2a",
      "geometry": {
        "type": "Polygon",
        "coordinates": [
          [
            [
              81.69430351,
              20.97040738
            ],
            [
              81.69410607,
              20.97005717
            ],
            [
              81.69389927,
              20.9701607
            ],
            [
              81.69409672,
              20.9705109
            ],
            [
              81.69430351,
              20.97040738
            ]
          ]
        ]
      },
      "geometry_name": "geom",
      "properties": {
        "gid": 69,
        "objectid": 8,
        "district": "Dhamtari",
        "plot_type": "INDUSTRIAL PURPOSE",
        "total_area": 1125,
        "reservatio": "No",
        "plot_munci": "No",
        "corner_plo": "No",
        "premium_ba": 10000000,
        "addi_premi": 0.0,
        "total_prem": 10000000,
        "label": null,
        "tot_premiu": 0.0,
        "location": "G-Jamgoan",
        "remark": null,
        "sector_inf": null,
        "industrial": "Industrial Area G-Jamgoan",
        "district_i": "Dhamtari",
        "plotno_inf": "8",
        "uniqueplot": "8",
        "plotactiva": null,
        "plotupdate": null,
        "plot_yesno": "YES",
        "category_i": "INDUSTRIAL PLOT-ALLOTED",
        "quest": null,
        "status_inf": "ALLOTTED",
        "applied_ti": null,
        "alloted_ti": null,
        "allotmentr": null,
        "industri_1": "Industrial Area G-Jamgoan",
        "industri_2": "Industrial Area G-Jamgoan",
        "gis_tid": null,
        "st_area_sh": 0.0,
        "st_length_": 0.0,
        "uidv1": null,
        "status_from_csidc": "BOOKED",
        "uid": "IA-1993"
      }
    },
    {
      "type": "Feature",
      "id": "csidc_industrial_area_with_plots.fid-23377b7a_19c5672bde0_6f2b",
      "geometry": {
        "type": "Polygon",
        "coordinates": [
          [
            [
              81.5298863,
              20.68957718
            ],
            [
              81.52984795,
              20.68942977
            ],
            [
              81.52968082,
              20.68946768
            ],
            [
              81.52971917,
              20.68961509
            ],
            [
              81.5298863,
              20.68957718
            ]
          ]
        ]
      },
      "geometry_name": "geom",
      "properties": {
        "gid": 70,
        "objectid": 20,
        "district": "Dhamtari",
        "plot_type": "INDUSTRIAL PURPOSE",
        "total_area": 390.96,
        "reservatio": "Yes",
        "plot_munci": "YES",
        "corner_plo": "Yes",
        "premium_ba": 4000000,
        "addi_premi": 800000,
        "total_prem": 4800000,
        "label": null,
        "tot_premiu": 0.0,
        "location": "Shyamtarai",
        "remark": null,
        "sector_inf": null,
        "industrial": "Inustrial Area Shyamtarai",
        "district_i": "Dhamtari",
        "plotno_inf": "20",
        "uniqueplot": "20",
        "plotactiva": null,
        "plotupdate": null,
        "plot_yesno": "Yes",
        "category_i": "INDUSTRIAL PLOT-ALLOTED",
        "quest": null,
        "status_inf": "ALLOTTED",
        "applied_ti": null,
        "alloted_ti": null,
        "allotmentr": null,
        "industri_1": "Industrial Area Shyamtarai",
        "industri_2": "Industrial Area Shyamtarai",
        "gis_tid": null,
        "st_area_sh": 2.6089746e-08,
        "st_length_": 0.000647375934868,
        "uidv1": null,
        "status_from_csidc": "ALLOTTED",
        "uid": "IA-1997"
      }
    },
    {
      "type": "Feature",
      "id": "csidc_industrial_area_with_plots.fid-23377b7a_19c5672bde0_6f2c",
      "geometry": {
        "type": "Polygon",
        "coordinates": [
          [
            [
              81.69557865,
              20.97023502
            ],
            [
              81.69553662,
              20.97015809
            ],
            [
              81.6954058,
              20.96992239
            ],
            [
              81.69494502,
              20.97015307
            ],
            [
              81.69512053,
              20.97046436
            ],
            [
              81.69557865,
              20.97023502
            ]
          ]
        ]
      },
      "geometry_name": "geom",
      "properties": {
        "gid": 71,
        "objectid": 1,
        "district": "Dhamtari",
        "plot_type": "INDUSTRIAL PURPOSE",
        "total_area": 2223,
        "reservatio": "No",
        "plot_munci": "No",
        "corner_plo": "Yes",
        "premium_ba": 10000000,
        "addi_premi": 1000000,
        "total_prem": 11000000,
        "label": null,
        "tot_premiu": 0.0,
        "location": "G-Jamgoan",
        "remark": null,
        "sector_inf": null,
        "industrial": "Industrial Area G-Jamgoan",
        "district_i": "Dhamtari",
        "plotno_inf": "1",
        "uniqueplot": "1",
        "plotactiva": null,
        "plotupdate": null,
        "plot_yesno": "YES",
        "category_i": "INDUSTRIAL PLOT-ALLOTED",
        "quest": null,
        "status_inf": "ALLOTTED",
        "applied_ti": null,
        "alloted_ti": null,
        "allotmentr": null,
        "industri_1": "Industrial Area G-Jamgoan",
        "industri_2": "Industrial Area G-Jamgoan",
        "gis_tid": null,
        "st_area_sh": 0.0,
        "st_length_": 0.0,
        "uidv1": null,
        "status_from_csidc": "BOOKED",
        "uid": "IA-1992"
      }
    },
    {
      "type": "Feature",
      "id": "csidc_industrial_area_with_plots.fid-23377b7a_19c5672bde0_6f2d",
      "geometry": {
        "type": "Polygon",
        "coordinates": [
          [
            [
              83.5083778,
              22.6771772
            ],
            [
              83.50810956,
              22.67688435
            ],
            [
              83.50792601,
              22.67702566
            ],
            [
              83.50818547,
              22.67732162
            ],
            [
              83.5083778,
              22.6771772
            ]
          ]
        ]
      },
      "geometry_name": "geom",
      "properties": {
        "gid": 72,
        "objectid": 0,
        "district": "SURGUJA",
        "plot_type": "INDUSTRIAL PURPOSE",
        "total_area": 1000,
        "reservatio": null,
        "plot_munci": "No.",
        "corner_plo": null,
        "premium_ba": 4800000,
        "addi_premi": 0.0,
        "total_prem": 4800000,
        "label": null,
        "tot_premiu": 4800000,
        "location": "ULAKIYA FOOD PARK SURGUJA",
        "remark": null,
        "sector_inf": "Block-C",
        "industrial": "Ulakiya Industrial Area and Food Park",
        "district_i": "RAIPUR",
        "plotno_inf": "4",
        "uniqueplot": "4",
        "plotactiva": null,
        "plotupdate": null,
        "plot_yesno": "YES",
        "category_i": "INDUSTRIAL PLOT-ALLOTED",
        "quest": null,
        "status_inf": "AVAILABLE",
        "applied_ti": null,
        "alloted_ti": null,
        "allotmentr": null,
        "industri_1": "FOOD PARK ULAKIYA",
        "industri_2": "FOOD PARK ULAKIYA",
        "gis_tid": null,
        "st_area_sh": 0.0,
        "st_length_": 0.0,
        "uidv1": "IA-2167",
        "status_from_csidc": "AVAILABLE",
        "uid": "IA-2167"
      }
    },
    {
      "type": "Feature",
      "id": "csidc_industrial_area_with_plots.fid-23377b7a_19c5672bde0_6f2e",
      "geometry": {
        "type": "Polygon",
        "coordinates": [
          [
            [
              81.52971917,
              20.68961509
            ],
            [
              81.52968082,
              20.68946768
            ],
            [
              81.5295137,
              20.68950559
            ],
            [
              81.52955205,
              20.68965299
            ],
            [
              81.52971917,
              20.68961509
            ]
          ]
        ]
      },
      "geometry_name": "geom",
      "properties": {
        "gid": 73,
        "objectid": 19,
        "district": "Dhamtari",
        "plot_type": "INDUSTRIAL PURPOSE",
        "total_area": 390.96,
        "reservatio": "Yes",
        "plot_munci": "YES",
        "corner_plo": "No",
        "premium_ba": 4000000,
        "addi_premi": 400000,
        "total_prem": 4400000,
        "label": null,
        "tot_premiu": 0.0,
        "location": "Shyamtarai",
        "remark": null,
        "sector_inf": null,
        "industrial": "Inustrial Area Shyamtarai",
        "district_i": "Dhamtari",
        "plotno_inf": "19",
        "uniqueplot": "19",
        "plotactiva": null,
        "plotupdate": null,
        "plot_yesno": "Yes",
        "category_i": "INDUSTRIAL PLOT-ALLOTED",
        "quest": null,
        "status_inf": "AVAILABLE",
        "applied_ti": null,
        "alloted_ti": null,
        "allotmentr": null,
        "industri_1": "Industrial Area Shyamtarai",
        "industri_2": "Industrial Area Shyamtarai",
        "gis_tid": null,
        "st_area_sh": 2.6089605e-08,
        "st_length_": 0.000647374159926,
        "uidv1": null,
        "status_from_csidc": "AVAILABLE",
        "uid": "IA-1998"
      }
    },
    {
      "type": "Feature",
      "id": "csidc_industrial_area_with_plots.fid-23377b7a_19c5672bde0_6f2f",
      "geometry": {
        "type": "Polygon",
        "coordinates": [
          [
            [
              81.52955205,
              20.68965299
            ],
            [
              81.5295137,
              20.68950559
            ],
            [
              81.52934657,
              20.68954349
            ],
            [
              81.52938492,
              20.6896909
            ],
            [
              81.52955205,
              20.68965299
            ]
          ]
        ]
      },
      "geometry_name": "geom",
      "properties": {
        "gid": 74,
        "objectid": 18,
        "district": "Dhamtari",
        "plot_type": "INDUSTRIAL PURPOSE",
        "total_area": 390.96,
        "reservatio": "Yes",
        "plot_munci": "YES",
        "corner_plo": "No",
        "premium_ba": 4000000,
        "addi_premi": 400000,
        "total_prem": 4400000,
        "label": null,
        "tot_premiu": 0.0,
        "location": "Shyamtarai",
        "remark": null,
        "sector_inf": null,
        "industrial": "Inustrial Area Shyamtarai",
        "district_i": "Dhamtari",
        "plotno_inf": "18",
        "uniqueplot": "18",
        "plotactiva": null,
        "plotupdate": null,
        "plot_yesno": "Yes",
        "category_i": "INDUSTRIAL PLOT-ALLOTED",
        "quest": null,
        "status_inf": "AVAILABLE",
        "applied_ti": null,
        "alloted_ti": null,
        "allotmentr": null,
        "industri_1": "Industrial Area Shyamtarai",
        "industri_2": "Industrial Area Shyamtarai",
        "gis_tid": null,
        "st_area_sh": 2.6089827e-08,
        "st_length_": 0.000647377249406,
        "uidv1": null,
        "status_from_csidc": "AVAILABLE",
        "uid": "IA-1999"
      }
    },
    {
      "type": "Feature",
      "id": "csidc_industrial_area_with_plots.fid-23377b7a_19c5672bde0_6f30",
      "geometry": {
        "type": "Polygon",
        "coordinates": [
          [
            [
              81.52938492,
              20.6896909
            ],
            [
              81.52934657,
              20.68954349
            ],
            [
              81.52917944,
              20.6895814
            ],
            [
              81.52921779,
              20.68972881
            ],
            [
              81.52938492,
              20.6896909
            ]
          ]
        ]
      },
      "geometry_name": "geom",
      "properties": {
        "gid": 75,
        "objectid": 17,
        "district": "Dhamtari",
        "plot_type": "INDUSTRIAL PURPOSE",
        "total_area": 390.96,
        "reservatio": "Yes",
        "plot_munci": "YES",
        "corner_plo": "No",
        "premium_ba": 4000000,
        "addi_premi": 400000,
        "total_prem": 4400000,
        "label": null,
        "tot_premiu": 0.0,
        "location": "Shyamtarai",
        "remark": null,
        "sector_inf": null,
        "industrial": "Inustrial Area Shyamtarai",
        "district_i": "Dhamtari",
        "plotno_inf": "17",
        "uniqueplot": "17",
        "plotactiva": null,
        "plotupdate": null,
        "plot_yesno": "Yes",
        "category_i": "INDUSTRIAL PLOT-ALLOTED",
        "quest": null,
        "status_inf": "AVAILABLE",
        "applied_ti": null,
        "alloted_ti": null,
        "allotmentr": null,
        "industri_1": "Industrial Area Shyamtarai",
        "industri_2": "Industrial Area Shyamtarai",
        "gis_tid": null,
        "st_area_sh": 2.6089411e-08,
        "st_length_": 0.000647372000636,
        "uidv1": null,
        "status_from_csidc": "AVAILABLE",
        "uid": "IA-2000"
      }
    },
    {
      "type": "Feature",
      "id": "csidc_industrial_area_with_plots.fid-23377b7a_19c5672bde0_6f31",
      "geometry": {
        "type": "Polygon",
        "coordinates": [
          [
            [
              81.69380195,
              20.96963064
            ],
            [
              81.69358257,
              20.96924152
            ],
            [
              81.69337577,
              20.96934505
            ],
            [
              81.69359515,
              20.96973417
            ],
            [
              81.69380195,
              20.96963064
            ]
          ]
        ]
      },
      "geometry_name": "geom",
      "properties": {
        "gid": 61,
        "objectid": 14,
        "district": "Dhamtari",
        "plot_type": "INDUSTRIAL PURPOSE",
        "total_area": 1250,
        "reservatio": "No",
        "plot_munci": "No",
        "corner_plo": "No",
        "premium_ba": 10000000,
        "addi_premi": 0.0,
        "total_prem": 10000000,
        "label": null,
        "tot_premiu": 0.0,
        "location": "G-Jamgoan",
        "remark": null,
        "sector_inf": null,
        "industrial": "Industrial Area G-Jamgoan",
        "district_i": "Dhamtari",
        "plotno_inf": "14",
        "uniqueplot": "14",
        "plotactiva": null,
        "plotupdate": null,
        "plot_yesno": "YES",
        "category_i": "INDUSTRIAL PLOT-ALLOTED",
        "quest": null,
        "status_inf": "AVAILABLE",
        "applied_ti": null,
        "alloted_ti": null,
        "allotmentr": null,
        "industri_1": "Industrial Area G-Jamgoan",
        "industri_2": "Industrial Area G-Jamgoan",
        "gis_tid": null,
        "st_area_sh": 0.0,
        "st_length_": 0.0,
        "uidv1": null,
        "status_from_csidc": "AVAILABLE",
        "uid": "IA-1983"
      }
    },
    {
      "type": "Feature",
      "id": "csidc_industrial_area_with_plots.fid-23377b7a_19c5672bde0_6f32",
      "geometry": {
        "type": "Polygon",
        "coordinates": [
          [
            [
              81.5296261,
              20.68935074
            ],
            [
              81.52954666,
              20.68904537
            ],
            [
              81.52929597,
              20.68910223
            ],
            [
              81.52937541,
              20.6894076
            ],
            [
              81.5296261,
              20.68935074
            ]
          ]
        ]
      },
      "geometry_name": "geom",
      "properties": {
        "gid": 65,
        "objectid": 21,
        "district": "Dhamtari",
        "plot_type": "INDUSTRIAL PURPOSE",
        "total_area": 1215,
        "reservatio": "No",
        "plot_munci": "YES",
        "corner_plo": "No",
        "premium_ba": 4000000,
        "addi_premi": 400000,
        "total_prem": 4400000,
        "label": null,
        "tot_premiu": 0.0,
        "location": "Shyamtarai",
        "remark": null,
        "sector_inf": null,
        "industrial": "Inustrial Area Shyamtarai",
        "district_i": "Dhamtari",
        "plotno_inf": "21",
        "uniqueplot": "21",
        "plotactiva": null,
        "plotupdate": null,
        "plot_yesno": "Yes",
        "category_i": "INDUSTRIAL PLOT-ALLOTED",
        "quest": null,
        "status_inf": "AVAILABLE",
        "applied_ti": null,
        "alloted_ti": null,
        "allotmentr": null,
        "industri_1": "Industrial Area Shyamtarai",
        "industri_2": "Industrial Area Shyamtarai",
        "gis_tid": null,
        "st_area_sh": 8.106916e-08,
        "st_length_": 0.00114517455502,
        "uidv1": null,
        "status_from_csidc": "AVAILABLE",
        "uid": "IA-1994"
      }
    },
    {
      "type": "Feature",
      "id": "csidc_industrial_area_with_plots.fid-23377b7a_19c5672bde0_6f33",
      "geometry": {
        "type": "Polygon",
        "coordinates": [
          [
            [
              83.49453247,
              21.86942615
            ],
            [
              83.4945324,
              21.86942564
            ],
            [
              83.49450867,
              21.86924923
            ],
            [
              83.49425514,
              21.86928368
            ],
            [
              83.49427995,
              21.86945583
            ],
            [
              83.4942809,
              21.86946238
            ],
            [
              83.49450601,
              21.86942955
            ],
            [
              83.49453247,
              21.86942615
            ]
          ]
        ]
      },
      "geometry_name": "geom",
      "properties": {
        "gid": 76,
        "objectid": 3659,
        "district": "RAIGARH",
        "plot_type": "Industrial  Purpose",
        "total_area": 475,
        "reservatio": null,
        "plot_munci": "No.",
        "corner_plo": "No",
        "premium_ba": 0.0,
        "addi_premi": 0.0,
        "total_prem": 12000000,
        "label": null,
        "tot_premiu": 12000000,
        "location": "SIYARPALI-MAHUAPALI",
        "remark": null,
        "sector_inf": null,
        "industrial": "INDUSTRIAL AREA SIYARPALI-MAHUAPALI",
        "district_i": "RAIGARH",
        "plotno_inf": "43",
        "uniqueplot": "43",
        "plotactiva": "1899-12-29Z",
        "plotupdate": null,
        "plot_yesno": "YES",
        "category_i": "INDUSTRIAL PLOT-ALLOTED",
        "quest": null,
        "status_inf": "AVAILABLE",
        "applied_ti": "1899-12-29Z",
        "alloted_ti": "1899-12-29Z",
        "allotmentr": null,
        "industri_1": "INDUSTRIAL AREA SIYARPALI-MAHUAPALI",
        "industri_2": "INDUSTRIAL AREA SIYARPALI-MAHUAPALI",
        "gis_tid": null,
        "st_area_sh": 4.5728883e-08,
        "st_length_": 0.000869075531559,
        "uidv1": "IA-1349",
        "status_from_csidc": "AVAILABLE",
        "uid": "IA-1349"
      }
    },
    {
      "type": "Feature",
      "id": "csidc_industrial_area_with_plots.fid-23377b7a_19c5672bde0_6f34",
      "geometry": {
        "type": "Polygon",
        "coordinates": [
          [
            [
              81.59544109,
              21.28734228
            ],
            [
              81.59542406,
              21.28711059
            ],
            [
              81.59510161,
              21.28742203
            ],
            [
              81.59522723,
              21.28753297
            ],
            [
              81.59544109,
              21.28734228
            ]
          ]
        ]
      },
      "geometry_name": "geom",
      "properties": {
        "gid": 77,
        "objectid": 0,
        "district": "RAIPUR",
        "plot_type": "INDUSTRIAL PURPOSE",
        "total_area": 1344.718,
        "reservatio": null,
        "plot_munci": "YES",
        "corner_plo": "NO",
        "premium_ba": 0.0,
        "addi_premi": 0.0,
        "total_prem": 0.0,
        "label": null,
        "tot_premiu": 0.0,
        "location": "Sarora",
        "remark": null,
        "sector_inf": null,
        "industrial": "PLASTIC PARK",
        "district_i": "RAIPUR",
        "plotno_inf": "44",
        "uniqueplot": "44",
        "plotactiva": null,
        "plotupdate": null,
        "plot_yesno": "YES",
        "category_i": "INDUSTRIAL PLOT-ALLOTED",
        "quest": null,
        "status_inf": "UNAVAILABLE",
        "applied_ti": null,
        "alloted_ti": null,
        "allotmentr": null,
        "industri_1": "PLASTIC PARK",
        "industri_2": "PLASTIC PARK",
        "gis_tid": null,
        "st_area_sh": 0.0,
        "st_length_": 0.0,
        "uidv1": "IA-1355",
        "status_from_csidc": null,
        "uid": "IA-1355"
      }
    },
    {
      "type": "Feature",
      "id": "csidc_industrial_area_with_plots.fid-23377b7a_19c5672bde0_6f35",
      "geometry": {
        "type": "Polygon",
        "coordinates": [
          [
            [
              81.52888353,
              20.68980462
            ],
            [
              81.52884518,
              20.68965721
            ],
            [
              81.52867806,
              20.68969512
            ],
            [
              81.52871641,
              20.68984253
            ],
            [
              81.52888353,
              20.68980462
            ]
          ]
        ]
      },
      "geometry_name": "geom",
      "properties": {
        "gid": 78,
        "objectid": 14,
        "district": "Dhamtari",
        "plot_type": "INDUSTRIAL PURPOSE",
        "total_area": 390.96,
        "reservatio": "Yes",
        "plot_munci": "YES",
        "corner_plo": "No",
        "premium_ba": 4000000,
        "addi_premi": 400000,
        "total_prem": 4400000,
        "label": null,
        "tot_premiu": 0.0,
        "location": "Shyamtarai",
        "remark": null,
        "sector_inf": null,
        "industrial": "Inustrial Area Shyamtarai",
        "district_i": "Dhamtari",
        "plotno_inf": "14",
        "uniqueplot": "14",
        "plotactiva": null,
        "plotupdate": null,
        "plot_yesno": "Yes",
        "category_i": "INDUSTRIAL PLOT-ALLOTED",
        "quest": null,
        "status_inf": "AVAILABLE",
        "applied_ti": null,
        "alloted_ti": null,
        "allotmentr": null,
        "industri_1": "Industrial Area Shyamtarai",
        "industri_2": "Industrial Area Shyamtarai",
        "gis_tid": null,
        "st_area_sh": 2.6089518e-08,
        "st_length_": 0.000647373322575,
        "uidv1": null,
        "status_from_csidc": "AVAILABLE",
        "uid": "IA-2004"
      }
    },
    {
      "type": "Feature",
      "id": "csidc_industrial_area_with_plots.fid-23377b7a_19c5672bde0_6f36",
      "geometry": {
        "type": "Polygon",
        "coordinates": [
          [
            [
              81.52871641,
              20.68984253
            ],
            [
              81.52867806,
              20.68969512
            ],
            [
              81.52851093,
              20.68973302
            ],
            [
              81.52854928,
              20.68988043
            ],
            [
              81.52871641,
              20.68984253
            ]
          ]
        ]
      },
      "geometry_name": "geom",
      "properties": {
        "gid": 79,
        "objectid": 13,
        "district": "Dhamtari",
        "plot_type": "INDUSTRIAL PURPOSE",
        "total_area": 390.96,
        "reservatio": "Yes",
        "plot_munci": "YES",
        "corner_plo": "No",
        "premium_ba": 4000000,
        "addi_premi": 400000,
        "total_prem": 4400000,
        "label": null,
        "tot_premiu": 0.0,
        "location": "Shyamtarai",
        "remark": null,
        "sector_inf": null,
        "industrial": "Inustrial Area Shyamtarai",
        "district_i": "Dhamtari",
        "plotno_inf": "13",
        "uniqueplot": "13",
        "plotactiva": null,
        "plotupdate": null,
        "plot_yesno": "Yes",
        "category_i": "INDUSTRIAL PLOT-ALLOTED",
        "quest": null,
        "status_inf": "AVAILABLE",
        "applied_ti": null,
        "alloted_ti": null,
        "allotmentr": null,
        "industri_1": "Industrial Area Shyamtarai",
        "industri_2": "Industrial Area Shyamtarai",
        "gis_tid": null,
        "st_area_sh": 2.6089827e-08,
        "st_length_": 0.000647377249431,
        "uidv1": null,
        "status_from_csidc": "AVAILABLE",
        "uid": "IA-2005"
      }
    },
    {
      "type": "Feature",
      "id": "csidc_industrial_area_with_plots.fid-23377b7a_19c5672bde0_6f37",
      "geometry": {
        "type": "Polygon",
        "coordinates": [
          [
            [
              81.52854928,
              20.68988043
            ],
            [
              81.52851093,
              20.68973302
            ],
            [
              81.5283438,
              20.68977093
            ],
            [
              81.52838215,
              20.68991834
            ],
            [
              81.52854928,
              20.68988043
            ]
          ]
        ]
      },
      "geometry_name": "geom",
      "properties": {
        "gid": 80,
        "objectid": 12,
        "district": "Dhamtari",
        "plot_type": "INDUSTRIAL PURPOSE",
        "total_area": 390.96,
        "reservatio": "Yes",
        "plot_munci": "YES",
        "corner_plo": "No",
        "premium_ba": 4000000,
        "addi_premi": 400000,
        "total_prem": 4400000,
        "label": null,
        "tot_premiu": 0.0,
        "location": "Shyamtarai",
        "remark": null,
        "sector_inf": null,
        "industrial": "Inustrial Area Shyamtarai",
        "district_i": "Dhamtari",
        "plotno_inf": "12",
        "uniqueplot": "12",
        "plotactiva": null,
        "plotupdate": null,
        "plot_yesno": "Yes",
        "category_i": "INDUSTRIAL PLOT-ALLOTED",
        "quest": null,
        "status_inf": "AVAILABLE",
        "applied_ti": null,
        "alloted_ti": null,
        "allotmentr": null,
        "industri_1": "Industrial Area Shyamtarai",
        "industri_2": "Industrial Area Shyamtarai",
        "gis_tid": null,
        "st_area_sh": 2.6089484e-08,
        "st_length_": 0.000647372924798,
        "uidv1": null,
        "status_from_csidc": "AVAILABLE",
        "uid": "IA-2006"
      }
    },
    {
      "type": "Feature",
      "id": "csidc_industrial_area_with_plots.fid-23377b7a_19c5672bde0_6f38",
      "geometry": {
        "type": "Polygon",
        "coordinates": [
          [
            [
              81.52960501,
              20.68985657
            ],
            [
              81.52955205,
              20.68965299
            ],
            [
              81.52938492,
              20.6896909
            ],
            [
              81.52943782,
              20.68989422
            ],
            [
              81.52943788,
              20.68989447
            ],
            [
              81.52960501,
              20.68985657
            ]
          ]
        ]
      },
      "geometry_name": "geom",
      "properties": {
        "gid": 84,
        "objectid": 3,
        "district": "Dhamtari",
        "plot_type": "INDUSTRIAL PURPOSE",
        "total_area": 540,
        "reservatio": "No",
        "plot_munci": "YES",
        "corner_plo": "No",
        "premium_ba": 4000000,
        "addi_premi": 400000,
        "total_prem": 4400000,
        "label": null,
        "tot_premiu": 0.0,
        "location": "Shyamtarai",
        "remark": null,
        "sector_inf": null,
        "industrial": "Inustrial Area Shyamtarai",
        "district_i": "Dhamtari",
        "plotno_inf": "3",
        "uniqueplot": "3",
        "plotactiva": null,
        "plotupdate": null,
        "plot_yesno": "Yes",
        "category_i": "INDUSTRIAL PLOT-ALLOTED",
        "quest": null,
        "status_inf": "ALLOTTED",
        "applied_ti": null,
        "alloted_ti": null,
        "allotmentr": null,
        "industri_1": "Industrial Area Shyamtarai",
        "industri_2": "Industrial Area Shyamtarai",
        "gis_tid": null,
        "st_area_sh": 3.6030505e-08,
        "st_length_": 0.000763446878635,
        "uidv1": null,
        "status_from_csidc": "BOOKED",
        "uid": "IA-2010"
      }
    },
    {
      "type": "Feature",
      "id": "csidc_industrial_area_with_plots.fid-23377b7a_19c5672bde0_6f39",
      "geometry": {
        "type": "Polygon",
        "coordinates": [
          [
            [
              81.52801258,
              20.68985843
            ],
            [
              81.52796845,
              20.68968879
            ],
            [
              81.52763241,
              20.689765
            ],
            [
              81.52759705,
              20.68977302
            ],
            [
              81.52764119,
              20.68994267
            ],
            [
              81.52801258,
              20.68985843
            ]
          ]
        ]
      },
      "geometry_name": "geom",
      "properties": {
        "gid": 86,
        "objectid": 24,
        "district": "Dhamtari",
        "plot_type": "INDUSTRIAL PURPOSE",
        "total_area": 1000,
        "reservatio": "No",
        "plot_munci": "YES",
        "corner_plo": "No",
        "premium_ba": 4000000,
        "addi_premi": 400000,
        "total_prem": 4400000,
        "label": null,
        "tot_premiu": 0.0,
        "location": "Shyamtarai",
        "remark": null,
        "sector_inf": null,
        "industrial": "Inustrial Area Shyamtarai",
        "district_i": "Dhamtari",
        "plotno_inf": "24",
        "uniqueplot": "24",
        "plotactiva": null,
        "plotupdate": null,
        "plot_yesno": "Yes",
        "category_i": "INDUSTRIAL PLOT-ALLOTED",
        "quest": null,
        "status_inf": "ALLOTTED",
        "applied_ti": null,
        "alloted_ti": null,
        "allotmentr": null,
        "industri_1": "Industrial Area Shyamtarai",
        "industri_2": "Industrial Area Shyamtarai",
        "gis_tid": null,
        "st_area_sh": 6.67235e-08,
        "st_length_": 0.00111224416471,
        "uidv1": null,
        "status_from_csidc": "BOOKED",
        "uid": "IA-2003"
      }
    },
    {
      "type": "Feature",
      "id": "csidc_industrial_area_with_plots.fid-23377b7a_19c5672bde0_6f3a",
      "geometry": {
        "type": "Polygon",
        "coordinates": [
          [
            [
              81.52921779,
              20.68972881
            ],
            [
              81.52917944,
              20.6895814
            ],
            [
              81.52901231,
              20.68961931
            ],
            [
              81.52905066,
              20.68976671
            ],
            [
              81.52921779,
              20.68972881
            ]
          ]
        ]
      },
      "geometry_name": "geom",
      "properties": {
        "gid": 87,
        "objectid": 16,
        "district": "Dhamtari",
        "plot_type": "INDUSTRIAL PURPOSE",
        "total_area": 390.96,
        "reservatio": "Yes",
        "plot_munci": "YES",
        "corner_plo": "No",
        "premium_ba": 4000000,
        "addi_premi": 400000,
        "total_prem": 4400000,
        "label": null,
        "tot_premiu": 0.0,
        "location": "Shyamtarai",
        "remark": null,
        "sector_inf": null,
        "industrial": "Inustrial Area Shyamtarai",
        "district_i": "Dhamtari",
        "plotno_inf": "16",
        "uniqueplot": "16",
        "plotactiva": null,
        "plotupdate": null,
        "plot_yesno": "Yes",
        "category_i": "INDUSTRIAL PLOT-ALLOTED",
        "quest": null,
        "status_inf": "AVAILABLE",
        "applied_ti": null,
        "alloted_ti": null,
        "allotmentr": null,
        "industri_1": "Industrial Area Shyamtarai",
        "industri_2": "Industrial Area Shyamtarai",
        "gis_tid": null,
        "st_area_sh": 2.6089334e-08,
        "st_length_": 0.000647371183994,
        "uidv1": null,
        "status_from_csidc": "AVAILABLE",
        "uid": "IA-2001"
      }
    },
    {
      "type": "Feature",
      "id": "csidc_industrial_area_with_plots.fid-23377b7a_19c5672bde0_6f3b",
      "geometry": {
        "type": "Polygon",
        "coordinates": [
          [
            [
              81.52905066,
              20.68976671
            ],
            [
              81.52901231,
              20.68961931
            ],
            [
              81.52884518,
              20.68965721
            ],
            [
              81.52888353,
              20.68980462
            ],
            [
              81.52905066,
              20.68976671
            ]
          ]
        ]
      },
      "geometry_name": "geom",
      "properties": {
        "gid": 88,
        "objectid": 15,
        "district": "Dhamtari",
        "plot_type": "INDUSTRIAL PURPOSE",
        "total_area": 390.96,
        "reservatio": "Yes",
        "plot_munci": "YES",
        "corner_plo": "No",
        "premium_ba": 4000000,
        "addi_premi": 400000,
        "total_prem": 4400000,
        "label": null,
        "tot_premiu": 0.0,
        "location": "Shyamtarai",
        "remark": null,
        "sector_inf": null,
        "industrial": "Inustrial Area Shyamtarai",
        "district_i": "Dhamtari",
        "plotno_inf": "15",
        "uniqueplot": "15",
        "plotactiva": null,
        "plotupdate": null,
        "plot_yesno": "Yes",
        "category_i": "INDUSTRIAL PLOT-ALLOTED",
        "quest": null,
        "status_inf": "AVAILABLE",
        "applied_ti": null,
        "alloted_ti": null,
        "allotmentr": null,
        "industri_1": "Industrial Area Shyamtarai",
        "industri_2": "Industrial Area Shyamtarai",
        "gis_tid": null,
        "st_area_sh": 2.608955e-08,
        "st_length_": 0.000647373986667,
        "uidv1": null,
        "status_from_csidc": "AVAILABLE",
        "uid": "IA-2002"
      }
    },
    {
      "type": "Feature",
      "id": "csidc_industrial_area_with_plots.fid-23377b7a_19c5672bde0_6f3c",
      "geometry": {
        "type": "Polygon",
        "coordinates": [
          [
            [
              81.70713375,
              18.39508829
            ],
            [
              81.70709729,
              18.3949127
            ],
            [
              81.70690703,
              18.39494959
            ],
            [
              81.70694349,
              18.39512517
            ],
            [
              81.70713375,
              18.39508829
            ]
          ]
        ]
      },
      "geometry_name": "geom",
      "properties": {
        "gid": 90,
        "objectid": 37,
        "district": "SUKMA",
        "plot_type": "Industrial Purpose",
        "total_area": 400,
        "reservatio": "NO",
        "plot_munci": "YES",
        "corner_plo": "NO",
        "premium_ba": 4000000,
        "addi_premi": 800000,
        "total_prem": 4800000,
        "label": null,
        "tot_premiu": 0.0,
        "location": "SUKMA",
        "remark": null,
        "sector_inf": null,
        "industrial": "Food Park Sukma",
        "district_i": "Sukma",
        "plotno_inf": "37",
        "uniqueplot": "37",
        "plotactiva": null,
        "plotupdate": null,
        "plot_yesno": "Yes",
        "category_i": "INDUSTRIAL PLOT-ALLOTED",
        "quest": null,
        "status_inf": "ALLOTTED",
        "applied_ti": null,
        "alloted_ti": null,
        "allotmentr": null,
        "industri_1": "Food Park Sukma",
        "industri_2": "Food Park Sukma",
        "gis_tid": null,
        "st_area_sh": 0.0,
        "st_length_": 0.0,
        "uidv1": null,
        "status_from_csidc": "BOOKED",
        "uid": "IA-2022"
      }
    },
    {
      "type": "Feature",
      "id": "csidc_industrial_area_with_plots.fid-23377b7a_19c5672bde0_6f3d",
      "geometry": {
        "type": "Polygon",
        "coordinates": [
          [
            [
              81.52830334,
              20.6901518
            ],
            [
              81.52843511,
              20.69012191
            ],
            [
              81.52838215,
              20.68991834
            ],
            [
              81.52821502,
              20.68995624
            ],
            [
              81.52826799,
              20.69015982
            ],
            [
              81.52830334,
              20.6901518
            ]
          ]
        ]
      },
      "geometry_name": "geom",
      "properties": {
        "gid": 89,
        "objectid": 10,
        "district": "Dhamtari",
        "plot_type": "INDUSTRIAL PURPOSE",
        "total_area": 540,
        "reservatio": "No",
        "plot_munci": "YES",
        "corner_plo": "Yes",
        "premium_ba": 4000000,
        "addi_premi": 800000,
        "total_prem": 4800000,
        "label": null,
        "tot_premiu": 0.0,
        "location": "Shyamtarai",
        "remark": null,
        "sector_inf": null,
        "industrial": "Inustrial Area Shyamtarai",
        "district_i": "Dhamtari",
        "plotno_inf": "10",
        "uniqueplot": "10",
        "plotactiva": null,
        "plotupdate": null,
        "plot_yesno": "Yes",
        "category_i": "INDUSTRIAL PLOT-ALLOTED",
        "quest": null,
        "status_inf": "ALLOTTED",
        "applied_ti": null,
        "alloted_ti": null,
        "allotmentr": null,
        "industri_1": "Industrial Area Shyamtarai",
        "industri_2": "Industrial Area Shyamtarai",
        "gis_tid": null,
        "st_area_sh": 3.6030814e-08,
        "st_length_": 0.000763450128123,
        "uidv1": null,
        "status_from_csidc": "ALLOTTED",
        "uid": "IA-2018"
      }
    },
    {
      "type": "Feature",
      "id": "csidc_industrial_area_with_plots.fid-23377b7a_19c5672bde0_6f3e",
      "geometry": {
        "type": "Polygon",
        "coordinates": [
          [
            [
              81.52977214,
              20.68981866
            ],
            [
              81.52971917,
              20.68961509
            ],
            [
              81.52955205,
              20.68965299
            ],
            [
              81.52960501,
              20.68985657
            ],
            [
              81.52977214,
              20.68981866
            ]
          ]
        ]
      },
      "geometry_name": "geom",
      "properties": {
        "gid": 83,
        "objectid": 2,
        "district": "Dhamtari",
        "plot_type": "INDUSTRIAL PURPOSE",
        "total_area": 540,
        "reservatio": "No",
        "plot_munci": "YES",
        "corner_plo": "No",
        "premium_ba": 4000000,
        "addi_premi": 400000,
        "total_prem": 4400000,
        "label": null,
        "tot_premiu": 0.0,
        "location": "Shyamtarai",
        "remark": null,
        "sector_inf": null,
        "industrial": "Inustrial Area Shyamtarai",
        "district_i": "Dhamtari",
        "plotno_inf": "2",
        "uniqueplot": "2",
        "plotactiva": null,
        "plotupdate": null,
        "plot_yesno": "Yes",
        "category_i": "INDUSTRIAL PLOT-ALLOTED",
        "quest": null,
        "status_inf": "AVAILABLE",
        "applied_ti": null,
        "alloted_ti": null,
        "allotmentr": null,
        "industri_1": "Industrial Area Shyamtarai",
        "industri_2": "Industrial Area Shyamtarai",
        "gis_tid": null,
        "st_area_sh": 3.603077e-08,
        "st_length_": 0.000763449449354,
        "uidv1": null,
        "status_from_csidc": "AVAILABLE",
        "uid": "IA-2009"
      }
    },
    {
      "type": "Feature",
      "id": "csidc_industrial_area_with_plots.fid-23377b7a_19c5672bde0_6f3f",
      "geometry": {
        "type": "Polygon",
        "coordinates": [
          [
            [
              81.52993927,
              20.68978075
            ],
            [
              81.5298863,
              20.68957718
            ],
            [
              81.52971917,
              20.68961509
            ],
            [
              81.52977214,
              20.68981866
            ],
            [
              81.52993927,
              20.68978075
            ]
          ]
        ]
      },
      "geometry_name": "geom",
      "properties": {
        "gid": 81,
        "objectid": 1,
        "district": "Dhamtari",
        "plot_type": "INDUSTRIAL PURPOSE",
        "total_area": 540,
        "reservatio": "No",
        "plot_munci": "YES",
        "corner_plo": "Yes",
        "premium_ba": 4000000,
        "addi_premi": 800000,
        "total_prem": 4800000,
        "label": null,
        "tot_premiu": 0.0,
        "location": "Shyamtarai",
        "remark": null,
        "sector_inf": null,
        "industrial": "Inustrial Area Shyamtarai",
        "district_i": "Dhamtari",
        "plotno_inf": "1",
        "uniqueplot": "1",
        "plotactiva": null,
        "plotupdate": null,
        "plot_yesno": "Yes",
        "category_i": "INDUSTRIAL PLOT-ALLOTED",
        "quest": null,
        "status_inf": "AVAILABLE",
        "applied_ti": null,
        "alloted_ti": null,
        "allotmentr": null,
        "industri_1": "Industrial Area Shyamtarai",
        "industri_2": "Industrial Area Shyamtarai",
        "gis_tid": null,
        "st_area_sh": 3.6030551e-08,
        "st_length_": 0.000763447770968,
        "uidv1": null,
        "status_from_csidc": "AVAILABLE",
        "uid": "IA-2008"
      }
    },
    {
      "type": "Feature",
      "id": "csidc_industrial_area_with_plots.fid-23377b7a_19c5672bde0_6f40",
      "geometry": {
        "type": "Polygon",
        "coordinates": [
          [
            [
              81.52943788,
              20.68989447
            ],
            [
              81.52943782,
              20.68989422
            ],
            [
              81.52938492,
              20.6896909
            ],
            [
              81.52921779,
              20.68972881
            ],
            [
              81.52927062,
              20.68993187
            ],
            [
              81.52927075,
              20.68993238
            ],
            [
              81.52943788,
              20.68989447
            ]
          ]
        ]
      },
      "geometry_name": "geom",
      "properties": {
        "gid": 85,
        "objectid": 4,
        "district": "Dhamtari",
        "plot_type": "INDUSTRIAL PURPOSE",
        "total_area": 540,
        "reservatio": "No",
        "plot_munci": "YES",
        "corner_plo": "No",
        "premium_ba": 4000000,
        "addi_premi": 400000,
        "total_prem": 4400000,
        "label": null,
        "tot_premiu": 0.0,
        "location": "Shyamtarai",
        "remark": null,
        "sector_inf": null,
        "industrial": "Inustrial Area Shyamtarai",
        "district_i": "Dhamtari",
        "plotno_inf": "4",
        "uniqueplot": "4",
        "plotactiva": null,
        "plotupdate": null,
        "plot_yesno": "Yes",
        "category_i": "INDUSTRIAL PLOT-ALLOTED",
        "quest": null,
        "status_inf": "AVAILABLE",
        "applied_ti": null,
        "alloted_ti": null,
        "allotmentr": null,
        "industri_1": "Industrial Area Shyamtarai",
        "industri_2": "Industrial Area Shyamtarai",
        "gis_tid": null,
        "st_area_sh": 3.6030539e-08,
        "st_length_": 0.000763445976557,
        "uidv1": null,
        "status_from_csidc": "AVAILABLE",
        "uid": "IA-2011"
      }
    },
    {
      "type": "Feature",
      "id": "csidc_industrial_area_with_plots.fid-23377b7a_19c5672bde0_6f41",
      "geometry": {
        "type": "Polygon",
        "coordinates": [
          [
            [
              81.52860224,
              20.69008401
            ],
            [
              81.52854928,
              20.68988043
            ],
            [
              81.52838215,
              20.68991834
            ],
            [
              81.52843511,
              20.69012191
            ],
            [
              81.52860224,
              20.69008401
            ]
          ]
        ]
      },
      "geometry_name": "geom",
      "properties": {
        "gid": 91,
        "objectid": 9,
        "district": "Dhamtari",
        "plot_type": "INDUSTRIAL PURPOSE",
        "total_area": 540,
        "reservatio": "No",
        "plot_munci": "YES",
        "corner_plo": "No",
        "premium_ba": 4000000,
        "addi_premi": 400000,
        "total_prem": 4400000,
        "label": null,
        "tot_premiu": 0.0,
        "location": "Shyamtarai",
        "remark": null,
        "sector_inf": null,
        "industrial": "Inustrial Area Shyamtarai",
        "district_i": "Dhamtari",
        "plotno_inf": "9",
        "uniqueplot": "9",
        "plotactiva": null,
        "plotupdate": null,
        "plot_yesno": "Yes",
        "category_i": "INDUSTRIAL PLOT-ALLOTED",
        "quest": null,
        "status_inf": "ALLOTTED",
        "applied_ti": null,
        "alloted_ti": null,
        "allotmentr": null,
        "industri_1": "Industrial Area Shyamtarai",
        "industri_2": "Industrial Area Shyamtarai",
        "gis_tid": null,
        "st_area_sh": 3.6030741e-08,
        "st_length_": 0.000763449709434,
        "uidv1": null,
        "status_from_csidc": "ALLOTTED",
        "uid": "IA-2017"
      }
    },
    {
      "type": "Feature",
      "id": "csidc_industrial_area_with_plots.fid-23377b7a_19c5672bde0_6f42",
      "geometry": {
        "type": "Polygon",
        "coordinates": [
          [
            [
              81.5289365,
              20.69000819
            ],
            [
              81.52888353,
              20.68980462
            ],
            [
              81.52871641,
              20.68984253
            ],
            [
              81.52876937,
              20.6900461
            ],
            [
              81.5289365,
              20.69000819
            ]
          ]
        ]
      },
      "geometry_name": "geom",
      "properties": {
        "gid": 93,
        "objectid": 7,
        "district": "Dhamtari",
        "plot_type": "INDUSTRIAL PURPOSE",
        "total_area": 540,
        "reservatio": "No",
        "plot_munci": "YES",
        "corner_plo": "No",
        "premium_ba": 4000000,
        "addi_premi": 400000,
        "total_prem": 4400000,
        "label": null,
        "tot_premiu": 0.0,
        "location": "Shyamtarai",
        "remark": null,
        "sector_inf": null,
        "industrial": "Inustrial Area Shyamtarai",
        "district_i": "Dhamtari",
        "plotno_inf": "7",
        "uniqueplot": "7",
        "plotactiva": null,
        "plotupdate": null,
        "plot_yesno": "Yes",
        "category_i": "INDUSTRIAL PLOT-ALLOTED",
        "quest": null,
        "status_inf": "ALLOTTED",
        "applied_ti": null,
        "alloted_ti": null,
        "allotmentr": null,
        "industri_1": "Industrial Area Shyamtarai",
        "industri_2": "Industrial Area Shyamtarai",
        "gis_tid": null,
        "st_area_sh": 3.6030564e-08,
        "st_length_": 0.000763447716049,
        "uidv1": null,
        "status_from_csidc": "BOOKED",
        "uid": "IA-2015"
      }
    },
    {
      "type": "Feature",
      "id": "csidc_industrial_area_with_plots.fid-23377b7a_19c5672bde0_6f43",
      "geometry": {
        "type": "Polygon",
        "coordinates": [
          [
            [
              81.707324,
              18.3950514
            ],
            [
              81.70728754,
              18.39487581
            ],
            [
              81.70724041,
              18.39488495
            ],
            [
              81.70709729,
              18.3949127
            ],
            [
              81.70713375,
              18.39508829
            ],
            [
              81.707324,
              18.3950514
            ]
          ]
        ]
      },
      "geometry_name": "geom",
      "properties": {
        "gid": 94,
        "objectid": 38,
        "district": "SUKMA",
        "plot_type": "Industrial Purpose",
        "total_area": 400,
        "reservatio": "YES",
        "plot_munci": "YES",
        "corner_plo": "NO",
        "premium_ba": 4000000,
        "addi_premi": 800000,
        "total_prem": 4800000,
        "label": null,
        "tot_premiu": 0.0,
        "location": "SUKMA",
        "remark": null,
        "sector_inf": null,
        "industrial": "Food Park Sukma",
        "district_i": "Sukma",
        "plotno_inf": "38",
        "uniqueplot": "38",
        "plotactiva": null,
        "plotupdate": null,
        "plot_yesno": "Yes",
        "category_i": "INDUSTRIAL PLOT-ALLOTED",
        "quest": null,
        "status_inf": "AVAILABLE",
        "applied_ti": null,
        "alloted_ti": null,
        "allotmentr": null,
        "industri_1": "Food Park Sukma",
        "industri_2": "Food Park Sukma",
        "gis_tid": null,
        "st_area_sh": 0.0,
        "st_length_": 0.0,
        "uidv1": null,
        "status_from_csidc": "AVAILABLE",
        "uid": "IA-2021"
      }
    },
    {
      "type": "Feature",
      "id": "csidc_industrial_area_with_plots.fid-23377b7a_19c5672bde0_6f44",
      "geometry": {
        "type": "Polygon",
        "coordinates": [
          [
            [
              81.70651946,
              18.39517999
            ],
            [
              81.70648847,
              18.39503075
            ],
            [
              81.70629821,
              18.39506763
            ],
            [
              81.70633467,
              18.39524322
            ],
            [
              81.70649639,
              18.39521186
            ],
            [
              81.70650126,
              18.3952105
            ],
            [
              81.70650582,
              18.39520838
            ],
            [
              81.70650992,
              18.39520557
            ],
            [
              81.70651345,
              18.39520214
            ],
            [
              81.70651629,
              18.39519822
            ],
            [
              81.70651837,
              18.3951939
            ],
            [
              81.70651961,
              18.39518933
            ],
            [
              81.70651997,
              18.39518465
            ],
            [
              81.70651946,
              18.39517999
            ]
          ]
        ]
      },
      "geometry_name": "geom",
      "properties": {
        "gid": 95,
        "objectid": 35,
        "district": "SUKMA",
        "plot_type": "Industrial Purpose",
        "total_area": 398.07,
        "reservatio": "YES",
        "plot_munci": "YES",
        "corner_plo": "YES",
        "premium_ba": 4000000,
        "addi_premi": 1200000,
        "total_prem": 5200000,
        "label": null,
        "tot_premiu": 0.0,
        "location": "SUKMA",
        "remark": null,
        "sector_inf": null,
        "industrial": "Food Park Sukma",
        "district_i": "Sukma",
        "plotno_inf": "35",
        "uniqueplot": "35",
        "plotactiva": null,
        "plotupdate": null,
        "plot_yesno": "Yes",
        "category_i": "INDUSTRIAL PLOT-ALLOTED",
        "quest": null,
        "status_inf": "AVAILABLE",
        "applied_ti": null,
        "alloted_ti": null,
        "allotmentr": null,
        "industri_1": "Food Park Sukma",
        "industri_2": "Food Park Sukma",
        "gis_tid": null,
        "st_area_sh": 0.0,
        "st_length_": 0.0,
        "uidv1": null,
        "status_from_csidc": "AVAILABLE",
        "uid": "IA-2023"
      }
    },
    {
      "type": "Feature",
      "id": "csidc_industrial_area_with_plots.fid-23377b7a_19c5672bde0_6f45",
      "geometry": {
        "type": "Polygon",
        "coordinates": [
          [
            [
              81.70614441,
              18.39528011
            ],
            [
              81.70610795,
              18.39510452
            ],
            [
              81.7059177,
              18.39514141
            ],
            [
              81.70595415,
              18.39531699
            ],
            [
              81.70614441,
              18.39528011
            ]
          ]
        ]
      },
      "geometry_name": "geom",
      "properties": {
        "gid": 96,
        "objectid": 33,
        "district": "SUKMA",
        "plot_type": "Industrial Purpose",
        "total_area": 400,
        "reservatio": "YES",
        "plot_munci": "YES",
        "corner_plo": "NO",
        "premium_ba": 4000000,
        "addi_premi": 800000,
        "total_prem": 4800000,
        "label": null,
        "tot_premiu": 0.0,
        "location": "SUKMA",
        "remark": null,
        "sector_inf": null,
        "industrial": "Food Park Sukma",
        "district_i": "Sukma",
        "plotno_inf": "33",
        "uniqueplot": "33",
        "plotactiva": null,
        "plotupdate": null,
        "plot_yesno": "Yes",
        "category_i": "INDUSTRIAL PLOT-ALLOTED",
        "quest": null,
        "status_inf": "AVAILABLE",
        "applied_ti": null,
        "alloted_ti": null,
        "allotmentr": null,
        "industri_1": "Food Park Sukma",
        "industri_2": "Food Park Sukma",
        "gis_tid": null,
        "st_area_sh": 0.0,
        "st_length_": 0.0,
        "uidv1": null,
        "status_from_csidc": "AVAILABLE",
        "uid": "IA-2020"
      }
    },
    {
      "type": "Feature",
      "id": "csidc_industrial_area_with_plots.fid-23377b7a_19c5672bde0_6f46",
      "geometry": {
        "type": "Polygon",
        "coordinates": [
          [
            [
              81.52810086,
              20.69019773
            ],
            [
              81.52805672,
              20.69002808
            ],
            [
              81.52768532,
              20.69011232
            ],
            [
              81.52772946,
              20.69028196
            ],
            [
              81.52810086,
              20.69019773
            ]
          ]
        ]
      },
      "geometry_name": "geom",
      "properties": {
        "gid": 97,
        "objectid": 26,
        "district": "Dhamtari",
        "plot_type": "INDUSTRIAL PURPOSE",
        "total_area": 1000,
        "reservatio": "No",
        "plot_munci": "YES",
        "corner_plo": "Yes",
        "premium_ba": 4000000,
        "addi_premi": 800000,
        "total_prem": 4800000,
        "label": null,
        "tot_premiu": 0.0,
        "location": "Shyamtarai",
        "remark": null,
        "sector_inf": null,
        "industrial": "Inustrial Area Shyamtarai",
        "district_i": "Dhamtari",
        "plotno_inf": "26",
        "uniqueplot": "26",
        "plotactiva": null,
        "plotupdate": null,
        "plot_yesno": "Yes",
        "category_i": "INDUSTRIAL PLOT-ALLOTED",
        "quest": null,
        "status_inf": "ALLOTTED",
        "applied_ti": null,
        "alloted_ti": null,
        "allotmentr": null,
        "industri_1": "Industrial Area Shyamtarai",
        "industri_2": "Industrial Area Shyamtarai",
        "gis_tid": null,
        "st_area_sh": 6.6723343e-08,
        "st_length_": 0.00111224241063,
        "uidv1": null,
        "status_from_csidc": "ALLOTTED",
        "uid": "IA-2019"
      }
    },
    {
      "type": "Feature",
      "id": "csidc_industrial_area_with_plots.fid-23377b7a_19c5672bde0_6f47",
      "geometry": {
        "type": "Polygon",
        "coordinates": [
          [
            [
              81.70694349,
              18.39512517
            ],
            [
              81.70690703,
              18.39494959
            ],
            [
              81.70671677,
              18.39498648
            ],
            [
              81.70674776,
              18.39513573
            ],
            [
              81.70674915,
              18.39514021
            ],
            [
              81.70675136,
              18.3951444
            ],
            [
              81.70675432,
              18.39514815
            ],
            [
              81.70675796,
              18.39515136
            ],
            [
              81.70676215,
              18.39515393
            ],
            [
              81.70676677,
              18.39515577
            ],
            [
              81.70677168,
              18.39515683
            ],
            [
              81.70677673,
              18.39515709
            ],
            [
              81.70678177,
              18.39515653
            ],
            [
              81.70694349,
              18.39512517
            ]
          ]
        ]
      },
      "geometry_name": "geom",
      "properties": {
        "gid": 98,
        "objectid": 36,
        "district": "SUKMA",
        "plot_type": "Industrial Purpose",
        "total_area": 398.07,
        "reservatio": "NO",
        "plot_munci": "YES",
        "corner_plo": "YES",
        "premium_ba": 4000000,
        "addi_premi": 1200000,
        "total_prem": 5200000,
        "label": null,
        "tot_premiu": 0.0,
        "location": "SUKMA",
        "remark": null,
        "sector_inf": null,
        "industrial": "Food Park Sukma",
        "district_i": "Sukma",
        "plotno_inf": "36",
        "uniqueplot": "36",
        "plotactiva": null,
        "plotupdate": null,
        "plot_yesno": "Yes",
        "category_i": "INDUSTRIAL PLOT-ALLOTED",
        "quest": null,
        "status_inf": "AVAILABLE",
        "applied_ti": null,
        "alloted_ti": null,
        "allotmentr": null,
        "industri_1": "Food Park Sukma",
        "industri_2": "Food Park Sukma",
        "gis_tid": null,
        "st_area_sh": 0.0,
        "st_length_": 0.0,
        "uidv1": null,
        "status_from_csidc": "AVAILABLE",
        "uid": "IA-2024"
      }
    },
    {
      "type": "Feature",
      "id": "csidc_industrial_area_with_plots.fid-23377b7a_19c5672bde0_6f48",
      "geometry": {
        "type": "Polygon",
        "coordinates": [
          [
            [
              81.52805672,
              20.69002808
            ],
            [
              81.52801258,
              20.68985843
            ],
            [
              81.52764119,
              20.68994267
            ],
            [
              81.52768532,
              20.69011232
            ],
            [
              81.52805672,
              20.69002808
            ]
          ]
        ]
      },
      "geometry_name": "geom",
      "properties": {
        "gid": 99,
        "objectid": 25,
        "district": "Dhamtari",
        "plot_type": "INDUSTRIAL PURPOSE",
        "total_area": 1000,
        "reservatio": "No",
        "plot_munci": "YES",
        "corner_plo": "No",
        "premium_ba": 4000000,
        "addi_premi": 400000,
        "total_prem": 4400000,
        "label": null,
        "tot_premiu": 0.0,
        "location": "Shyamtarai",
        "remark": null,
        "sector_inf": null,
        "industrial": "Inustrial Area Shyamtarai",
        "district_i": "Dhamtari",
        "plotno_inf": "25",
        "uniqueplot": "25",
        "plotactiva": null,
        "plotupdate": null,
        "plot_yesno": "Yes",
        "category_i": "INDUSTRIAL PLOT-ALLOTED",
        "quest": null,
        "status_inf": "ALLOTTED",
        "applied_ti": null,
        "alloted_ti": null,
        "allotmentr": null,
        "industri_1": "Industrial Area Shyamtarai",
        "industri_2": "Industrial Area Shyamtarai",
        "gis_tid": null,
        "st_area_sh": 6.6723867e-08,
        "st_length_": 0.00111224570773,
        "uidv1": null,
        "status_from_csidc": "BOOKED",
        "uid": "IA-2012"
      }
    },
    {
      "type": "Feature",
      "id": "csidc_industrial_area_with_plots.fid-23377b7a_19c5672bde0_6f49",
      "geometry": {
        "type": "Polygon",
        "coordinates": [
          [
            [
              80.85441585,
              20.91441161
            ],
            [
              80.85428864,
              20.91412153
            ],
            [
              80.85375405,
              20.91432878
            ],
            [
              80.85388126,
              20.91461886
            ],
            [
              80.85441585,
              20.91441161
            ]
          ]
        ]
      },
      "geometry_name": "geom",
      "properties": {
        "gid": 100,
        "objectid": 2962,
        "district": "Rajnandgaon",
        "plot_type": "Industrial  Purpose",
        "total_area": 1750,
        "reservatio": null,
        "plot_munci": "NO",
        "corner_plo": "YES",
        "premium_ba": 2100000,
        "addi_premi": 210000,
        "total_prem": 2310000,
        "label": "C",
        "tot_premiu": 2310000,
        "location": "Pangrikhurd",
        "remark": null,
        "sector_inf": "BLOCK - C",
        "industrial": "RAJNANDGAON",
        "district_i": "RAJNANDGAON",
        "plotno_inf": "44",
        "uniqueplot": "44",
        "plotactiva": null,
        "plotupdate": null,
        "plot_yesno": "YES",
        "category_i": "INDUSTRIAL PLOT-ALLOTED",
        "quest": null,
        "status_inf": "ALLOTTED",
        "applied_ti": null,
        "alloted_ti": null,
        "allotmentr": null,
        "industri_1": "INDUSTRIAL AREA PANGRIKHURD_BLOCK - C",
        "industri_2": "INDUSTRIAL AREA PANGRIKHURD",
        "gis_tid": null,
        "st_area_sh": 1.81437725e-07,
        "st_length_": 0.00178020704337,
        "uidv1": "IA-1354",
        "status_from_csidc": "ALLOTTED",
        "uid": "IA-1354"
      }
    },
    {
      "type": "Feature",
      "id": "csidc_industrial_area_with_plots.fid-23377b7a_19c5672bde0_6f4a",
      "geometry": {
        "type": "Polygon",
        "coordinates": [
          [
            [
              81.52876937,
              20.6900461
            ],
            [
              81.52871641,
              20.68984253
            ],
            [
              81.52854928,
              20.68988043
            ],
            [
              81.52860224,
              20.69008401
            ],
            [
              81.52876937,
              20.6900461
            ]
          ]
        ]
      },
      "geometry_name": "geom",
      "properties": {
        "gid": 101,
        "objectid": 8,
        "district": "Dhamtari",
        "plot_type": "INDUSTRIAL PURPOSE",
        "total_area": 540,
        "reservatio": "No",
        "plot_munci": "YES",
        "corner_plo": "No",
        "premium_ba": 4000000,
        "addi_premi": 400000,
        "total_prem": 4400000,
        "label": null,
        "tot_premiu": 0.0,
        "location": "Shyamtarai",
        "remark": null,
        "sector_inf": null,
        "industrial": "Inustrial Area Shyamtarai",
        "district_i": "Dhamtari",
        "plotno_inf": "8",
        "uniqueplot": "8",
        "plotactiva": null,
        "plotupdate": null,
        "plot_yesno": "Yes",
        "category_i": "INDUSTRIAL PLOT-ALLOTED",
        "quest": null,
        "status_inf": "ALLOTTED",
        "applied_ti": null,
        "alloted_ti": null,
        "allotmentr": null,
        "industri_1": "Industrial Area Shyamtarai",
        "industri_2": "Industrial Area Shyamtarai",
        "gis_tid": null,
        "st_area_sh": 3.6031005e-08,
        "st_length_": 0.000763451874786,
        "uidv1": null,
        "status_from_csidc": "ALLOTTED",
        "uid": "IA-2016"
      }
    },
    {
      "type": "Feature",
      "id": "csidc_industrial_area_with_plots.fid-23377b7a_19c5672bde0_6f4b",
      "geometry": {
        "type": "Polygon",
        "coordinates": [
          [
            [
              82.18723457,
              22.02244347
            ],
            [
              82.18660488,
              22.02244545
            ],
            [
              82.18660699,
              22.02303258
            ],
            [
              82.18723669,
              22.02303061
            ],
            [
              82.18723457,
              22.02244347
            ]
          ]
        ]
      },
      "geometry_name": "geom",
      "properties": {
        "gid": 102,
        "objectid": 1900,
        "district": "BILASPUR",
        "plot_type": "INDUSTRIAL PURPOSE",
        "total_area": 4225,
        "reservatio": null,
        "plot_munci": "YES",
        "corner_plo": "YES",
        "premium_ba": 2957500,
        "addi_premi": 591500,
        "total_prem": 3549000,
        "label": null,
        "tot_premiu": 3549000,
        "location": "SILPAHARI",
        "remark": null,
        "sector_inf": "BLOCK-C",
        "industrial": "SILPAHARI INDUSTRIAL AREA",
        "district_i": "BILASPUR",
        "plotno_inf": "1",
        "uniqueplot": "1",
        "plotactiva": "2018-01-09Z",
        "plotupdate": null,
        "plot_yesno": "YES",
        "category_i": "INDUSTRIAL PLOT-ALLOTED",
        "quest": null,
        "status_inf": "ALLOTTED",
        "applied_ti": null,
        "alloted_ti": null,
        "allotmentr": null,
        "industri_1": "SILPAHARI BLOCK-C",
        "industri_2": "SILPAHARI BLOCK-C",
        "gis_tid": null,
        "st_area_sh": 3.69720643e-07,
        "st_length_": 0.00243367578089,
        "uidv1": "IA-60",
        "status_from_csidc": "ALLOTTED",
        "uid": "IA-60"
      }
    },
    {
      "type": "Feature",
      "id": "csidc_industrial_area_with_plots.fid-23377b7a_19c5672bde0_6f4c",
      "geometry": {
        "type": "Polygon",
        "coordinates": [
          [
            [
              82.24898749,
              22.1769856
            ],
            [
              82.24884454,
              22.17666301
            ],
            [
              82.24838392,
              22.17679652
            ],
            [
              82.24852623,
              22.17712697
            ],
            [
              82.24898749,
              22.1769856
            ]
          ]
        ]
      },
      "geometry_name": "geom",
      "properties": {
        "gid": 103,
        "objectid": 0,
        "district": "BILASPUR",
        "plot_type": "INDUSTRIAL PURPOSE",
        "total_area": 2000,
        "reservatio": null,
        "plot_munci": "No",
        "corner_plo": "No",
        "premium_ba": 14400000,
        "addi_premi": 0.0,
        "total_prem": 2880000,
        "label": null,
        "tot_premiu": 0.0,
        "location": "Selar",
        "remark": null,
        "sector_inf": "BLOCK - I",
        "industrial": "Industrial Area Selar",
        "district_i": "BILASPUR",
        "plotno_inf": "1",
        "uniqueplot": "1",
        "plotactiva": null,
        "plotupdate": null,
        "plot_yesno": "YES",
        "category_i": "INDUSTRIAL PLOT-ALLOTED",
        "quest": null,
        "status_inf": "AVAILABLE",
        "applied_ti": null,
        "alloted_ti": null,
        "allotmentr": null,
        "industri_1": "Industrial Area Selar",
        "industri_2": "Industrial Area Selar",
        "gis_tid": null,
        "st_area_sh": 0.0,
        "st_length_": 0.0,
        "uidv1": "IA-62",
        "status_from_csidc": "AVAILABLE",
        "uid": "IA-62"
      }
    },
    {
      "type": "Feature",
      "id": "csidc_industrial_area_with_plots.fid-23377b7a_19c5672bde0_6f4d",
      "geometry": {
        "type": "Polygon",
        "coordinates": [
          [
            [
              81.70661243,
              18.39562773
            ],
            [
              81.70658508,
              18.39549604
            ],
            [
              81.7062997,
              18.39555137
            ],
            [
              81.70632704,
              18.39568306
            ],
            [
              81.70661243,
              18.39562773
            ]
          ]
        ]
      },
      "geometry_name": "geom",
      "properties": {
        "gid": 104,
        "objectid": 23,
        "district": "SUKMA",
        "plot_type": "Industrial Purpose",
        "total_area": 450,
        "reservatio": "NO",
        "plot_munci": "YES",
        "corner_plo": "YES",
        "premium_ba": 4000000,
        "addi_premi": 1200000,
        "total_prem": 5200000,
        "label": null,
        "tot_premiu": 0.0,
        "location": "SUKMA",
        "remark": null,
        "sector_inf": null,
        "industrial": "Food Park Sukma",
        "district_i": "Sukma",
        "plotno_inf": "23",
        "uniqueplot": "23",
        "plotactiva": null,
        "plotupdate": null,
        "plot_yesno": "Yes",
        "category_i": "INDUSTRIAL PLOT-ALLOTED",
        "quest": null,
        "status_inf": "AVAILABLE",
        "applied_ti": null,
        "alloted_ti": null,
        "allotmentr": null,
        "industri_1": "Food Park Sukma",
        "industri_2": "Food Park Sukma",
        "gis_tid": null,
        "st_area_sh": 0.0,
        "st_length_": 0.0,
        "uidv1": null,
        "status_from_csidc": "AVAILABLE",
        "uid": "IA-2029"
      }
    },
    {
      "type": "Feature",
      "id": "csidc_industrial_area_with_plots.fid-23377b7a_19c5672bde0_6f4e",
      "geometry": {
        "type": "Polygon",
        "coordinates": [
          [
            [
              81.70663977,
              18.39575941
            ],
            [
              81.70661243,
              18.39562773
            ],
            [
              81.70632704,
              18.39568306
            ],
            [
              81.70635438,
              18.39581475
            ],
            [
              81.70663977,
              18.39575941
            ]
          ]
        ]
      },
      "geometry_name": "geom",
      "properties": {
        "gid": 105,
        "objectid": 22,
        "district": "SUKMA",
        "plot_type": "Industrial Purpose",
        "total_area": 450,
        "reservatio": "NO",
        "plot_munci": "YES",
        "corner_plo": "YES",
        "premium_ba": 4000000,
        "addi_premi": 1200000,
        "total_prem": 5200000,
        "label": null,
        "tot_premiu": 0.0,
        "location": "SUKMA",
        "remark": null,
        "sector_inf": null,
        "industrial": "Food Park Sukma",
        "district_i": "Sukma",
        "plotno_inf": "22",
        "uniqueplot": "22",
        "plotactiva": null,
        "plotupdate": null,
        "plot_yesno": "Yes",
        "category_i": "INDUSTRIAL PLOT-ALLOTED",
        "quest": null,
        "status_inf": "AVAILABLE",
        "applied_ti": null,
        "alloted_ti": null,
        "allotmentr": null,
        "industri_1": "Food Park Sukma",
        "industri_2": "Food Park Sukma",
        "gis_tid": null,
        "st_area_sh": 0.0,
        "st_length_": 0.0,
        "uidv1": null,
        "status_from_csidc": "AVAILABLE",
        "uid": "IA-2032"
      }
    },
    {
      "type": "Feature",
      "id": "csidc_industrial_area_with_plots.fid-23377b7a_19c5672bde0_6f4f",
      "geometry": {
        "type": "Polygon",
        "coordinates": [
          [
            [
              81.70666711,
              18.3958911
            ],
            [
              81.70663977,
              18.39575941
            ],
            [
              81.70635438,
              18.39581475
            ],
            [
              81.70638173,
              18.39594643
            ],
            [
              81.70666711,
              18.3958911
            ]
          ]
        ]
      },
      "geometry_name": "geom",
      "properties": {
        "gid": 106,
        "objectid": 21,
        "district": "SUKMA",
        "plot_type": "Industrial Purpose",
        "total_area": 450,
        "reservatio": "NO",
        "plot_munci": "YES",
        "corner_plo": "YES",
        "premium_ba": 4000000,
        "addi_premi": 1200000,
        "total_prem": 5200000,
        "label": null,
        "tot_premiu": 0.0,
        "location": "SUKMA",
        "remark": null,
        "sector_inf": null,
        "industrial": "Food Park Sukma",
        "district_i": "Sukma",
        "plotno_inf": "21",
        "uniqueplot": "21",
        "plotactiva": null,
        "plotupdate": null,
        "plot_yesno": "Yes",
        "category_i": "INDUSTRIAL PLOT-ALLOTED",
        "quest": null,
        "status_inf": "AVAILABLE",
        "applied_ti": null,
        "alloted_ti": null,
        "allotmentr": null,
        "industri_1": "Food Park Sukma",
        "industri_2": "Food Park Sukma",
        "gis_tid": null,
        "st_area_sh": 0.0,
        "st_length_": 0.0,
        "uidv1": null,
        "status_from_csidc": "AVAILABLE",
        "uid": "IA-2033"
      }
    },
    {
      "type": "Feature",
      "id": "csidc_industrial_area_with_plots.fid-23377b7a_19c5672bde0_6f50",
      "geometry": {
        "type": "Polygon",
        "coordinates": [
          [
            [
              81.70730328,
              18.39590474
            ],
            [
              81.70725771,
              18.39568527
            ],
            [
              81.70687719,
              18.39575904
            ],
            [
              81.70692277,
              18.39597852
            ],
            [
              81.70730328,
              18.39590474
            ]
          ]
        ]
      },
      "geometry_name": "geom",
      "properties": {
        "gid": 107,
        "objectid": 3,
        "district": "SUKMA",
        "plot_type": "Industrial Purpose",
        "total_area": 1000,
        "reservatio": "NO",
        "plot_munci": "YES",
        "corner_plo": "YES",
        "premium_ba": 4000000,
        "addi_premi": 1200000,
        "total_prem": 5200000,
        "label": null,
        "tot_premiu": 0.0,
        "location": "SUKMA",
        "remark": null,
        "sector_inf": null,
        "industrial": "Food Park Sukma",
        "district_i": "Sukma",
        "plotno_inf": "3",
        "uniqueplot": "3",
        "plotactiva": null,
        "plotupdate": null,
        "plot_yesno": "Yes",
        "category_i": "INDUSTRIAL PLOT-ALLOTED",
        "quest": null,
        "status_inf": "ALLOTTED",
        "applied_ti": null,
        "alloted_ti": null,
        "allotmentr": null,
        "industri_1": "Food Park Sukma",
        "industri_2": "Food Park Sukma",
        "gis_tid": null,
        "st_area_sh": 0.0,
        "st_length_": 0.0,
        "uidv1": null,
        "status_from_csidc": "ALLOTTED",
        "uid": "IA-2035"
      }
    },
    {
      "type": "Feature",
      "id": "csidc_industrial_area_with_plots.fid-23377b7a_19c5672bde0_6f51",
      "geometry": {
        "type": "Polygon",
        "coordinates": [
          [
            [
              81.70669446,
              18.39602279
            ],
            [
              81.70666711,
              18.3958911
            ],
            [
              81.70638173,
              18.39594643
            ],
            [
              81.70640907,
              18.39607812
            ],
            [
              81.70669446,
              18.39602279
            ]
          ]
        ]
      },
      "geometry_name": "geom",
      "properties": {
        "gid": 108,
        "objectid": 20,
        "district": "SUKMA",
        "plot_type": "Industrial Purpose",
        "total_area": 450,
        "reservatio": "NO",
        "plot_munci": "YES",
        "corner_plo": "YES",
        "premium_ba": 4000000,
        "addi_premi": 1200000,
        "total_prem": 5200000,
        "label": null,
        "tot_premiu": 0.0,
        "location": "SUKMA",
        "remark": null,
        "sector_inf": null,
        "industrial": "Food Park Sukma",
        "district_i": "Sukma",
        "plotno_inf": "20",
        "uniqueplot": "20",
        "plotactiva": null,
        "plotupdate": null,
        "plot_yesno": "Yes",
        "category_i": "INDUSTRIAL PLOT-ALLOTED",
        "quest": null,
        "status_inf": "AVAILABLE",
        "applied_ti": null,
        "alloted_ti": null,
        "allotmentr": null,
        "industri_1": "Food Park Sukma",
        "industri_2": "Food Park Sukma",
        "gis_tid": null,
        "st_area_sh": 0.0,
        "st_length_": 0.0,
        "uidv1": null,
        "status_from_csidc": "AVAILABLE",
        "uid": "IA-2036"
      }
    },
    {
      "type": "Feature",
      "id": "csidc_industrial_area_with_plots.fid-23377b7a_19c5672bde0_6f52",
      "geometry": {
        "type": "Polygon",
        "coordinates": [
          [
            [
              81.70640907,
              18.39607812
            ],
            [
              81.70638173,
              18.39594643
            ],
            [
              81.70609634,
              18.39600177
            ],
            [
              81.70612368,
              18.39613345
            ],
            [
              81.70640907,
              18.39607812
            ]
          ]
        ]
      },
      "geometry_name": "geom",
      "properties": {
        "gid": 109,
        "objectid": 29,
        "district": "SUKMA",
        "plot_type": "Industrial Purpose",
        "total_area": 450,
        "reservatio": "YES",
        "plot_munci": "YES",
        "corner_plo": "NO",
        "premium_ba": 4000000,
        "addi_premi": 800000,
        "total_prem": 4800000,
        "label": null,
        "tot_premiu": 0.0,
        "location": "SUKMA",
        "remark": null,
        "sector_inf": null,
        "industrial": "Food Park Sukma",
        "district_i": "Sukma",
        "plotno_inf": "29",
        "uniqueplot": "29",
        "plotactiva": null,
        "plotupdate": null,
        "plot_yesno": "Yes",
        "category_i": "INDUSTRIAL PLOT-ALLOTED",
        "quest": null,
        "status_inf": "AVAILABLE",
        "applied_ti": null,
        "alloted_ti": null,
        "allotmentr": null,
        "industri_1": "Food Park Sukma",
        "industri_2": "Food Park Sukma",
        "gis_tid": null,
        "st_area_sh": 0.0,
        "st_length_": 0.0,
        "uidv1": null,
        "status_from_csidc": "AVAILABLE",
        "uid": "IA-2037"
      }
    },
    {
      "type": "Feature",
      "id": "csidc_industrial_area_with_plots.fid-23377b7a_19c5672bde0_6f53",
      "geometry": {
        "type": "Polygon",
        "coordinates": [
          [
            [
              81.70638173,
              18.39594643
            ],
            [
              81.70635438,
              18.39581475
            ],
            [
              81.706069,
              18.39587008
            ],
            [
              81.70609634,
              18.39600177
            ],
            [
              81.70638173,
              18.39594643
            ]
          ]
        ]
      },
      "geometry_name": "geom",
      "properties": {
        "gid": 110,
        "objectid": 28,
        "district": "SUKMA",
        "plot_type": "Industrial Purpose",
        "total_area": 450,
        "reservatio": "YES",
        "plot_munci": "YES",
        "corner_plo": "NO",
        "premium_ba": 4000000,
        "addi_premi": 800000,
        "total_prem": 4800000,
        "label": null,
        "tot_premiu": 0.0,
        "location": "SUKMA",
        "remark": null,
        "sector_inf": null,
        "industrial": "Food Park Sukma",
        "district_i": "Sukma",
        "plotno_inf": "28",
        "uniqueplot": "28",
        "plotactiva": null,
        "plotupdate": null,
        "plot_yesno": "Yes",
        "category_i": "INDUSTRIAL PLOT-ALLOTED",
        "quest": null,
        "status_inf": "AVAILABLE",
        "applied_ti": null,
        "alloted_ti": null,
        "allotmentr": null,
        "industri_1": "Food Park Sukma",
        "industri_2": "Food Park Sukma",
        "gis_tid": null,
        "st_area_sh": 0.0,
        "st_length_": 0.0,
        "uidv1": null,
        "status_from_csidc": "AVAILABLE",
        "uid": "IA-2034"
      }
    },
    {
      "type": "Feature",
      "id": "csidc_industrial_area_with_plots.fid-23377b7a_19c5672bde0_6f54",
      "geometry": {
        "type": "Polygon",
        "coordinates": [
          [
            [
              81.70635438,
              18.39581475
            ],
            [
              81.70632704,
              18.39568306
            ],
            [
              81.70604165,
              18.39573839
            ],
            [
              81.706069,
              18.39587008
            ],
            [
              81.70635438,
              18.39581475
            ]
          ]
        ]
      },
      "geometry_name": "geom",
      "properties": {
        "gid": 111,
        "objectid": 27,
        "district": "SUKMA",
        "plot_type": "Industrial Purpose",
        "total_area": 450,
        "reservatio": "YES",
        "plot_munci": "YES",
        "corner_plo": "NO",
        "premium_ba": 4000000,
        "addi_premi": 800000,
        "total_prem": 4800000,
        "label": null,
        "tot_premiu": 0.0,
        "location": "SUKMA",
        "remark": null,
        "sector_inf": null,
        "industrial": "Food Park Sukma",
        "district_i": "Sukma",
        "plotno_inf": "27",
        "uniqueplot": "27",
        "plotactiva": null,
        "plotupdate": null,
        "plot_yesno": "Yes",
        "category_i": "INDUSTRIAL PLOT-ALLOTED",
        "quest": null,
        "status_inf": "AVAILABLE",
        "applied_ti": null,
        "alloted_ti": null,
        "allotmentr": null,
        "industri_1": "Food Park Sukma",
        "industri_2": "Food Park Sukma",
        "gis_tid": null,
        "st_area_sh": 0.0,
        "st_length_": 0.0,
        "uidv1": null,
        "status_from_csidc": "AVAILABLE",
        "uid": "IA-2031"
      }
    },
    {
      "type": "Feature",
      "id": "csidc_industrial_area_with_plots.fid-23377b7a_19c5672bde0_6f55",
      "geometry": {
        "type": "Polygon",
        "coordinates": [
          [
            [
              81.70632704,
              18.39568306
            ],
            [
              81.7062997,
              18.39555137
            ],
            [
              81.70601431,
              18.3956067
            ],
            [
              81.70604165,
              18.39573839
            ],
            [
              81.70632704,
              18.39568306
            ]
          ]
        ]
      },
      "geometry_name": "geom",
      "properties": {
        "gid": 112,
        "objectid": 26,
        "district": "SUKMA",
        "plot_type": "Industrial Purpose",
        "total_area": 450,
        "reservatio": "YES",
        "plot_munci": "YES",
        "corner_plo": "NO",
        "premium_ba": 4000000,
        "addi_premi": 800000,
        "total_prem": 4800000,
        "label": null,
        "tot_premiu": 0.0,
        "location": "SUKMA",
        "remark": null,
        "sector_inf": null,
        "industrial": "Food Park Sukma",
        "district_i": "Sukma",
        "plotno_inf": "26",
        "uniqueplot": "26",
        "plotactiva": null,
        "plotupdate": null,
        "plot_yesno": "Yes",
        "category_i": "INDUSTRIAL PLOT-ALLOTED",
        "quest": null,
        "status_inf": "AVAILABLE",
        "applied_ti": null,
        "alloted_ti": null,
        "allotmentr": null,
        "industri_1": "Food Park Sukma",
        "industri_2": "Food Park Sukma",
        "gis_tid": null,
        "st_area_sh": 0.0,
        "st_length_": 0.0,
        "uidv1": null,
        "status_from_csidc": "AVAILABLE",
        "uid": "IA-2028"
      }
    },
    {
      "type": "Feature",
      "id": "csidc_industrial_area_with_plots.fid-23377b7a_19c5672bde0_6f56",
      "geometry": {
        "type": "Polygon",
        "coordinates": [
          [
            [
              81.7062997,
              18.39555137
            ],
            [
              81.70627235,
              18.39541969
            ],
            [
              81.7060155,
              18.39546948
            ],
            [
              81.70601063,
              18.39547085
            ],
            [
              81.70600607,
              18.39547297
            ],
            [
              81.70600197,
              18.39547578
            ],
            [
              81.70599844,
              18.3954792
            ],
            [
              81.7059956,
              18.39548313
            ],
            [
              81.70599352,
              18.39548744
            ],
            [
              81.70599229,
              18.39549201
            ],
            [
              81.70599192,
              18.3954967
            ],
            [
              81.70599244,
              18.39550136
            ],
            [
              81.70601431,
              18.3956067
            ],
            [
              81.7062997,
              18.39555137
            ]
          ]
        ]
      },
      "geometry_name": "geom",
      "properties": {
        "gid": 113,
        "objectid": 25,
        "district": "SUKMA",
        "plot_type": "Industrial Purpose",
        "total_area": 448.07,
        "reservatio": "YES",
        "plot_munci": "YES",
        "corner_plo": "YES",
        "premium_ba": 4000000,
        "addi_premi": 1200000,
        "total_prem": 5200000,
        "label": null,
        "tot_premiu": 0.0,
        "location": "SUKMA",
        "remark": null,
        "sector_inf": null,
        "industrial": "Food Park Sukma",
        "district_i": "Sukma",
        "plotno_inf": "25",
        "uniqueplot": "25",
        "plotactiva": null,
        "plotupdate": null,
        "plot_yesno": "Yes",
        "category_i": "INDUSTRIAL PLOT-ALLOTED",
        "quest": null,
        "status_inf": "ALLOTTED",
        "applied_ti": null,
        "alloted_ti": null,
        "allotmentr": null,
        "industri_1": "Food Park Sukma",
        "industri_2": "Food Park Sukma",
        "gis_tid": null,
        "st_area_sh": 0.0,
        "st_length_": 0.0,
        "uidv1": null,
        "status_from_csidc": "ALLOTTED",
        "uid": "IA-2025"
      }
    },
    {
      "type": "Feature",
      "id": "csidc_industrial_area_with_plots.fid-23377b7a_19c5672bde0_6f57",
      "geometry": {
        "type": "Polygon",
        "coordinates": [
          [
            [
              81.41799881,
              21.22614245
            ],
            [
              81.41777105,
              21.22605286
            ],
            [
              81.41766623,
              21.22630032
            ],
            [
              81.41788256,
              21.22638541
            ],
            [
              81.41799881,
              21.22614245
            ]
          ]
        ]
      },
      "geometry_name": "geom",
      "properties": {
        "gid": 115,
        "objectid": 1366,
        "district": "DURG",
        "plot_type": "Industrial  Purpose",
        "total_area": 720,
        "reservatio": "RESERVED",
        "plot_munci": "YES",
        "corner_plo": "YES",
        "premium_ba": 0.0,
        "addi_premi": 216000,
        "total_prem": 936000,
        "label": null,
        "tot_premiu": 720000,
        "location": null,
        "remark": null,
        "sector_inf": "Others",
        "industrial": "ENGINEERING PARK HATHKHOJ BHILAI",
        "district_i": "DURG",
        "plotno_inf": "140",
        "uniqueplot": "140",
        "plotactiva": "2018-01-31Z",
        "plotupdate": null,
        "plot_yesno": "YES",
        "category_i": "INDUSTRIAL PLOT-ALLOTED",
        "quest": "OK",
        "status_inf": "ALLOTTED",
        "applied_ti": null,
        "alloted_ti": null,
        "allotmentr": null,
        "industri_1": "ENGINEERING PARK HATHKHOJ BHILAI__Others",
        "industri_2": "ENGINEERING PARK",
        "gis_tid": null,
        "st_area_sh": 6.4101695e-08,
        "st_length_": 0.00101529302939,
        "uidv1": "IA-470",
        "status_from_csidc": "ALLOTTED",
        "uid": "IA-470"
      }
    },
    {
      "type": "Feature",
      "id": "csidc_industrial_area_with_plots.fid-23377b7a_19c5672bde0_6f58",
      "geometry": {
        "type": "Polygon",
        "coordinates": [
          [
            [
              81.70677649,
              18.39641785
            ],
            [
              81.70674915,
              18.39628616
            ],
            [
              81.70646376,
              18.3963415
            ],
            [
              81.7064911,
              18.39647318
            ],
            [
              81.70677649,
              18.39641785
            ]
          ]
        ]
      },
      "geometry_name": "geom",
      "properties": {
        "gid": 116,
        "objectid": 17,
        "district": "SUKMA",
        "plot_type": "Industrial Purpose",
        "total_area": 450,
        "reservatio": "YES",
        "plot_munci": "YES",
        "corner_plo": "YES",
        "premium_ba": 4000000,
        "addi_premi": 1200000,
        "total_prem": 5200000,
        "label": null,
        "tot_premiu": 0.0,
        "location": "SUKMA",
        "remark": null,
        "sector_inf": null,
        "industrial": "Food Park Sukma",
        "district_i": "Sukma",
        "plotno_inf": "17",
        "uniqueplot": "17",
        "plotactiva": null,
        "plotupdate": null,
        "plot_yesno": "Yes",
        "category_i": "INDUSTRIAL PLOT-ALLOTED",
        "quest": null,
        "status_inf": "AVAILABLE",
        "applied_ti": null,
        "alloted_ti": null,
        "allotmentr": null,
        "industri_1": "Food Park Sukma",
        "industri_2": "Food Park Sukma",
        "gis_tid": null,
        "st_area_sh": 0.0,
        "st_length_": 0.0,
        "uidv1": null,
        "status_from_csidc": "AVAILABLE",
        "uid": "IA-2043"
      }
    },
    {
      "type": "Feature",
      "id": "csidc_industrial_area_with_plots.fid-23377b7a_19c5672bde0_6f59",
      "geometry": {
        "type": "Polygon",
        "coordinates": [
          [
            [
              82.5944308,
              23.06608283
            ],
            [
              82.59433627,
              23.06587326
            ],
            [
              82.59415831,
              23.06594131
            ],
            [
              82.59425284,
              23.06615088
            ],
            [
              82.5944308,
              23.06608283
            ]
          ]
        ]
      },
      "geometry_name": "geom",
      "properties": {
        "gid": 117,
        "objectid": 3263,
        "district": "Surajpur",
        "plot_type": "Industrial  Purpose",
        "total_area": 500,
        "reservatio": null,
        "plot_munci": "NO",
        "corner_plo": "NO",
        "premium_ba": 240000,
        "addi_premi": 0.0,
        "total_prem": 240000,
        "label": "A",
        "tot_premiu": 240000,
        "location": "Barbaspur",
        "remark": null,
        "sector_inf": "BLOCK - A",
        "industrial": "SURAJPUR",
        "district_i": "SURAJPUR",
        "plotno_inf": "2",
        "uniqueplot": "2",
        "plotactiva": null,
        "plotupdate": null,
        "plot_yesno": "YES",
        "category_i": "INDUSTRIAL PLOT-ALLOTED",
        "quest": null,
        "status_inf": "AVAILABLE",
        "applied_ti": null,
        "alloted_ti": null,
        "allotmentr": null,
        "industri_1": "INDUSTRIAL AREA BARBASPUR_BLOCK - A",
        "industri_2": "INDUSTRIAL AREA BARBASPUR",
        "gis_tid": null,
        "st_area_sh": 4.3726944e-08,
        "st_length_": 0.000840853432011,
        "uidv1": "IA-730",
        "status_from_csidc": "AVAILABLE",
        "uid": "IA-730"
      }
    },
    {
      "type": "Feature",
      "id": "csidc_industrial_area_with_plots.fid-23377b7a_19c5672bde0_6f5a",
      "geometry": {
        "type": "Polygon",
        "coordinates": [
          [
            [
              81.70685446,
              18.39679332
            ],
            [
              81.70680384,
              18.39654954
            ],
            [
              81.70651845,
              18.39660487
            ],
            [
              81.70652528,
              18.39663779
            ],
            [
              81.70673784,
              18.39684944
            ],
            [
              81.70674645,
              18.39685662
            ],
            [
              81.70675629,
              18.39686231
            ],
            [
              81.70676707,
              18.39686633
            ],
            [
              81.70677846,
              18.39686857
            ],
            [
              81.70679014,
              18.39686895
            ],
            [
              81.70680175,
              18.39686746
            ],
            [
              81.70681294,
              18.39686416
            ],
            [
              81.70682339,
              18.39685913
            ],
            [
              81.70683279,
              18.39685253
            ],
            [
              81.70684084,
              18.39684455
            ],
            [
              81.70684733,
              18.39683543
            ],
            [
              81.70685204,
              18.39682544
            ],
            [
              81.70685485,
              18.39681489
            ],
            [
              81.70685566,
              18.39680407
            ],
            [
              81.70685446,
              18.39679332
            ]
          ]
        ]
      },
      "geometry_name": "geom",
      "properties": {
        "gid": 118,
        "objectid": 15,
        "district": "SUKMA",
        "plot_type": "Industrial Purpose",
        "total_area": 734.56,
        "reservatio": "YES",
        "plot_munci": "YES",
        "corner_plo": "YES",
        "premium_ba": 4000000,
        "addi_premi": 1200000,
        "total_prem": 5200000,
        "label": null,
        "tot_premiu": 0.0,
        "location": "SUKMA",
        "remark": null,
        "sector_inf": null,
        "industrial": "Food Park Sukma",
        "district_i": "Sukma",
        "plotno_inf": "15",
        "uniqueplot": "15",
        "plotactiva": null,
        "plotupdate": null,
        "plot_yesno": "Yes",
        "category_i": "INDUSTRIAL PLOT-ALLOTED",
        "quest": null,
        "status_inf": "AVAILABLE",
        "applied_ti": null,
        "alloted_ti": null,
        "allotmentr": null,
        "industri_1": "Food Park Sukma",
        "industri_2": "Food Park Sukma",
        "gis_tid": null,
        "st_area_sh": 0.0,
        "st_length_": 0.0,
        "uidv1": null,
        "status_from_csidc": "AVAILABLE",
        "uid": "IA-2044"
      }
    },
    {
      "type": "Feature",
      "id": "csidc_industrial_area_with_plots.fid-23377b7a_19c5672bde0_6f5b",
      "geometry": {
        "type": "Polygon",
        "coordinates": [
          [
            [
              81.7067218,
              18.39615448
            ],
            [
              81.70669446,
              18.39602279
            ],
            [
              81.70640907,
              18.39607812
            ],
            [
              81.70643642,
              18.39620981
            ],
            [
              81.7067218,
              18.39615448
            ]
          ]
        ]
      },
      "geometry_name": "geom",
      "properties": {
        "gid": 119,
        "objectid": 19,
        "district": "SUKMA",
        "plot_type": "Industrial Purpose",
        "total_area": 450,
        "reservatio": "YES",
        "plot_munci": "YES",
        "corner_plo": "YES",
        "premium_ba": 4000000,
        "addi_premi": 1200000,
        "total_prem": 5200000,
        "label": null,
        "tot_premiu": 0.0,
        "location": "SUKMA",
        "remark": null,
        "sector_inf": null,
        "industrial": "Food Park Sukma",
        "district_i": "Sukma",
        "plotno_inf": "19",
        "uniqueplot": "19",
        "plotactiva": null,
        "plotupdate": null,
        "plot_yesno": "Yes",
        "category_i": "INDUSTRIAL PLOT-ALLOTED",
        "quest": null,
        "status_inf": "AVAILABLE",
        "applied_ti": null,
        "alloted_ti": null,
        "allotmentr": null,
        "industri_1": "Food Park Sukma",
        "industri_2": "Food Park Sukma",
        "gis_tid": null,
        "st_area_sh": 0.0,
        "st_length_": 0.0,
        "uidv1": null,
        "status_from_csidc": "AVAILABLE",
        "uid": "IA-2038"
      }
    },
    {
      "type": "Feature",
      "id": "csidc_industrial_area_with_plots.fid-23377b7a_19c5672bde0_6f5c",
      "geometry": {
        "type": "Polygon",
        "coordinates": [
          [
            [
              81.70674915,
              18.39628616
            ],
            [
              81.7067218,
              18.39615448
            ],
            [
              81.70643642,
              18.39620981
            ],
            [
              81.70646376,
              18.3963415
            ],
            [
              81.70674915,
              18.39628616
            ]
          ]
        ]
      },
      "geometry_name": "geom",
      "properties": {
        "gid": 120,
        "objectid": 18,
        "district": "SUKMA",
        "plot_type": "Industrial Purpose",
        "total_area": 450,
        "reservatio": "YES",
        "plot_munci": "YES",
        "corner_plo": "YES",
        "premium_ba": 4000000,
        "addi_premi": 1200000,
        "total_prem": 5200000,
        "label": null,
        "tot_premiu": 0.0,
        "location": "SUKMA",
        "remark": null,
        "sector_inf": null,
        "industrial": "Food Park Sukma",
        "district_i": "Sukma",
        "plotno_inf": "18",
        "uniqueplot": "18",
        "plotactiva": null,
        "plotupdate": null,
        "plot_yesno": "Yes",
        "category_i": "INDUSTRIAL PLOT-ALLOTED",
        "quest": null,
        "status_inf": "AVAILABLE",
        "applied_ti": null,
        "alloted_ti": null,
        "allotmentr": null,
        "industri_1": "Food Park Sukma",
        "industri_2": "Food Park Sukma",
        "gis_tid": null,
        "st_area_sh": 0.0,
        "st_length_": 0.0,
        "uidv1": null,
        "status_from_csidc": "AVAILABLE",
        "uid": "IA-2041"
      }
    },
    {
      "type": "Feature",
      "id": "csidc_industrial_area_with_plots.fid-23377b7a_19c5672bde0_6f5d",
      "geometry": {
        "type": "Polygon",
        "coordinates": [
          [
            [
              81.70744001,
              18.39656318
            ],
            [
              81.70739443,
              18.3963437
            ],
            [
              81.70701392,
              18.39641748
            ],
            [
              81.70705949,
              18.39663696
            ],
            [
              81.70744001,
              18.39656318
            ]
          ]
        ]
      },
      "geometry_name": "geom",
      "properties": {
        "gid": 121,
        "objectid": 6,
        "district": "SUKMA",
        "plot_type": "Industrial Purpose",
        "total_area": 1000,
        "reservatio": "NO",
        "plot_munci": "YES",
        "corner_plo": "YES",
        "premium_ba": 4000000,
        "addi_premi": 1200000,
        "total_prem": 5200000,
        "label": null,
        "tot_premiu": 0.0,
        "location": "SUKMA",
        "remark": null,
        "sector_inf": null,
        "industrial": "Food Park Sukma",
        "district_i": "Sukma",
        "plotno_inf": "6",
        "uniqueplot": "6",
        "plotactiva": null,
        "plotupdate": null,
        "plot_yesno": "Yes",
        "category_i": "INDUSTRIAL PLOT-ALLOTED",
        "quest": null,
        "status_inf": "ALLOTTED",
        "applied_ti": null,
        "alloted_ti": null,
        "allotmentr": null,
        "industri_1": "Food Park Sukma",
        "industri_2": "Food Park Sukma",
        "gis_tid": null,
        "st_area_sh": 0.0,
        "st_length_": 0.0,
        "uidv1": null,
        "status_from_csidc": "BOOKED",
        "uid": "IA-2051"
      }
    },
    {
      "type": "Feature",
      "id": "csidc_industrial_area_with_plots.fid-23377b7a_19c5672bde0_6f5e",
      "geometry": {
        "type": "Polygon",
        "coordinates": [
          [
            [
              81.70646376,
              18.3963415
            ],
            [
              81.70643642,
              18.39620981
            ],
            [
              81.70615103,
              18.39626514
            ],
            [
              81.70626618,
              18.3963798
            ],
            [
              81.70646376,
              18.3963415
            ]
          ]
        ]
      },
      "geometry_name": "geom",
      "properties": {
        "gid": 122,
        "objectid": 31,
        "district": "SUKMA",
        "plot_type": "Industrial Purpose",
        "total_area": 380.77,
        "reservatio": "YES",
        "plot_munci": "YES",
        "corner_plo": "NO",
        "premium_ba": 4000000,
        "addi_premi": 800000,
        "total_prem": 4800000,
        "label": null,
        "tot_premiu": 0.0,
        "location": "SUKMA",
        "remark": null,
        "sector_inf": null,
        "industrial": "Food Park Sukma",
        "district_i": "Sukma",
        "plotno_inf": "31",
        "uniqueplot": "31",
        "plotactiva": null,
        "plotupdate": null,
        "plot_yesno": "Yes",
        "category_i": "INDUSTRIAL PLOT-ALLOTED",
        "quest": null,
        "status_inf": "AVAILABLE",
        "applied_ti": null,
        "alloted_ti": null,
        "allotmentr": null,
        "industri_1": "Food Park Sukma",
        "industri_2": "Food Park Sukma",
        "gis_tid": null,
        "st_area_sh": 0.0,
        "st_length_": 0.0,
        "uidv1": null,
        "status_from_csidc": "AVAILABLE",
        "uid": "IA-2042"
      }
    },
    {
      "type": "Feature",
      "id": "csidc_industrial_area_with_plots.fid-23377b7a_19c5672bde0_6f5f",
      "geometry": {
        "type": "Polygon",
        "coordinates": [
          [
            [
              81.70643642,
              18.39620981
            ],
            [
              81.70640907,
              18.39607812
            ],
            [
              81.70612368,
              18.39613345
            ],
            [
              81.70615103,
              18.39626514
            ],
            [
              81.70643642,
              18.39620981
            ]
          ]
        ]
      },
      "geometry_name": "geom",
      "properties": {
        "gid": 123,
        "objectid": 30,
        "district": "SUKMA",
        "plot_type": "Industrial Purpose",
        "total_area": 450,
        "reservatio": "YES",
        "plot_munci": "YES",
        "corner_plo": "NO",
        "premium_ba": 4000000,
        "addi_premi": 800000,
        "total_prem": 4800000,
        "label": null,
        "tot_premiu": 0.0,
        "location": "SUKMA",
        "remark": null,
        "sector_inf": null,
        "industrial": "Food Park Sukma",
        "district_i": "Sukma",
        "plotno_inf": "30",
        "uniqueplot": "30",
        "plotactiva": null,
        "plotupdate": null,
        "plot_yesno": "Yes",
        "category_i": "INDUSTRIAL PLOT-ALLOTED",
        "quest": null,
        "status_inf": "AVAILABLE",
        "applied_ti": null,
        "alloted_ti": null,
        "allotmentr": null,
        "industri_1": "Food Park Sukma",
        "industri_2": "Food Park Sukma",
        "gis_tid": null,
        "st_area_sh": 0.0,
        "st_length_": 0.0,
        "uidv1": null,
        "status_from_csidc": "AVAILABLE",
        "uid": "IA-2039"
      }
    },
    {
      "type": "Feature",
      "id": "csidc_industrial_area_with_plots.fid-23377b7a_19c5672bde0_6f60",
      "geometry": {
        "type": "Polygon",
        "coordinates": [
          [
            [
              81.78942509,
              21.60407813
            ],
            [
              81.78941008,
              21.60390708
            ],
            [
              81.78916642,
              21.60392757
            ],
            [
              81.78918143,
              21.60409862
            ],
            [
              81.78942509,
              21.60407813
            ]
          ]
        ]
      },
      "geometry_name": "geom",
      "properties": {
        "gid": 124,
        "objectid": 3075,
        "district": "Baloda Bazar - Bhatapara",
        "plot_type": "Industrial  Purpose",
        "total_area": 500,
        "reservatio": null,
        "plot_munci": "NO",
        "corner_plo": "YES",
        "premium_ba": 600000,
        "addi_premi": 60000,
        "total_prem": 660000,
        "label": "C",
        "tot_premiu": 660000,
        "location": "Kesda",
        "remark": null,
        "sector_inf": "BLOCK - C",
        "industrial": "BALODA BAZAR - BHATAPARA",
        "district_i": "BALODA BAZAR - BHATAPARA",
        "plotno_inf": "1",
        "uniqueplot": "1",
        "plotactiva": null,
        "plotupdate": null,
        "plot_yesno": "YES",
        "category_i": "INDUSTRIAL PLOT-ALLOTED",
        "quest": null,
        "status_inf": "ALLOTTED",
        "applied_ti": null,
        "alloted_ti": null,
        "allotmentr": null,
        "industri_1": "INDUSTRIAL AREA KESDA_BLOCK - C",
        "industri_2": "INDUSTRIAL AREA KESDA",
        "gis_tid": null,
        "st_area_sh": 4.1984943e-08,
        "st_length_": 0.000832447235406,
        "uidv1": "IA-80",
        "status_from_csidc": "ALLOTTED",
        "uid": "IA-80"
      }
    },
    {
      "type": "Feature",
      "id": "csidc_industrial_area_with_plots.fid-23377b7a_19c5672bde0_6f61",
      "geometry": {
        "type": "Polygon",
        "coordinates": [
          [
            [
              83.85670205,
              22.51805119
            ],
            [
              83.856408,
              22.51799934
            ],
            [
              83.85633407,
              22.51835092
            ],
            [
              83.85662638,
              22.51840246
            ],
            [
              83.85670205,
              22.51805119
            ]
          ]
        ]
      },
      "geometry_name": "geom",
      "properties": {
        "gid": 125,
        "objectid": 0,
        "district": "JASPUR",
        "plot_type": "INDUSTRIAL PURPOSE",
        "total_area": 1179,
        "reservatio": null,
        "plot_munci": "No",
        "corner_plo": "No",
        "premium_ba": 4800000,
        "addi_premi": 0.0,
        "total_prem": 4800000,
        "label": null,
        "tot_premiu": 4800000,
        "location": "Farshabahar Jaspur",
        "remark": null,
        "sector_inf": null,
        "industrial": "Farshabahar Industrial Area and Food Park",
        "district_i": "JASPUR",
        "plotno_inf": "15",
        "uniqueplot": "15",
        "plotactiva": null,
        "plotupdate": null,
        "plot_yesno": "YES",
        "category_i": "INDUSTRIAL PLOT-ALLOTED",
        "quest": null,
        "status_inf": "AVAILABLE",
        "applied_ti": null,
        "alloted_ti": null,
        "allotmentr": null,
        "industri_1": "Food Park Farshabahar",
        "industri_2": "Food Park Farshabahar",
        "gis_tid": null,
        "st_area_sh": 0.0,
        "st_length_": 0.0,
        "uidv1": "IA-2219",
        "status_from_csidc": "AVAILABLE",
        "uid": "IA-2219"
      }
    },
    {
      "type": "Feature",
      "id": "csidc_industrial_area_with_plots.fid-23377b7a_19c5672bde0_6f62",
      "geometry": {
        "type": "Polygon",
        "coordinates": [
          [
            [
              81.70734886,
              18.39612422
            ],
            [
              81.70730328,
              18.39590474
            ],
            [
              81.70692277,
              18.39597852
            ],
            [
              81.70696834,
              18.396198
            ],
            [
              81.70734886,
              18.39612422
            ]
          ]
        ]
      },
      "geometry_name": "geom",
      "properties": {
        "gid": 126,
        "objectid": 4,
        "district": "SUKMA",
        "plot_type": "Industrial Purpose",
        "total_area": 1000,
        "reservatio": "NO",
        "plot_munci": "YES",
        "corner_plo": "YES",
        "premium_ba": 4000000,
        "addi_premi": 1200000,
        "total_prem": 5200000,
        "label": null,
        "tot_premiu": 0.0,
        "location": "SUKMA",
        "remark": null,
        "sector_inf": null,
        "industrial": "Food Park Sukma",
        "district_i": "Sukma",
        "plotno_inf": "4",
        "uniqueplot": "4",
        "plotactiva": null,
        "plotupdate": null,
        "plot_yesno": "Yes",
        "category_i": "INDUSTRIAL PLOT-ALLOTED",
        "quest": null,
        "status_inf": "ALLOTTED",
        "applied_ti": null,
        "alloted_ti": null,
        "allotmentr": null,
        "industri_1": "Food Park Sukma",
        "industri_2": "Food Park Sukma",
        "gis_tid": null,
        "st_area_sh": 0.0,
        "st_length_": 0.0,
        "uidv1": null,
        "status_from_csidc": "ALLOTTED",
        "uid": "IA-2040"
      }
    },
    {
      "type": "Feature",
      "id": "csidc_industrial_area_with_plots.fid-23377b7a_19c5672bde0_6f63",
      "geometry": {
        "type": "Polygon",
        "coordinates": [
          [
            [
              81.35357485,
              18.91132345
            ],
            [
              81.35357991,
              18.91127534
            ],
            [
              81.35418268,
              18.91131653
            ],
            [
              81.35420547,
              18.91077903
            ],
            [
              81.35420552,
              18.91077784
            ],
            [
              81.35406892,
              18.91080219
            ],
            [
              81.35404936,
              18.9108006
            ],
            [
              81.35393363,
              18.91079121
            ],
            [
              81.35379319,
              18.91076301
            ],
            [
              81.35361998,
              18.91084526
            ],
            [
              81.35361278,
              18.91097457
            ],
            [
              81.35359811,
              18.91110173
            ],
            [
              81.3535868,
              18.91120934
            ],
            [
              81.3535749,
              18.91132226
            ],
            [
              81.35355781,
              18.91141552
            ],
            [
              81.35353543,
              18.91151402
            ],
            [
              81.3535093,
              18.9116167
            ],
            [
              81.35347689,
              18.91171524
            ],
            [
              81.35343238,
              18.91174368
            ],
            [
              81.35327781,
              18.91182604
            ],
            [
              81.35320384,
              18.91186937
            ],
            [
              81.35318315,
              18.91188149
            ],
            [
              81.3531207,
              18.91199742
            ],
            [
              81.35309821,
              18.91207184
            ],
            [
              81.3530963,
              18.9120876
            ],
            [
              81.35309639,
              18.91208761
            ],
            [
              81.35309816,
              18.91207303
            ],
            [
              81.35312064,
              18.91199861
            ],
            [
              81.3531831,
              18.91188269
            ],
            [
              81.35320379,
              18.91187056
            ],
            [
              81.35327776,
              18.91182723
            ],
            [
              81.35343233,
              18.91174487
            ],
            [
              81.35347684,
              18.91171643
            ],
            [
              81.35350925,
              18.91161789
            ],
            [
              81.35353538,
              18.91151521
            ],
            [
              81.35355776,
              18.91141671
            ],
            [
              81.35357485,
              18.91132345
            ]
          ]
        ]
      },
      "geometry_name": "geom",
      "properties": {
        "gid": 127,
        "objectid": 1732,
        "district": "Dantewada",
        "plot_type": "INDUSTRIAL PURPOSE",
        "total_area": 0.0,
        "reservatio": "NO",
        "plot_munci": "NO",
        "corner_plo": "YES",
        "premium_ba": 1387336,
        "addi_premi": 138733.6,
        "total_prem": 1526069.6,
        "label": null,
        "tot_premiu": 1526069.6,
        "location": "Tekanar",
        "remark": null,
        "sector_inf": "Other",
        "industrial": "TEKNAR",
        "district_i": "Dantewada",
        "plotno_inf": "43",
        "uniqueplot": null,
        "plotactiva": "2018-01-31Z",
        "plotupdate": null,
        "plot_yesno": "YES",
        "category_i": "INDUSTRIAL PLOT-ALLOTED",
        "quest": null,
        "status_inf": "AVAILABLE",
        "applied_ti": null,
        "alloted_ti": null,
        "allotmentr": null,
        "industri_1": null,
        "industri_2": null,
        "gis_tid": null,
        "st_area_sh": 2.98068992e-07,
        "st_length_": 0.00421631817977,
        "uidv1": "IA-1348",
        "status_from_csidc": "AVAILABLE",
        "uid": "IA-1348"
      }
    },
    {
      "type": "Feature",
      "id": "csidc_industrial_area_with_plots.fid-23377b7a_19c5672bde0_6f64",
      "geometry": {
        "type": "Polygon",
        "coordinates": [
          [
            [
              81.44111814,
              20.39073557
            ],
            [
              81.441097,
              20.39069702
            ],
            [
              81.4404333,
              20.39069143
            ],
            [
              81.44043324,
              20.39091844
            ],
            [
              81.44072321,
              20.39092089
            ],
            [
              81.44101317,
              20.39092333
            ],
            [
              81.44119875,
              20.39092489
            ],
            [
              81.44111814,
              20.39073557
            ]
          ]
        ]
      },
      "geometry_name": "geom",
      "properties": {
        "gid": 128,
        "objectid": 1585,
        "district": "KANKER",
        "plot_type": "INDUSTRIAL PLOT",
        "total_area": 1545,
        "reservatio": "YES",
        "plot_munci": "NO",
        "corner_plo": "YES",
        "premium_ba": 618000,
        "addi_premi": 61800,
        "total_prem": 679800,
        "label": "D",
        "tot_premiu": 679800,
        "location": "LAKHANPURI",
        "remark": null,
        "sector_inf": "BLOCK-D",
        "industrial": "LAKHANPURI",
        "district_i": "KANKER",
        "plotno_inf": "44",
        "uniqueplot": null,
        "plotactiva": "2018-01-31Z",
        "plotupdate": null,
        "plot_yesno": "YES",
        "category_i": "INDUSTRIAL PLOT-ALLOTED",
        "quest": null,
        "status_inf": "AVAILABLE",
        "applied_ti": null,
        "alloted_ti": null,
        "allotmentr": null,
        "industri_1": null,
        "industri_2": null,
        "gis_tid": null,
        "st_area_sh": 1.6267143e-07,
        "st_length_": 0.00190600452247,
        "uidv1": "IA-1353",
        "status_from_csidc": "AVAILABLE",
        "uid": "IA-1353"
      }
    },
    {
      "type": "Feature",
      "id": "csidc_industrial_area_with_plots.fid-23377b7a_19c5672bde0_6f65",
      "geometry": {
        "type": "Polygon",
        "coordinates": [
          [
            [
              81.96084503,
              21.74310595
            ],
            [
              81.96034974,
              21.74306026
            ],
            [
              81.9601653,
              21.74350914
            ],
            [
              81.96048204,
              21.74353836
            ],
            [
              81.96080925,
              21.74356854
            ],
            [
              81.96084503,
              21.74310595
            ]
          ]
        ]
      },
      "geometry_name": "geom",
      "properties": {
        "gid": 129,
        "objectid": 1504,
        "district": "BALODA-BAZAR",
        "plot_type": "INDUSTRIAL PURPOSE",
        "total_area": 3046,
        "reservatio": "NO",
        "plot_munci": "YES",
        "corner_plo": "NO",
        "premium_ba": 3046000,
        "addi_premi": 609200,
        "total_prem": 3655200,
        "label": null,
        "tot_premiu": 3046000,
        "location": "AURETHI",
        "remark": null,
        "sector_inf": "Others",
        "industrial": "AURETHI BHATAPARA",
        "district_i": "BALODA-BAZAR",
        "plotno_inf": "11",
        "uniqueplot": "11",
        "plotactiva": "2018-01-31Z",
        "plotupdate": null,
        "plot_yesno": "YES",
        "category_i": "INDUSTRIAL PLOT-ALLOTED",
        "quest": "OK",
        "status_inf": "ALLOTTED",
        "applied_ti": null,
        "alloted_ti": null,
        "allotmentr": null,
        "industri_1": "AURETHI BHATAPARA__Others",
        "industri_2": "AURETHI, BHATAPARA",
        "gis_tid": null,
        "st_area_sh": 2.65380777e-07,
        "st_length_": 0.00209334116007,
        "uidv1": "IA-209",
        "status_from_csidc": "ALLOTTED",
        "uid": "IA-209"
      }
    },
    {
      "type": "Feature",
      "id": "csidc_industrial_area_with_plots.fid-23377b7a_19c5672bde0_6f66",
      "geometry": {
        "type": "Polygon",
        "coordinates": [
          [
            [
              81.59603998,
              21.28701047
            ],
            [
              81.59639769,
              21.28667932
            ],
            [
              81.59635078,
              21.28667655
            ],
            [
              81.59572451,
              21.28692833
            ],
            [
              81.59588811,
              21.28706841
            ],
            [
              81.59603998,
              21.28701047
            ]
          ]
        ]
      },
      "geometry_name": "geom",
      "properties": {
        "gid": 130,
        "objectid": 0,
        "district": "RAIPUR",
        "plot_type": "INDUSTRIAL PURPOSE",
        "total_area": 1005.239,
        "reservatio": null,
        "plot_munci": "YES",
        "corner_plo": "NO",
        "premium_ba": 0.0,
        "addi_premi": 0.0,
        "total_prem": 0.0,
        "label": null,
        "tot_premiu": 0.0,
        "location": "Sarora",
        "remark": null,
        "sector_inf": null,
        "industrial": "PLASTIC PARK",
        "district_i": "RAIPUR",
        "plotno_inf": "45",
        "uniqueplot": "45",
        "plotactiva": null,
        "plotupdate": null,
        "plot_yesno": "YES",
        "category_i": "INDUSTRIAL PLOT-ALLOTED",
        "quest": null,
        "status_inf": "UNAVAILABLE",
        "applied_ti": null,
        "alloted_ti": null,
        "allotmentr": null,
        "industri_1": "PLASTIC PARK",
        "industri_2": "PLASTIC PARK",
        "gis_tid": null,
        "st_area_sh": 0.0,
        "st_length_": 0.0,
        "uidv1": "IA-1367",
        "status_from_csidc": null,
        "uid": "IA-1367"
      }
    },
    {
      "type": "Feature",
      "id": "csidc_industrial_area_with_plots.fid-23377b7a_19c5672bde0_6f67",
      "geometry": {
        "type": "Polygon",
        "coordinates": [
          [
            [
              83.4938241,
              21.87028017
            ],
            [
              83.49377804,
              21.86995812
            ],
            [
              83.49345597,
              21.86993226
            ],
            [
              83.49336627,
              21.86999592
            ],
            [
              83.49341636,
              21.87033287
            ],
            [
              83.4938241,
              21.87028017
            ]
          ]
        ]
      },
      "geometry_name": "geom",
      "properties": {
        "gid": 131,
        "objectid": 3625,
        "district": "RAIGARH",
        "plot_type": "Industrial  Purpose",
        "total_area": 1544,
        "reservatio": null,
        "plot_munci": "No.",
        "corner_plo": "No",
        "premium_ba": 0.0,
        "addi_premi": 0.0,
        "total_prem": 12000000,
        "label": null,
        "tot_premiu": 12000000,
        "location": "SIYARPALI-MAHUAPALI",
        "remark": null,
        "sector_inf": null,
        "industrial": "INDUSTRIAL AREA SIYARPALI-MAHUAPALI",
        "district_i": "RAIGARH",
        "plotno_inf": "13",
        "uniqueplot": "13",
        "plotactiva": "1899-12-29Z",
        "plotupdate": null,
        "plot_yesno": "YES",
        "category_i": "INDUSTRIAL PLOT-ALLOTED",
        "quest": null,
        "status_inf": "AVAILABLE",
        "applied_ti": "1899-12-29Z",
        "alloted_ti": "1899-12-29Z",
        "allotmentr": null,
        "industri_1": "INDUSTRIAL AREA SIYARPALI-MAHUAPALI",
        "industri_2": "INDUSTRIAL AREA SIYARPALI-MAHUAPALI",
        "gis_tid": null,
        "st_area_sh": 1.48601022e-07,
        "st_length_": 0.00151021190439,
        "uidv1": "IA-407",
        "status_from_csidc": "AVAILABLE",
        "uid": "IA-407"
      }
    },
    {
      "type": "Feature",
      "id": "csidc_industrial_area_with_plots.fid-23377b7a_19c5672bde0_6f68",
      "geometry": {
        "type": "Polygon",
        "coordinates": [
          [
            [
              81.05084105,
              21.22427302
            ],
            [
              81.05037594,
              21.22416884
            ],
            [
              81.05036881,
              21.22416348
            ],
            [
              81.05031644,
              21.22442607
            ],
            [
              81.05078973,
              21.22453005
            ],
            [
              81.05084105,
              21.22427302
            ]
          ]
        ]
      },
      "geometry_name": "geom",
      "properties": {
        "gid": 132,
        "objectid": 2876,
        "district": "Rajnandgaon",
        "plot_type": "Industrial  Purpose",
        "total_area": 1250,
        "reservatio": null,
        "plot_munci": "NO",
        "corner_plo": null,
        "premium_ba": 500000,
        "addi_premi": 0.0,
        "total_prem": 500000,
        "label": "E",
        "tot_premiu": 500000,
        "location": "Mahroomkhurd",
        "remark": null,
        "sector_inf": "BLOCK - E",
        "industrial": "RAJNANDGAON",
        "district_i": "RAJNANDGAON",
        "plotno_inf": "13",
        "uniqueplot": "13",
        "plotactiva": null,
        "plotupdate": null,
        "plot_yesno": "YES",
        "category_i": "INDUSTRIAL PLOT-ALLOTED",
        "quest": null,
        "status_inf": "AVAILABLE",
        "applied_ti": null,
        "alloted_ti": null,
        "allotmentr": null,
        "industri_1": "INDUSTRIAL AREA MAHROOMKHURD_BLOCK - E",
        "industri_2": "INDUSTRIAL AREA MAHROOMKHURD",
        "gis_tid": null,
        "st_area_sh": 1.27488293e-07,
        "st_length_": 0.00149998729472,
        "uidv1": "IA-411",
        "status_from_csidc": "AVAILABLE",
        "uid": "IA-411"
      }
    },
    {
      "type": "Feature",
      "id": "csidc_industrial_area_with_plots.fid-23377b7a_19c5672bde0_6f69",
      "geometry": {
        "type": "Polygon",
        "coordinates": [
          [
            [
              81.84903618,
              21.57211613
            ],
            [
              81.84903263,
              21.57175478
            ],
            [
              81.84888778,
              21.57175602
            ],
            [
              81.84879118,
              21.57175684
            ],
            [
              81.84879473,
              21.5721182
            ],
            [
              81.84889131,
              21.57211737
            ],
            [
              81.84903618,
              21.57211613
            ]
          ]
        ]
      },
      "geometry_name": "geom",
      "properties": {
        "gid": 133,
        "objectid": 3016,
        "district": "Raipur",
        "plot_type": "Industrial  Purpose",
        "total_area": 1000,
        "reservatio": null,
        "plot_munci": "NO",
        "corner_plo": "NO",
        "premium_ba": 1200000,
        "addi_premi": 0.0,
        "total_prem": 1200000,
        "label": null,
        "tot_premiu": 1200000,
        "location": "Khapri Khurd",
        "remark": null,
        "sector_inf": "BLOCK -",
        "industrial": "RAIPUR",
        "district_i": "RAIPUR",
        "plotno_inf": "03",
        "uniqueplot": "03",
        "plotactiva": null,
        "plotupdate": null,
        "plot_yesno": "YES",
        "category_i": "INDUSTRIAL PLOT-ALLOTED",
        "quest": null,
        "status_inf": "AVAILABLE",
        "applied_ti": null,
        "alloted_ti": null,
        "allotmentr": null,
        "industri_1": "INDUSTRIAL AREA KHAPRI KHURD_BLOCK -",
        "industri_2": "INDUSTRIAL AREA KHAPRI KHURD",
        "gis_tid": null,
        "st_area_sh": 8.725477e-08,
        "st_length_": 0.00120564942557,
        "uidv1": "IA-17",
        "status_from_csidc": null,
        "uid": "IA-17"
      }
    },
    {
      "type": "Feature",
      "id": "csidc_industrial_area_with_plots.fid-23377b7a_19c5672bde0_6f6a",
      "geometry": {
        "type": "Polygon",
        "coordinates": [
          [
            [
              81.96007736,
              21.74231883
            ],
            [
              81.95950554,
              21.74226608
            ],
            [
              81.95950536,
              21.74227539
            ],
            [
              81.95949281,
              21.7427308
            ],
            [
              81.96004158,
              21.74278142
            ],
            [
              81.96007736,
              21.74231883
            ]
          ]
        ]
      },
      "geometry_name": "geom",
      "properties": {
        "gid": 134,
        "objectid": 1501,
        "district": "BALODA-BAZAR",
        "plot_type": "INDUSTRIAL PURPOSE",
        "total_area": 2997,
        "reservatio": "NO",
        "plot_munci": "YES",
        "corner_plo": "YES",
        "premium_ba": 2997000,
        "addi_premi": 899100,
        "total_prem": 3896100,
        "label": null,
        "tot_premiu": 2997000,
        "location": "AURETHI",
        "remark": null,
        "sector_inf": "Others",
        "industrial": "AURETHI BHATAPARA",
        "district_i": "BALODA-BAZAR",
        "plotno_inf": "1",
        "uniqueplot": "1",
        "plotactiva": "2018-01-31Z",
        "plotupdate": null,
        "plot_yesno": "YES",
        "category_i": "INDUSTRIAL PLOT-ALLOTED",
        "quest": "OK",
        "status_inf": "ALLOTTED",
        "applied_ti": null,
        "alloted_ti": null,
        "allotmentr": null,
        "industri_1": "AURETHI BHATAPARA__Others",
        "industri_2": "AURETHI, BHATAPARA",
        "gis_tid": null,
        "st_area_sh": 2.61018407e-07,
        "st_length_": 0.00205421563563,
        "uidv1": "IA-95",
        "status_from_csidc": "ALLOTTED",
        "uid": "IA-95"
      }
    },
    {
      "type": "Feature",
      "id": "csidc_industrial_area_with_plots.fid-23377b7a_19c5672bde0_6f6b",
      "geometry": {
        "type": "Polygon",
        "coordinates": [
          [
            [
              82.91013895,
              22.97976246
            ],
            [
              82.91013434,
              22.97958155
            ],
            [
              82.90998639,
              22.97958102
            ],
            [
              82.909991,
              22.97976193
            ],
            [
              82.91013895,
              22.97976246
            ]
          ]
        ]
      },
      "geometry_name": "geom",
      "properties": {
        "gid": 135,
        "objectid": 2916,
        "district": "Sarguja",
        "plot_type": "Industrial  Purpose",
        "total_area": 300,
        "reservatio": null,
        "plot_munci": "NO",
        "corner_plo": "NO",
        "premium_ba": 144000,
        "addi_premi": 0.0,
        "total_prem": 144000,
        "label": "D",
        "tot_premiu": 144000,
        "location": "Rikhi",
        "remark": null,
        "sector_inf": "BLOCK - D",
        "industrial": "SARGUJA",
        "district_i": "SARGUJA",
        "plotno_inf": "03",
        "uniqueplot": "03",
        "plotactiva": null,
        "plotupdate": null,
        "plot_yesno": "YES",
        "category_i": "INDUSTRIAL PLOT-ALLOTED",
        "quest": null,
        "status_inf": "AVAILABLE",
        "applied_ti": null,
        "alloted_ti": null,
        "allotmentr": null,
        "industri_1": "INDUSTRIAL AREA RIKHI_BLOCK - D",
        "industri_2": "INDUSTRIAL AREA RIKHI",
        "gis_tid": null,
        "st_area_sh": 2.6764206e-08,
        "st_length_": 0.000657851409648,
        "uidv1": "IA-13",
        "status_from_csidc": "AVAILABLE",
        "uid": "IA-13"
      }
    },
    {
      "type": "Feature",
      "id": "csidc_industrial_area_with_plots.fid-23377b7a_19c5672bde0_6f6c",
      "geometry": {
        "type": "Polygon",
        "coordinates": [
          [
            [
              82.91111422,
              22.98000305
            ],
            [
              82.91110356,
              22.97958504
            ],
            [
              82.91085697,
              22.97958415
            ],
            [
              82.91086807,
              22.9800195
            ],
            [
              82.91087049,
              22.98001967
            ],
            [
              82.91086884,
              22.98004963
            ],
            [
              82.91086887,
              22.98005103
            ],
            [
              82.91104215,
              22.98000455
            ],
            [
              82.91111422,
              22.98000305
            ]
          ]
        ]
      },
      "geometry_name": "geom",
      "properties": {
        "gid": 137,
        "objectid": 2926,
        "district": "Sarguja",
        "plot_type": "Industrial  Purpose",
        "total_area": 1206,
        "reservatio": null,
        "plot_munci": "NO",
        "corner_plo": "NO",
        "premium_ba": 578880,
        "addi_premi": 0.0,
        "total_prem": 578880,
        "label": "C",
        "tot_premiu": 578880,
        "location": "Rikhi",
        "remark": null,
        "sector_inf": "BLOCK - C",
        "industrial": "SARGUJA",
        "district_i": "SARGUJA",
        "plotno_inf": "03",
        "uniqueplot": "03",
        "plotactiva": null,
        "plotupdate": null,
        "plot_yesno": "YES",
        "category_i": "INDUSTRIAL PLOT-ALLOTED",
        "quest": null,
        "status_inf": "ALLOTTED",
        "applied_ti": null,
        "alloted_ti": null,
        "allotmentr": null,
        "industri_1": "INDUSTRIAL AREA RIKHI_BLOCK - C",
        "industri_2": "INDUSTRIAL AREA RIKHI",
        "gis_tid": null,
        "st_area_sh": 1.07510937e-07,
        "st_length_": 0.00138553998477,
        "uidv1": "IA-16",
        "status_from_csidc": "ALLOTTED",
        "uid": "IA-16"
      }
    },
    {
      "type": "Feature",
      "id": "csidc_industrial_area_with_plots.fid-23377b7a_19c5672bde0_6f6d",
      "geometry": {
        "type": "Polygon",
        "coordinates": [
          [
            [
              82.91031434,
              22.98083942
            ],
            [
              82.91030904,
              22.98063137
            ],
            [
              82.91011177,
              22.98063066
            ],
            [
              82.91011707,
              22.98083871
            ],
            [
              82.91031434,
              22.98083942
            ]
          ]
        ]
      },
      "geometry_name": "geom",
      "properties": {
        "gid": 138,
        "objectid": 2938,
        "district": "Sarguja",
        "plot_type": "Industrial  Purpose",
        "total_area": 460,
        "reservatio": null,
        "plot_munci": "NO",
        "corner_plo": "NO",
        "premium_ba": 220800,
        "addi_premi": 0.0,
        "total_prem": 220800,
        "label": "E",
        "tot_premiu": 220800,
        "location": "Rikhi",
        "remark": null,
        "sector_inf": "BLOCK - E",
        "industrial": "SARGUJA",
        "district_i": "SARGUJA",
        "plotno_inf": "03",
        "uniqueplot": "03",
        "plotactiva": null,
        "plotupdate": null,
        "plot_yesno": "YES",
        "category_i": "INDUSTRIAL PLOT-ALLOTED",
        "quest": null,
        "status_inf": "ALLOTTED",
        "applied_ti": null,
        "alloted_ti": null,
        "allotmentr": null,
        "industri_1": "INDUSTRIAL AREA RIKHI_BLOCK - E",
        "industri_2": "INDUSTRIAL AREA RIKHI",
        "gis_tid": null,
        "st_area_sh": 4.1038591e-08,
        "st_length_": 0.000810780713662,
        "uidv1": "IA-18",
        "status_from_csidc": "ALLOTTED",
        "uid": "IA-18"
      }
    },
    {
      "type": "Feature",
      "id": "csidc_industrial_area_with_plots.fid-23377b7a_19c5672bde0_6f6e",
      "geometry": {
        "type": "Polygon",
        "coordinates": [
          [
            [
              82.91051162,
              22.98084012
            ],
            [
              82.91050631,
              22.98063208
            ],
            [
              82.91030904,
              22.98063137
            ],
            [
              82.91031434,
              22.98083942
            ],
            [
              82.91051162,
              22.98084012
            ]
          ]
        ]
      },
      "geometry_name": "geom",
      "properties": {
        "gid": 139,
        "objectid": 2937,
        "district": "Sarguja",
        "plot_type": "Industrial  Purpose",
        "total_area": 391,
        "reservatio": null,
        "plot_munci": "NO",
        "corner_plo": "NO",
        "premium_ba": 187680,
        "addi_premi": 0.0,
        "total_prem": 187680,
        "label": "E",
        "tot_premiu": 187680,
        "location": "Rikhi",
        "remark": null,
        "sector_inf": "BLOCK - E",
        "industrial": "SARGUJA",
        "district_i": "SARGUJA",
        "plotno_inf": "02",
        "uniqueplot": "02",
        "plotactiva": null,
        "plotupdate": null,
        "plot_yesno": "YES",
        "category_i": "INDUSTRIAL PLOT-ALLOTED",
        "quest": null,
        "status_inf": "AVAILABLE",
        "applied_ti": null,
        "alloted_ti": null,
        "allotmentr": null,
        "industri_1": "INDUSTRIAL AREA RIKHI_BLOCK - E",
        "industri_2": "INDUSTRIAL AREA RIKHI",
        "gis_tid": null,
        "st_area_sh": 4.1038599e-08,
        "st_length_": 0.000810780735877,
        "uidv1": "IA-9",
        "status_from_csidc": "AVAILABLE",
        "uid": "IA-9"
      }
    },
    {
      "type": "Feature",
      "id": "csidc_industrial_area_with_plots.fid-23377b7a_19c5672bde0_6f6f",
      "geometry": {
        "type": "Polygon",
        "coordinates": [
          [
            [
              82.909991,
              22.97976193
            ],
            [
              82.90998639,
              22.97958102
            ],
            [
              82.90983843,
              22.97958049
            ],
            [
              82.90984304,
              22.9797614
            ],
            [
              82.909991,
              22.97976193
            ]
          ]
        ]
      },
      "geometry_name": "geom",
      "properties": {
        "gid": 140,
        "objectid": 2917,
        "district": "Sarguja",
        "plot_type": "Industrial  Purpose",
        "total_area": 300,
        "reservatio": null,
        "plot_munci": "NO",
        "corner_plo": "NO",
        "premium_ba": 144000,
        "addi_premi": 0.0,
        "total_prem": 144000,
        "label": "D",
        "tot_premiu": 144000,
        "location": "Rikhi",
        "remark": null,
        "sector_inf": "BLOCK - D",
        "industrial": "SARGUJA",
        "district_i": "SARGUJA",
        "plotno_inf": "04",
        "uniqueplot": "04",
        "plotactiva": null,
        "plotupdate": null,
        "plot_yesno": "YES",
        "category_i": "INDUSTRIAL PLOT-ALLOTED",
        "quest": null,
        "status_inf": "AVAILABLE",
        "applied_ti": null,
        "alloted_ti": null,
        "allotmentr": null,
        "industri_1": "INDUSTRIAL AREA RIKHI_BLOCK - D",
        "industri_2": "INDUSTRIAL AREA RIKHI",
        "gis_tid": null,
        "st_area_sh": 2.6764025e-08,
        "st_length_": 0.000657849409661,
        "uidv1": "IA-19",
        "status_from_csidc": "AVAILABLE",
        "uid": "IA-19"
      }
    },
    {
      "type": "Feature",
      "id": "csidc_industrial_area_with_plots.fid-23377b7a_19c5672bde0_6f70",
      "geometry": {
        "type": "Polygon",
        "coordinates": [
          [
            [
              81.35916671,
              18.91348363
            ],
            [
              81.35910818,
              18.91347958
            ],
            [
              81.35910382,
              18.91359621
            ],
            [
              81.35916235,
              18.91360026
            ],
            [
              81.35916671,
              18.91348363
            ]
          ]
        ]
      },
      "geometry_name": "geom",
      "properties": {
        "gid": 141,
        "objectid": 1813,
        "district": "Dantewada",
        "plot_type": "INDUSTRIAL PURPOSE",
        "total_area": 0.0,
        "reservatio": null,
        "plot_munci": null,
        "corner_plo": null,
        "premium_ba": 0.0,
        "addi_premi": 0.0,
        "total_prem": 0.0,
        "label": null,
        "tot_premiu": 0.0,
        "location": "Tekanar",
        "remark": null,
        "sector_inf": "Other",
        "industrial": "TEKNAR",
        "district_i": "Dantewada",
        "plotno_inf": "18 C",
        "uniqueplot": null,
        "plotactiva": "2018-01-31Z",
        "plotupdate": null,
        "plot_yesno": "YES",
        "category_i": "INDUSTRIAL PLOT-ALLOTED",
        "quest": null,
        "status_inf": "UNAVAILABLE",
        "applied_ti": null,
        "alloted_ti": null,
        "allotmentr": null,
        "industri_1": null,
        "industri_2": null,
        "gis_tid": null,
        "st_area_sh": 6.844003e-09,
        "st_length_": 0.000350761371814,
        "uidv1": "IA-658",
        "status_from_csidc": null,
        "uid": "IA-658"
      }
    },
    {
      "type": "Feature",
      "id": "csidc_industrial_area_with_plots.fid-23377b7a_19c5672bde0_6f71",
      "geometry": {
        "type": "Polygon",
        "coordinates": [
          [
            [
              82.9102869,
              22.97976299
            ],
            [
              82.91028229,
              22.97958208
            ],
            [
              82.91013434,
              22.97958155
            ],
            [
              82.91013895,
              22.97976246
            ],
            [
              82.9102869,
              22.97976299
            ]
          ]
        ]
      },
      "geometry_name": "geom",
      "properties": {
        "gid": 142,
        "objectid": 2915,
        "district": "Sarguja",
        "plot_type": "Industrial  Purpose",
        "total_area": 300,
        "reservatio": null,
        "plot_munci": "NO",
        "corner_plo": "NO",
        "premium_ba": 144000,
        "addi_premi": 0.0,
        "total_prem": 144000,
        "label": "D",
        "tot_premiu": 144000,
        "location": "Rikhi",
        "remark": null,
        "sector_inf": "BLOCK - D",
        "industrial": "SARGUJA",
        "district_i": "SARGUJA",
        "plotno_inf": "02",
        "uniqueplot": "02",
        "plotactiva": null,
        "plotupdate": null,
        "plot_yesno": "YES",
        "category_i": "INDUSTRIAL PLOT-ALLOTED",
        "quest": null,
        "status_inf": "AVAILABLE",
        "applied_ti": null,
        "alloted_ti": null,
        "allotmentr": null,
        "industri_1": "INDUSTRIAL AREA RIKHI_BLOCK - D",
        "industri_2": "INDUSTRIAL AREA RIKHI",
        "gis_tid": null,
        "st_area_sh": 2.6764025e-08,
        "st_length_": 0.000657849409661,
        "uidv1": "IA-11",
        "status_from_csidc": "AVAILABLE",
        "uid": "IA-11"
      }
    },
    {
      "type": "Feature",
      "id": "csidc_industrial_area_with_plots.fid-23377b7a_19c5672bde0_6f72",
      "geometry": {
        "type": "Polygon",
        "coordinates": [
          [
            [
              82.91000437,
              22.98028657
            ],
            [
              82.90999976,
              22.98010566
            ],
            [
              82.9098518,
              22.98010513
            ],
            [
              82.90985641,
              22.98028604
            ],
            [
              82.91000437,
              22.98028657
            ]
          ]
        ]
      },
      "geometry_name": "geom",
      "properties": {
        "gid": 143,
        "objectid": 2929,
        "district": "Sarguja",
        "plot_type": "Industrial  Purpose",
        "total_area": 300,
        "reservatio": null,
        "plot_munci": "NO",
        "corner_plo": "NO",
        "premium_ba": 144000,
        "addi_premi": 0.0,
        "total_prem": 144000,
        "label": "D",
        "tot_premiu": 144000,
        "location": "Rikhi",
        "remark": null,
        "sector_inf": "BLOCK - D",
        "industrial": "SARGUJA",
        "district_i": "SARGUJA",
        "plotno_inf": "13",
        "uniqueplot": "13",
        "plotactiva": null,
        "plotupdate": null,
        "plot_yesno": "YES",
        "category_i": "INDUSTRIAL PLOT-ALLOTED",
        "quest": null,
        "status_inf": "AVAILABLE",
        "applied_ti": null,
        "alloted_ti": null,
        "allotmentr": null,
        "industri_1": "INDUSTRIAL AREA RIKHI_BLOCK - D",
        "industri_2": "INDUSTRIAL AREA RIKHI",
        "gis_tid": null,
        "st_area_sh": 2.6764206e-08,
        "st_length_": 0.000657851409648,
        "uidv1": "IA-412",
        "status_from_csidc": "AVAILABLE",
        "uid": "IA-412"
      }
    },
    {
      "type": "Feature",
      "id": "csidc_industrial_area_with_plots.fid-23377b7a_19c5672bde0_6f73",
      "geometry": {
        "type": "Polygon",
        "coordinates": [
          [
            [
              81.95991265,
              21.74444817
            ],
            [
              81.95944666,
              21.74440519
            ],
            [
              81.95943875,
              21.74469205
            ],
            [
              81.95943641,
              21.74477696
            ],
            [
              81.95988402,
              21.74481825
            ],
            [
              81.95991265,
              21.74444817
            ]
          ]
        ]
      },
      "geometry_name": "geom",
      "properties": {
        "gid": 144,
        "objectid": 1510,
        "district": "BALODA-BAZAR",
        "plot_type": "INDUSTRIAL PURPOSE",
        "total_area": 1955,
        "reservatio": "NO",
        "plot_munci": "YES",
        "corner_plo": "NO",
        "premium_ba": 1955000,
        "addi_premi": 391000,
        "total_prem": 2346000,
        "label": null,
        "tot_premiu": 1955000,
        "location": "AURETHI",
        "remark": null,
        "sector_inf": "Others",
        "industrial": "AURETHI BHATAPARA",
        "district_i": "BALODA-BAZAR",
        "plotno_inf": "5",
        "uniqueplot": "5",
        "plotactiva": "2018-01-31Z",
        "plotupdate": null,
        "plot_yesno": "YES",
        "category_i": "INDUSTRIAL PLOT-ALLOTED",
        "quest": "OK",
        "status_inf": "ALLOTTED",
        "applied_ti": null,
        "alloted_ti": null,
        "allotmentr": null,
        "industri_1": "AURETHI BHATAPARA__Others",
        "industri_2": "AURETHI, BHATAPARA",
        "gis_tid": null,
        "st_area_sh": 1.70255338e-07,
        "st_length_": 0.0016605641509,
        "uidv1": "IA-1424",
        "status_from_csidc": "ALLOTTED",
        "uid": "IA-1424"
      }
    },
    {
      "type": "Feature",
      "id": "csidc_industrial_area_with_plots.fid-23377b7a_19c5672bde0_6f74",
      "geometry": {
        "type": "Polygon",
        "coordinates": [
          [
            [
              82.90984304,
              22.9797614
            ],
            [
              82.90983843,
              22.97958049
            ],
            [
              82.90972993,
              22.9795801
            ],
            [
              82.9097231,
              22.97958062
            ],
            [
              82.9097165,
              22.97958223
            ],
            [
              82.90971033,
              22.97958487
            ],
            [
              82.90970479,
              22.97958847
            ],
            [
              82.90970004,
              22.97959291
            ],
            [
              82.90969623,
              22.97959807
            ],
            [
              82.90969347,
              22.97960377
            ],
            [
              82.90969184,
              22.97960986
            ],
            [
              82.9096914,
              22.97961614
            ],
            [
              82.90969509,
              22.97976087
            ],
            [
              82.90984304,
              22.9797614
            ]
          ]
        ]
      },
      "geometry_name": "geom",
      "properties": {
        "gid": 145,
        "objectid": 2918,
        "district": "Sarguja",
        "plot_type": "Industrial  Purpose",
        "total_area": 300,
        "reservatio": null,
        "plot_munci": "NO",
        "corner_plo": "YES",
        "premium_ba": 144000,
        "addi_premi": 14400,
        "total_prem": 158400,
        "label": "D",
        "tot_premiu": 158400,
        "location": "Rikhi",
        "remark": null,
        "sector_inf": "BLOCK - D",
        "industrial": "SARGUJA",
        "district_i": "SARGUJA",
        "plotno_inf": "05",
        "uniqueplot": "05",
        "plotactiva": null,
        "plotupdate": null,
        "plot_yesno": "YES",
        "category_i": "INDUSTRIAL PLOT-ALLOTED",
        "quest": null,
        "status_inf": "AVAILABLE",
        "applied_ti": null,
        "alloted_ti": null,
        "allotmentr": null,
        "industri_1": "INDUSTRIAL AREA RIKHI_BLOCK - D",
        "industri_2": "INDUSTRIAL AREA RIKHI",
        "gis_tid": null,
        "st_area_sh": 2.6452087e-08,
        "st_length_": 0.000641014486264,
        "uidv1": "IA-28",
        "status_from_csidc": "AVAILABLE",
        "uid": "IA-28"
      }
    },
    {
      "type": "Feature",
      "id": "csidc_industrial_area_with_plots.fid-23377b7a_19c5672bde0_6f75",
      "geometry": {
        "type": "Polygon",
        "coordinates": [
          [
            [
              81.9603747,
              21.74492614
            ],
            [
              81.96041048,
              21.74446354
            ],
            [
              81.96044626,
              21.74400095
            ],
            [
              81.96011905,
              21.74397077
            ],
            [
              81.96010616,
              21.74413749
            ],
            [
              81.96036994,
              21.74498764
            ],
            [
              81.9603747,
              21.74492614
            ]
          ]
        ]
      },
      "geometry_name": "geom",
      "properties": {
        "gid": 146,
        "objectid": 1512,
        "district": "BALODA-BAZAR",
        "plot_type": "INDUSTRIAL PURPOSE",
        "total_area": 2181,
        "reservatio": "NO",
        "plot_munci": "YES",
        "corner_plo": "NO",
        "premium_ba": 2181000,
        "addi_premi": 436200,
        "total_prem": 2617200,
        "label": null,
        "tot_premiu": 2181000,
        "location": "AURETHI",
        "remark": null,
        "sector_inf": "Others",
        "industrial": "AURETHI BHATAPARA",
        "district_i": "BALODA-BAZAR",
        "plotno_inf": "9",
        "uniqueplot": "9",
        "plotactiva": "2018-01-31Z",
        "plotupdate": null,
        "plot_yesno": "YES",
        "category_i": "INDUSTRIAL PLOT-ALLOTED",
        "quest": "OK",
        "status_inf": "ALLOTTED",
        "applied_ti": null,
        "alloted_ti": null,
        "allotmentr": null,
        "industri_1": "AURETHI BHATAPARA__Others",
        "industri_2": "AURETHI, BHATAPARA",
        "gis_tid": null,
        "st_area_sh": 1.9004908e-07,
        "st_length_": 0.00237557795351,
        "uidv1": "IA-1877",
        "status_from_csidc": "ALLOTTED",
        "uid": "IA-1877"
      }
    },
    {
      "type": "Feature",
      "id": "csidc_industrial_area_with_plots.fid-23377b7a_19c5672bde0_6f76",
      "geometry": {
        "type": "Polygon",
        "coordinates": [
          [
            [
              81.35917751,
              18.91319493
            ],
            [
              81.35911898,
              18.91319088
            ],
            [
              81.35911462,
              18.91330751
            ],
            [
              81.35917315,
              18.91331156
            ],
            [
              81.35917751,
              18.91319493
            ]
          ]
        ]
      },
      "geometry_name": "geom",
      "properties": {
        "gid": 147,
        "objectid": 1794,
        "district": "Dantewada",
        "plot_type": "INDUSTRIAL PURPOSE",
        "total_area": 0.0,
        "reservatio": null,
        "plot_munci": null,
        "corner_plo": null,
        "premium_ba": 0.0,
        "addi_premi": 0.0,
        "total_prem": 0.0,
        "label": null,
        "tot_premiu": 0.0,
        "location": "Tekanar",
        "remark": null,
        "sector_inf": "Other",
        "industrial": "TEKNAR",
        "district_i": "Dantewada",
        "plotno_inf": "19 C",
        "uniqueplot": null,
        "plotactiva": "2018-01-31Z",
        "plotupdate": null,
        "plot_yesno": "YES",
        "category_i": "INDUSTRIAL PLOT-ALLOTED",
        "quest": null,
        "status_inf": "UNAVAILABLE",
        "applied_ti": null,
        "alloted_ti": null,
        "allotmentr": null,
        "industri_1": null,
        "industri_2": null,
        "gis_tid": null,
        "st_area_sh": 6.844022e-09,
        "st_length_": 0.000350762089185,
        "uidv1": "IA-697",
        "status_from_csidc": null,
        "uid": "IA-697"
      }
    },
    {
      "type": "Feature",
      "id": "csidc_industrial_area_with_plots.fid-23377b7a_19c5672bde0_6f77",
      "geometry": {
        "type": "Polygon",
        "coordinates": [
          [
            [
              81.96078066,
              21.74612933
            ],
            [
              81.96045644,
              21.74593868
            ],
            [
              81.96043038,
              21.74627559
            ],
            [
              81.96074465,
              21.74659486
            ],
            [
              81.96078066,
              21.74612933
            ]
          ]
        ]
      },
      "geometry_name": "geom",
      "properties": {
        "gid": 148,
        "objectid": 1516,
        "district": "BALODA-BAZAR",
        "plot_type": "INDUSTRIAL PURPOSE",
        "total_area": 1561,
        "reservatio": "YES",
        "plot_munci": "YES",
        "corner_plo": "YES",
        "premium_ba": 1561000,
        "addi_premi": 468300,
        "total_prem": 2029300,
        "label": null,
        "tot_premiu": 1561000,
        "location": "AURETHI",
        "remark": null,
        "sector_inf": "Others",
        "industrial": "AURETHI BHATAPARA",
        "district_i": "BALODA-BAZAR",
        "plotno_inf": "8",
        "uniqueplot": "8",
        "plotactiva": "2018-01-31Z",
        "plotupdate": null,
        "plot_yesno": "YES",
        "category_i": "INDUSTRIAL PLOT-ALLOTED",
        "quest": "OK",
        "status_inf": "ALLOTTED",
        "applied_ti": null,
        "alloted_ti": null,
        "allotmentr": null,
        "industri_1": "AURETHI BHATAPARA__Others",
        "industri_2": "AURETHI, BHATAPARA",
        "gis_tid": null,
        "st_area_sh": 1.3599856e-07,
        "st_length_": 0.00162894471385,
        "uidv1": "IA-1814",
        "status_from_csidc": "ALLOTTED",
        "uid": "IA-1814"
      }
    },
    {
      "type": "Feature",
      "id": "csidc_industrial_area_with_plots.fid-23377b7a_19c5672bde0_6f78",
      "geometry": {
        "type": "Polygon",
        "coordinates": [
          [
            [
              82.25242032,
              22.17528701
            ],
            [
              82.25228529,
              22.17498538
            ],
            [
              82.2522407,
              22.17499124
            ],
            [
              82.25212962,
              22.17500248
            ],
            [
              82.25207994,
              22.17500968
            ],
            [
              82.25223573,
              22.1753442
            ],
            [
              82.25242032,
              22.17528701
            ]
          ]
        ]
      },
      "geometry_name": "geom",
      "properties": {
        "gid": 149,
        "objectid": 0,
        "district": "BILASPUR",
        "plot_type": "INDUSTRIAL PURPOSE",
        "total_area": 0.0,
        "reservatio": null,
        "plot_munci": null,
        "corner_plo": null,
        "premium_ba": 0.0,
        "addi_premi": 0.0,
        "total_prem": 0.0,
        "label": null,
        "tot_premiu": 0.0,
        "location": "Selar",
        "remark": null,
        "sector_inf": "BLOCK - M",
        "industrial": "Industrial Area Selar",
        "district_i": "BILASPUR",
        "plotno_inf": "1",
        "uniqueplot": "1",
        "plotactiva": null,
        "plotupdate": null,
        "plot_yesno": "YES",
        "category_i": "INDUSTRIAL PLOT-ALLOTED",
        "quest": null,
        "status_inf": "AVAILABLE",
        "applied_ti": null,
        "alloted_ti": null,
        "allotmentr": null,
        "industri_1": "Industrial Area Selar",
        "industri_2": "Industrial Area Selar",
        "gis_tid": null,
        "st_area_sh": 0.0,
        "st_length_": 0.0,
        "uidv1": "IA-46",
        "status_from_csidc": null,
        "uid": "IA-46"
      }
    },
    {
      "type": "Feature",
      "id": "csidc_industrial_area_with_plots.fid-23377b7a_19c5672bde0_6f79",
      "geometry": {
        "type": "Polygon",
        "coordinates": [
          [
            [
              81.96073769,
              21.74449372
            ],
            [
              81.96041048,
              21.74446354
            ],
            [
              81.9603747,
              21.74492614
            ],
            [
              81.96070191,
              21.74495632
            ],
            [
              81.96073769,
              21.74449372
            ]
          ]
        ]
      },
      "geometry_name": "geom",
      "properties": {
        "gid": 150,
        "objectid": 1511,
        "district": "BALODA-BAZAR",
        "plot_type": "INDUSTRIAL PURPOSE",
        "total_area": 1750,
        "reservatio": "NO",
        "plot_munci": "YES",
        "corner_plo": "NO",
        "premium_ba": 1750000,
        "addi_premi": 350000,
        "total_prem": 2100000,
        "label": null,
        "tot_premiu": 1750000,
        "location": "AURETHI",
        "remark": null,
        "sector_inf": "Others",
        "industrial": "AURETHI BHATAPARA",
        "district_i": "BALODA-BAZAR",
        "plotno_inf": "15",
        "uniqueplot": "15",
        "plotactiva": "2018-01-31Z",
        "plotupdate": null,
        "plot_yesno": "YES",
        "category_i": "INDUSTRIAL PLOT-ALLOTED",
        "quest": "OK",
        "status_inf": "ALLOTTED",
        "applied_ti": null,
        "alloted_ti": null,
        "allotmentr": null,
        "industri_1": "AURETHI BHATAPARA__Others",
        "industri_2": "AURETHI, BHATAPARA",
        "gis_tid": null,
        "st_area_sh": 1.52444564e-07,
        "st_length_": 0.0015851454027,
        "uidv1": "IA-498",
        "status_from_csidc": "ALLOTTED",
        "uid": "IA-498"
      }
    },
    {
      "type": "Feature",
      "id": "csidc_industrial_area_with_plots.fid-23377b7a_19c5672bde0_6f7a",
      "geometry": {
        "type": "Polygon",
        "coordinates": [
          [
            [
              83.78818089,
              22.65422568
            ],
            [
              83.78807187,
              22.65394579
            ],
            [
              83.78782248,
              22.65399489
            ],
            [
              83.78794814,
              22.65430567
            ],
            [
              83.78818089,
              22.65422568
            ]
          ]
        ]
      },
      "geometry_name": "geom",
      "properties": {
        "gid": 151,
        "objectid": 3005,
        "district": "Jashpur",
        "plot_type": "Industrial  Purpose",
        "total_area": 831,
        "reservatio": null,
        "plot_munci": "NO",
        "corner_plo": "NO",
        "premium_ba": 398880,
        "addi_premi": 0.0,
        "total_prem": 398880,
        "label": null,
        "tot_premiu": 398880,
        "location": "Narayanbahali",
        "remark": null,
        "sector_inf": "BLOCK -",
        "industrial": "JASHPUR",
        "district_i": "JASHPUR",
        "plotno_inf": "13",
        "uniqueplot": "13",
        "plotactiva": null,
        "plotupdate": null,
        "plot_yesno": "YES",
        "category_i": "INDUSTRIAL PLOT-ALLOTED",
        "quest": null,
        "status_inf": "AVAILABLE",
        "applied_ti": null,
        "alloted_ti": null,
        "allotmentr": null,
        "industri_1": "INDUSTRIAL AREA NARAYANBAHALI_BLOCK -",
        "industri_2": "INDUSTRIAL AREA NARAYANBAHALI",
        "gis_tid": null,
        "st_area_sh": 7.8770928e-08,
        "st_length_": 0.00113589344205,
        "uidv1": "IA-413",
        "status_from_csidc": "AVAILABLE",
        "uid": "IA-413"
      }
    },
    {
      "type": "Feature",
      "id": "csidc_industrial_area_with_plots.fid-23377b7a_19c5672bde0_6f7b",
      "geometry": {
        "type": "Polygon",
        "coordinates": [
          [
            [
              83.78982499,
              22.65438682
            ],
            [
              83.78978269,
              22.65423481
            ],
            [
              83.78966134,
              22.65408706
            ],
            [
              83.78937109,
              22.65424485
            ],
            [
              83.78954458,
              22.65453232
            ],
            [
              83.78982499,
              22.65438682
            ]
          ]
        ]
      },
      "geometry_name": "geom",
      "properties": {
        "gid": 152,
        "objectid": 3012,
        "district": "Jashpur",
        "plot_type": "Industrial  Purpose",
        "total_area": 1199,
        "reservatio": null,
        "plot_munci": "NO",
        "corner_plo": "NO",
        "premium_ba": 575520,
        "addi_premi": 0.0,
        "total_prem": 575520,
        "label": null,
        "tot_premiu": 575520,
        "location": "Narayanbahali",
        "remark": null,
        "sector_inf": "BLOCK -",
        "industrial": "JASHPUR",
        "district_i": "JASHPUR",
        "plotno_inf": "14",
        "uniqueplot": "14",
        "plotactiva": null,
        "plotupdate": null,
        "plot_yesno": "YES",
        "category_i": "INDUSTRIAL PLOT-ALLOTED",
        "quest": null,
        "status_inf": "AVAILABLE",
        "applied_ti": null,
        "alloted_ti": null,
        "allotmentr": null,
        "industri_1": "INDUSTRIAL AREA NARAYANBAHALI_BLOCK -",
        "industri_2": "INDUSTRIAL AREA NARAYANBAHALI",
        "gis_tid": null,
        "st_area_sh": 1.15437034e-07,
        "st_length_": 0.00133101442226,
        "uidv1": "IA-460",
        "status_from_csidc": "AVAILABLE",
        "uid": "IA-460"
      }
    },
    {
      "type": "Feature",
      "id": "csidc_industrial_area_with_plots.fid-23377b7a_19c5672bde0_6f7c",
      "geometry": {
        "type": "Polygon",
        "coordinates": [
          [
            [
              82.25331579,
              22.17541555
            ],
            [
              82.25322209,
              22.17520999
            ],
            [
              82.25303745,
              22.17526705
            ],
            [
              82.25312769,
              22.17547164
            ],
            [
              82.25331579,
              22.17541555
            ]
          ]
        ]
      },
      "geometry_name": "geom",
      "properties": {
        "gid": 153,
        "objectid": 0,
        "district": "BILASPUR",
        "plot_type": "INDUSTRIAL PURPOSE",
        "total_area": 0.0,
        "reservatio": null,
        "plot_munci": null,
        "corner_plo": null,
        "premium_ba": 0.0,
        "addi_premi": 0.0,
        "total_prem": 0.0,
        "label": null,
        "tot_premiu": 0.0,
        "location": "Selar",
        "remark": null,
        "sector_inf": "BLOCK - M",
        "industrial": "Industrial Area Selar",
        "district_i": "BILASPUR",
        "plotno_inf": "12",
        "uniqueplot": "12",
        "plotactiva": null,
        "plotupdate": null,
        "plot_yesno": "YES",
        "category_i": "INDUSTRIAL PLOT-ALLOTED",
        "quest": null,
        "status_inf": "UNAVAILABLE",
        "applied_ti": null,
        "alloted_ti": null,
        "allotmentr": null,
        "industri_1": "Industrial Area Selar",
        "industri_2": "Industrial Area Selar",
        "gis_tid": null,
        "st_area_sh": 0.0,
        "st_length_": 0.0,
        "uidv1": "IA-332",
        "status_from_csidc": null,
        "uid": "IA-332"
      }
    },
    {
      "type": "Feature",
      "id": "csidc_industrial_area_with_plots.fid-23377b7a_19c5672bde0_6f7d",
      "geometry": {
        "type": "Polygon",
        "coordinates": [
          [
            [
              81.93037738,
              21.9269853
            ],
            [
              81.93019481,
              21.92668123
            ],
            [
              81.92995436,
              21.92681453
            ],
            [
              81.93013667,
              21.92711566
            ],
            [
              81.93037333,
              21.92698756
            ],
            [
              81.93037738,
              21.9269853
            ]
          ]
        ]
      },
      "geometry_name": "geom",
      "properties": {
        "gid": 154,
        "objectid": 3164,
        "district": "Mungeli",
        "plot_type": "Industrial  Purpose",
        "total_area": 1200,
        "reservatio": null,
        "plot_munci": "NO",
        "corner_plo": "NO",
        "premium_ba": 480000,
        "addi_premi": 0.0,
        "total_prem": 480000,
        "label": "C",
        "tot_premiu": 480000,
        "location": "Hathkera-Bidbida",
        "remark": null,
        "sector_inf": "BLOCK - C",
        "industrial": "MUNGELI",
        "district_i": "MUNGELI",
        "plotno_inf": "1",
        "uniqueplot": "1",
        "plotactiva": null,
        "plotupdate": null,
        "plot_yesno": "YES",
        "category_i": "INDUSTRIAL PLOT-ALLOTED",
        "quest": null,
        "status_inf": "ALLOTTED",
        "applied_ti": null,
        "alloted_ti": null,
        "allotmentr": null,
        "industri_1": "INDUSTRIAL AREA HATHKERA-BIDBIDA_BLOCK - C",
        "industri_2": "INDUSTRIAL AREA HATHKERA-BIDBIDA",
        "gis_tid": null,
        "st_area_sh": 9.6857119e-08,
        "st_length_": 0.00125535236444,
        "uidv1": "IA-75",
        "status_from_csidc": "ALLOTTED",
        "uid": "IA-75"
      }
    },
    {
      "type": "Feature",
      "id": "csidc_industrial_area_with_plots.fid-23377b7a_19c5672bde0_6f7e",
      "geometry": {
        "type": "Polygon",
        "coordinates": [
          [
            [
              82.24605827,
              22.17862632
            ],
            [
              82.24605632,
              22.17862185
            ],
            [
              82.24591049,
              22.17829826
            ],
            [
              82.2458194,
              22.17832386
            ],
            [
              82.24567987,
              22.17836657
            ],
            [
              82.24582491,
              22.17869717
            ],
            [
              82.24605827,
              22.17862632
            ]
          ]
        ]
      },
      "geometry_name": "geom",
      "properties": {
        "gid": 155,
        "objectid": 0,
        "district": "BILASPUR",
        "plot_type": "INDUSTRIAL PURPOSE",
        "total_area": 1000,
        "reservatio": null,
        "plot_munci": "No",
        "corner_plo": "Yes",
        "premium_ba": 14400000,
        "addi_premi": 1440000,
        "total_prem": 1584000,
        "label": null,
        "tot_premiu": 0.0,
        "location": "Selar",
        "remark": null,
        "sector_inf": "BLOCK - E",
        "industrial": "Industrial Area Selar",
        "district_i": "BILASPUR",
        "plotno_inf": "1",
        "uniqueplot": "1",
        "plotactiva": null,
        "plotupdate": null,
        "plot_yesno": "YES",
        "category_i": "INDUSTRIAL PLOT-ALLOTED",
        "quest": null,
        "status_inf": "AVAILABLE",
        "applied_ti": null,
        "alloted_ti": null,
        "allotmentr": null,
        "industri_1": "Industrial Area Selar",
        "industri_2": "Industrial Area Selar",
        "gis_tid": null,
        "st_area_sh": 0.0,
        "st_length_": 0.0,
        "uidv1": "IA-78",
        "status_from_csidc": "AVAILABLE",
        "uid": "IA-78"
      }
    },
    {
      "type": "Feature",
      "id": "csidc_industrial_area_with_plots.fid-23377b7a_19c5672bde0_6f7f",
      "geometry": {
        "type": "Polygon",
        "coordinates": [
          [
            [
              82.5923904,
              23.06535244
            ],
            [
              82.59210145,
              23.06537148
            ],
            [
              82.59211398,
              23.06550685
            ],
            [
              82.59240294,
              23.0654878
            ],
            [
              82.5923904,
              23.06535244
            ]
          ]
        ]
      },
      "geometry_name": "geom",
      "properties": {
        "gid": 156,
        "objectid": 3234,
        "district": "Surajpur",
        "plot_type": "Industrial  Purpose",
        "total_area": 450,
        "reservatio": null,
        "plot_munci": "NO",
        "corner_plo": "NO",
        "premium_ba": 216000,
        "addi_premi": 0.0,
        "total_prem": 216000,
        "label": "D",
        "tot_premiu": 216000,
        "location": "Barbaspur",
        "remark": null,
        "sector_inf": "BLOCK - D",
        "industrial": "SURAJPUR",
        "district_i": "SURAJPUR",
        "plotno_inf": "17",
        "uniqueplot": "17",
        "plotactiva": null,
        "plotupdate": null,
        "plot_yesno": "YES",
        "category_i": "INDUSTRIAL PLOT-ALLOTED",
        "quest": null,
        "status_inf": "AVAILABLE",
        "applied_ti": null,
        "alloted_ti": null,
        "allotmentr": null,
        "industri_1": "INDUSTRIAL AREA BARBASPUR_BLOCK - D",
        "industri_2": "INDUSTRIAL AREA BARBASPUR",
        "gis_tid": null,
        "st_area_sh": 3.9354385e-08,
        "st_length_": 0.000851060781724,
        "uidv1": "IA-584",
        "status_from_csidc": "AVAILABLE",
        "uid": "IA-584"
      }
    },
    {
      "type": "Feature",
      "id": "csidc_industrial_area_with_plots.fid-23377b7a_19c5672bde0_6f80",
      "geometry": {
        "type": "Polygon",
        "coordinates": [
          [
            [
              81.39972106,
              21.23580636
            ],
            [
              81.39964426,
              21.23579287
            ],
            [
              81.39957515,
              21.23611963
            ],
            [
              81.39957246,
              21.23613902
            ],
            [
              81.40006613,
              21.23623492
            ],
            [
              81.40007017,
              21.23621669
            ],
            [
              81.40007256,
              21.23620594
            ],
            [
              81.40014207,
              21.23589001
            ],
            [
              81.39972106,
              21.23580636
            ]
          ]
        ]
      },
      "geometry_name": "geom",
      "properties": {
        "gid": 157,
        "objectid": 1842,
        "district": "DURG",
        "plot_type": "INDUSTRIAL PURPOSE",
        "total_area": 2044.55,
        "reservatio": "NO",
        "plot_munci": "YES",
        "corner_plo": "NO",
        "premium_ba": 1431185,
        "addi_premi": 286237,
        "total_prem": 1717422,
        "label": null,
        "tot_premiu": 1717422,
        "location": "RAIL PARK",
        "remark": "<Null>",
        "sector_inf": "OTHER",
        "industrial": "RAIL PARK",
        "district_i": "DURG",
        "plotno_inf": "16",
        "uniqueplot": "16",
        "plotactiva": "2021-08-15Z",
        "plotupdate": "<Null>",
        "plot_yesno": "YES",
        "category_i": "INDUSTRIAL PLOT-ALLOTED",
        "quest": null,
        "status_inf": "AVAILABLE",
        "applied_ti": null,
        "alloted_ti": null,
        "allotmentr": null,
        "industri_1": "RAIL PARK",
        "industri_2": "RAIL PARK",
        "gis_tid": null,
        "st_area_sh": 1.79036755e-07,
        "st_length_": 0.00171685902269,
        "uidv1": "IA-572",
        "status_from_csidc": "AVAILABLE",
        "uid": "IA-572"
      }
    },
    {
      "type": "Feature",
      "id": "csidc_industrial_area_with_plots.fid-23377b7a_19c5672bde0_6f81",
      "geometry": {
        "type": "Polygon",
        "coordinates": [
          [
            [
              81.78995293,
              21.60472299
            ],
            [
              81.78991542,
              21.60429536
            ],
            [
              81.78962303,
              21.60431995
            ],
            [
              81.78966055,
              21.60474758
            ],
            [
              81.78995293,
              21.60472299
            ]
          ]
        ]
      },
      "geometry_name": "geom",
      "properties": {
        "gid": 158,
        "objectid": 3102,
        "district": "Baloda Bazar - Bhatapara",
        "plot_type": "Industrial  Purpose",
        "total_area": 1500,
        "reservatio": null,
        "plot_munci": "NO",
        "corner_plo": "YES",
        "premium_ba": 1800000,
        "addi_premi": 180000,
        "total_prem": 1980000,
        "label": "B",
        "tot_premiu": 1980000,
        "location": "Kesda",
        "remark": null,
        "sector_inf": "BLOCK - B",
        "industrial": "BALODA BAZAR - BHATAPARA",
        "district_i": "BALODA BAZAR - BHATAPARA",
        "plotno_inf": "17",
        "uniqueplot": "17",
        "plotactiva": null,
        "plotupdate": null,
        "plot_yesno": "YES",
        "category_i": "INDUSTRIAL PLOT-ALLOTED",
        "quest": null,
        "status_inf": "AVAILABLE",
        "applied_ti": null,
        "alloted_ti": null,
        "allotmentr": null,
        "industri_1": "INDUSTRIAL AREA KESDA_BLOCK - B",
        "industri_2": "INDUSTRIAL AREA KESDA",
        "gis_tid": null,
        "st_area_sh": 1.25955554e-07,
        "st_length_": 0.00144537864717,
        "uidv1": "IA-607",
        "status_from_csidc": "AVAILABLE",
        "uid": "IA-607"
      }
    },
    {
      "type": "Feature",
      "id": "csidc_industrial_area_with_plots.fid-23377b7a_19c5672bde0_6f82",
      "geometry": {
        "type": "Polygon",
        "coordinates": [
          [
            [
              81.3584087,
              18.91343115
            ],
            [
              81.35835017,
              18.9134271
            ],
            [
              81.35834581,
              18.91354373
            ],
            [
              81.35840434,
              18.91354778
            ],
            [
              81.3584087,
              18.91343115
            ]
          ]
        ]
      },
      "geometry_name": "geom",
      "properties": {
        "gid": 159,
        "objectid": 1803,
        "district": "Dantewada",
        "plot_type": "INDUSTRIAL PURPOSE",
        "total_area": 0.0,
        "reservatio": null,
        "plot_munci": null,
        "corner_plo": null,
        "premium_ba": 0.0,
        "addi_premi": 0.0,
        "total_prem": 0.0,
        "label": null,
        "tot_premiu": 0.0,
        "location": "Tekanar",
        "remark": null,
        "sector_inf": "Other",
        "industrial": "TEKNAR",
        "district_i": "Dantewada",
        "plotno_inf": "17 A",
        "uniqueplot": null,
        "plotactiva": "2018-01-31Z",
        "plotupdate": null,
        "plot_yesno": "YES",
        "category_i": "INDUSTRIAL PLOT-ALLOTED",
        "quest": null,
        "status_inf": "UNAVAILABLE",
        "applied_ti": null,
        "alloted_ti": null,
        "allotmentr": null,
        "industri_1": null,
        "industri_2": null,
        "gis_tid": null,
        "st_area_sh": 6.843884e-09,
        "st_length_": 0.000350758274852,
        "uidv1": "IA-611",
        "status_from_csidc": null,
        "uid": "IA-611"
      }
    },
    {
      "type": "Feature",
      "id": "csidc_industrial_area_with_plots.fid-23377b7a_19c5672bde0_6f83",
      "geometry": {
        "type": "Polygon",
        "coordinates": [
          [
            [
              81.79030085,
              21.60533128
            ],
            [
              81.79028209,
              21.60511747
            ],
            [
              81.7899897,
              21.60514206
            ],
            [
              81.79000846,
              21.60535587
            ],
            [
              81.79030085,
              21.60533128
            ]
          ]
        ]
      },
      "geometry_name": "geom",
      "properties": {
        "gid": 160,
        "objectid": 3113,
        "district": "Baloda Bazar - Bhatapara",
        "plot_type": "Industrial  Purpose",
        "total_area": 750,
        "reservatio": null,
        "plot_munci": "NO",
        "corner_plo": "NO",
        "premium_ba": 900000,
        "addi_premi": 0.0,
        "total_prem": 900000,
        "label": "E",
        "tot_premiu": 900000,
        "location": "Kesda",
        "remark": null,
        "sector_inf": "BLOCK - E",
        "industrial": "BALODA BAZAR - BHATAPARA",
        "district_i": "BALODA BAZAR - BHATAPARA",
        "plotno_inf": "2",
        "uniqueplot": "2",
        "plotactiva": null,
        "plotupdate": null,
        "plot_yesno": "YES",
        "category_i": "INDUSTRIAL PLOT-ALLOTED",
        "quest": null,
        "status_inf": "AVAILABLE",
        "applied_ti": null,
        "alloted_ti": null,
        "allotmentr": null,
        "industri_1": "INDUSTRIAL AREA KESDA_BLOCK - E",
        "industri_2": "INDUSTRIAL AREA KESDA",
        "gis_tid": null,
        "st_area_sh": 6.2978205e-08,
        "st_length_": 0.00101611430278,
        "uidv1": "IA-720",
        "status_from_csidc": "AVAILABLE",
        "uid": "IA-720"
      }
    },
    {
      "type": "Feature",
      "id": "csidc_industrial_area_with_plots.fid-23377b7a_19c5672bde0_6f84",
      "geometry": {
        "type": "Polygon",
        "coordinates": [
          [
            [
              81.05233924,
              21.22540593
            ],
            [
              81.05154218,
              21.22523033
            ],
            [
              81.05148966,
              21.22548652
            ],
            [
              81.05157307,
              21.22550513
            ],
            [
              81.05180779,
              21.22555752
            ],
            [
              81.05203954,
              21.22560924
            ],
            [
              81.05228775,
              21.22566464
            ],
            [
              81.05233924,
              21.22540593
            ]
          ]
        ]
      },
      "geometry_name": "geom",
      "properties": {
        "gid": 161,
        "objectid": 2863,
        "district": "Rajnandgaon",
        "plot_type": "Industrial  Purpose",
        "total_area": 2125,
        "reservatio": null,
        "plot_munci": "NO",
        "corner_plo": null,
        "premium_ba": 850000,
        "addi_premi": 0.0,
        "total_prem": 850000,
        "label": "E",
        "tot_premiu": 850000,
        "location": "Mahroomkhurd",
        "remark": null,
        "sector_inf": "BLOCK - E",
        "industrial": "RAJNANDGAON",
        "district_i": "RAJNANDGAON",
        "plotno_inf": "14",
        "uniqueplot": "14",
        "plotactiva": null,
        "plotupdate": null,
        "plot_yesno": "YES",
        "category_i": "INDUSTRIAL PLOT-ALLOTED",
        "quest": null,
        "status_inf": "AVAILABLE",
        "applied_ti": null,
        "alloted_ti": null,
        "allotmentr": null,
        "industri_1": "INDUSTRIAL AREA MAHROOMKHURD_BLOCK - E",
        "industri_2": "INDUSTRIAL AREA MAHROOMKHURD",
        "gis_tid": null,
        "st_area_sh": 2.14531475e-07,
        "st_length_": 0.00215919550756,
        "uidv1": "IA-461",
        "status_from_csidc": "AVAILABLE",
        "uid": "IA-461"
      }
    },
    {
      "type": "Feature",
      "id": "csidc_industrial_area_with_plots.fid-23377b7a_19c5672bde0_6f85",
      "geometry": {
        "type": "Polygon",
        "coordinates": [
          [
            [
              81.35836097,
              18.9131384
            ],
            [
              81.35830244,
              18.91313435
            ],
            [
              81.35829808,
              18.91325097
            ],
            [
              81.35835661,
              18.91325503
            ],
            [
              81.35836097,
              18.9131384
            ]
          ]
        ]
      },
      "geometry_name": "geom",
      "properties": {
        "gid": 162,
        "objectid": 1776,
        "district": "Dantewada",
        "plot_type": "INDUSTRIAL PURPOSE",
        "total_area": 0.0,
        "reservatio": null,
        "plot_munci": null,
        "corner_plo": null,
        "premium_ba": 0.0,
        "addi_premi": 0.0,
        "total_prem": 0.0,
        "label": null,
        "tot_premiu": 0.0,
        "location": "Tekanar",
        "remark": null,
        "sector_inf": "Other",
        "industrial": "TEKNAR",
        "district_i": "Dantewada",
        "plotno_inf": "20 B",
        "uniqueplot": null,
        "plotactiva": "2018-01-31Z",
        "plotupdate": null,
        "plot_yesno": "YES",
        "category_i": "INDUSTRIAL PLOT-ALLOTED",
        "quest": null,
        "status_inf": "UNAVAILABLE",
        "applied_ti": null,
        "alloted_ti": null,
        "allotmentr": null,
        "industri_1": null,
        "industri_2": null,
        "gis_tid": null,
        "st_area_sh": 6.843968e-09,
        "st_length_": 0.000350760165332,
        "uidv1": "IA-819",
        "status_from_csidc": null,
        "uid": "IA-819"
      }
    },
    {
      "type": "Feature",
      "id": "csidc_industrial_area_with_plots.fid-23377b7a_19c5672bde0_6f86",
      "geometry": {
        "type": "Polygon",
        "coordinates": [
          [
            [
              81.04796022,
              21.22555013
            ],
            [
              81.04781414,
              21.22552234
            ],
            [
              81.04775746,
              21.22611778
            ],
            [
              81.04790061,
              21.22614621
            ],
            [
              81.04796022,
              21.22555013
            ]
          ]
        ]
      },
      "geometry_name": "geom",
      "properties": {
        "gid": 163,
        "objectid": 2834,
        "district": "Rajnandgaon",
        "plot_type": "Industrial  Purpose",
        "total_area": 900,
        "reservatio": null,
        "plot_munci": "NO",
        "corner_plo": "YES",
        "premium_ba": 360000,
        "addi_premi": 36000,
        "total_prem": 396000,
        "label": "G",
        "tot_premiu": 396000,
        "location": "Mahroomkhurd",
        "remark": null,
        "sector_inf": "BLOCK - G",
        "industrial": "RAJNANDGAON",
        "district_i": "RAJNANDGAON",
        "plotno_inf": "2",
        "uniqueplot": "2",
        "plotactiva": null,
        "plotupdate": null,
        "plot_yesno": "YES",
        "category_i": "INDUSTRIAL PLOT-ALLOTED",
        "quest": null,
        "status_inf": "AVAILABLE",
        "applied_ti": null,
        "alloted_ti": null,
        "allotmentr": null,
        "industri_1": "INDUSTRIAL AREA MAHROOMKHURD_BLOCK - G",
        "industri_2": "INDUSTRIAL AREA MAHROOMKHURD",
        "gis_tid": null,
        "st_area_sh": 8.7787556e-08,
        "st_length_": 0.00149181829002,
        "uidv1": "IA-793",
        "status_from_csidc": "AVAILABLE",
        "uid": "IA-793"
      }
    },
    {
      "type": "Feature",
      "id": "csidc_industrial_area_with_plots.fid-23377b7a_19c5672bde0_6f87",
      "geometry": {
        "type": "Polygon",
        "coordinates": [
          [
            [
              81.75193423,
              21.16881478
            ],
            [
              81.75125327,
              21.16843579
            ],
            [
              81.75056568,
              21.16951165
            ],
            [
              81.75124664,
              21.16989065
            ],
            [
              81.75193423,
              21.16881478
            ]
          ]
        ]
      },
      "geometry_name": "geom",
      "properties": {
        "gid": 164,
        "objectid": 0,
        "district": "RAIPUR",
        "plot_type": "INDUSTRIAL PURPOSE",
        "total_area": 11234,
        "reservatio": null,
        "plot_munci": null,
        "corner_plo": "YES",
        "premium_ba": 25000000,
        "addi_premi": 2500000,
        "total_prem": 27500000,
        "label": null,
        "tot_premiu": 0.0,
        "location": "Sector-22 Nava Raipur Atal Nagar",
        "remark": null,
        "sector_inf": null,
        "industrial": "PHARMACEUTICAL PARK",
        "district_i": "RAIPUR",
        "plotno_inf": "21",
        "uniqueplot": "21",
        "plotactiva": null,
        "plotupdate": null,
        "plot_yesno": "YES",
        "category_i": "INDUSTRIAL PLOT-ALLOTED",
        "quest": null,
        "status_inf": "AVAILABLE",
        "applied_ti": null,
        "alloted_ti": null,
        "allotmentr": null,
        "industri_1": "PHARMACEUTICAL PARK",
        "industri_2": "PHARMACEUTICAL PARK",
        "gis_tid": null,
        "st_area_sh": 0.0,
        "st_length_": 0.0,
        "uidv1": "IA-860",
        "status_from_csidc": "AVAILABLE",
        "uid": "IA-860"
      }
    },
    {
      "type": "Feature",
      "id": "csidc_industrial_area_with_plots.fid-23377b7a_19c5672bde0_6f88",
      "geometry": {
        "type": "Polygon",
        "coordinates": [
          [
            [
              82.5918339,
              23.06436565
            ],
            [
              82.59171052,
              23.06436728
            ],
            [
              82.5916593,
              23.06465006
            ],
            [
              82.59185901,
              23.0646369
            ],
            [
              82.5918339,
              23.06436565
            ]
          ]
        ]
      },
      "geometry_name": "geom",
      "properties": {
        "gid": 165,
        "objectid": 3207,
        "district": "Surajpur",
        "plot_type": "Industrial  Purpose",
        "total_area": 465,
        "reservatio": null,
        "plot_munci": "NO",
        "corner_plo": "NO",
        "premium_ba": 223200,
        "addi_premi": 0.0,
        "total_prem": 223200,
        "label": "D",
        "tot_premiu": 223200,
        "location": "Barbaspur",
        "remark": null,
        "sector_inf": "BLOCK - D",
        "industrial": "SURAJPUR",
        "district_i": "SURAJPUR",
        "plotno_inf": "21",
        "uniqueplot": "21",
        "plotactiva": null,
        "plotupdate": null,
        "plot_yesno": "YES",
        "category_i": "INDUSTRIAL PLOT-ALLOTED",
        "quest": null,
        "status_inf": "AVAILABLE",
        "applied_ti": null,
        "alloted_ti": null,
        "allotmentr": null,
        "industri_1": "INDUSTRIAL AREA BARBASPUR_BLOCK - D",
        "industri_2": "INDUSTRIAL AREA BARBASPUR",
        "gis_tid": null,
        "st_area_sh": 4.4653456e-08,
        "st_length_": 0.00088332296728,
        "uidv1": "IA-864",
        "status_from_csidc": "AVAILABLE",
        "uid": "IA-864"
      }
    },
    {
      "type": "Feature",
      "id": "csidc_industrial_area_with_plots.fid-23377b7a_19c5672bde0_6f89",
      "geometry": {
        "type": "Polygon",
        "coordinates": [
          [
            [
              81.43818388,
              20.38827137
            ],
            [
              81.43778954,
              20.38826804
            ],
            [
              81.43778947,
              20.38849505
            ],
            [
              81.43818381,
              20.38849838
            ],
            [
              81.43818388,
              20.38827137
            ]
          ]
        ]
      },
      "geometry_name": "geom",
      "properties": {
        "gid": 166,
        "objectid": 1554,
        "district": "KANKER",
        "plot_type": "INDUSTRIAL PLOT",
        "total_area": 850,
        "reservatio": "YES",
        "plot_munci": "NO",
        "corner_plo": "YES",
        "premium_ba": 340000,
        "addi_premi": 34000,
        "total_prem": 374000,
        "label": "D",
        "tot_premiu": 374000,
        "location": "LAKHANPURI",
        "remark": null,
        "sector_inf": "BLOCK-D",
        "industrial": "LAKHANPURI",
        "district_i": "KANKER",
        "plotno_inf": "26",
        "uniqueplot": null,
        "plotactiva": "2018-01-31Z",
        "plotupdate": null,
        "plot_yesno": "YES",
        "category_i": "INDUSTRIAL PLOT-ALLOTED",
        "quest": null,
        "status_inf": "AVAILABLE",
        "applied_ti": null,
        "alloted_ti": null,
        "allotmentr": null,
        "industri_1": null,
        "industri_2": null,
        "gis_tid": null,
        "st_area_sh": 8.9520403e-08,
        "st_length_": 0.00124273818216,
        "uidv1": "IA-959",
        "status_from_csidc": "AVAILABLE",
        "uid": "IA-959"
      }
    },
    {
      "type": "Feature",
      "id": "csidc_industrial_area_with_plots.fid-23377b7a_19c5672bde0_6f8a",
      "geometry": {
        "type": "Polygon",
        "coordinates": [
          [
            [
              81.75261519,
              21.16919377
            ],
            [
              81.75193423,
              21.16881478
            ],
            [
              81.75124664,
              21.16989065
            ],
            [
              81.7519276,
              21.17026964
            ],
            [
              81.75261519,
              21.16919377
            ]
          ]
        ]
      },
      "geometry_name": "geom",
      "properties": {
        "gid": 167,
        "objectid": 0,
        "district": "RAIPUR",
        "plot_type": "INDUSTRIAL PURPOSE",
        "total_area": 11234,
        "reservatio": null,
        "plot_munci": null,
        "corner_plo": "YES",
        "premium_ba": 25000000,
        "addi_premi": 2500000,
        "total_prem": 27500000,
        "label": null,
        "tot_premiu": 0.0,
        "location": "Sector-22 Nava Raipur Atal Nagar",
        "remark": null,
        "sector_inf": null,
        "industrial": "PHARMACEUTICAL PARK",
        "district_i": "RAIPUR",
        "plotno_inf": "22",
        "uniqueplot": "22",
        "plotactiva": null,
        "plotupdate": null,
        "plot_yesno": "YES",
        "category_i": "INDUSTRIAL PLOT-ALLOTED",
        "quest": null,
        "status_inf": "AVAILABLE",
        "applied_ti": null,
        "alloted_ti": null,
        "allotmentr": null,
        "industri_1": "PHARMACEUTICAL PARK",
        "industri_2": "PHARMACEUTICAL PARK",
        "gis_tid": null,
        "st_area_sh": 0.0,
        "st_length_": 0.0,
        "uidv1": "IA-879",
        "status_from_csidc": "AVAILABLE",
        "uid": "IA-879"
      }
    },
    {
      "type": "Feature",
      "id": "csidc_industrial_area_with_plots.fid-23377b7a_19c5672bde0_6f8b",
      "geometry": {
        "type": "Polygon",
        "coordinates": [
          [
            [
              81.79502548,
              21.21012778
            ],
            [
              81.79490547,
              21.20979536
            ],
            [
              81.79450245,
              21.20992986
            ],
            [
              81.79462246,
              21.21026228
            ],
            [
              81.79502548,
              21.21012778
            ]
          ]
        ]
      },
      "geometry_name": "geom",
      "properties": {
        "gid": 168,
        "objectid": 0,
        "district": "RAIPUR",
        "plot_type": "INDUSTRIAL PURPOSE",
        "total_area": 1470,
        "reservatio": null,
        "plot_munci": null,
        "corner_plo": "YES",
        "premium_ba": 25000000,
        "addi_premi": 2500000,
        "total_prem": 27500000,
        "label": null,
        "tot_premiu": 0.0,
        "location": "Sector-5 Nava Raipur Atal Nagar",
        "remark": null,
        "sector_inf": null,
        "industrial": "READYMADE GARMENTS PARK",
        "district_i": "RAIPUR",
        "plotno_inf": "22",
        "uniqueplot": "22",
        "plotactiva": null,
        "plotupdate": null,
        "plot_yesno": "YES",
        "category_i": "INDUSTRIAL PLOT-ALLOTED",
        "quest": null,
        "status_inf": "AVAILABLE",
        "applied_ti": null,
        "alloted_ti": null,
        "allotmentr": null,
        "industri_1": "READYMADE GARMENTS PARK",
        "industri_2": "READYMADE GARMENTS PARK",
        "gis_tid": null,
        "st_area_sh": 0.0,
        "st_length_": 0.0,
        "uidv1": "IA-880",
        "status_from_csidc": "AVAILABLE",
        "uid": "IA-880"
      }
    },
    {
      "type": "Feature",
      "id": "csidc_industrial_area_with_plots.fid-23377b7a_19c5672bde0_6f8c",
      "geometry": {
        "type": "Polygon",
        "coordinates": [
          [
            [
              81.93136053,
              21.92784948
            ],
            [
              81.93123782,
              21.92765518
            ],
            [
              81.93103305,
              21.92777151
            ],
            [
              81.9311497,
              21.92796479
            ],
            [
              81.93136053,
              21.92784948
            ]
          ]
        ]
      },
      "geometry_name": "geom",
      "properties": {
        "gid": 169,
        "objectid": 3201,
        "district": "Mungeli",
        "plot_type": "Industrial  Purpose",
        "total_area": 612.5,
        "reservatio": null,
        "plot_munci": "NO",
        "corner_plo": "YES",
        "premium_ba": 245000,
        "addi_premi": 24500,
        "total_prem": 269500,
        "label": "D",
        "tot_premiu": 269500,
        "location": "Hathkera-Bidbida",
        "remark": null,
        "sector_inf": "BLOCK - D",
        "industrial": "MUNGELI",
        "district_i": "MUNGELI",
        "plotno_inf": "21",
        "uniqueplot": "21",
        "plotactiva": null,
        "plotupdate": null,
        "plot_yesno": "YES",
        "category_i": "INDUSTRIAL PLOT-ALLOTED",
        "quest": null,
        "status_inf": "AVAILABLE",
        "applied_ti": null,
        "alloted_ti": null,
        "allotmentr": null,
        "industri_1": "INDUSTRIAL AREA HATHKERA-BIDBIDA_BLOCK - D",
        "industri_2": "INDUSTRIAL AREA HATHKERA-BIDBIDA",
        "gis_tid": null,
        "st_area_sh": 5.4129047e-08,
        "st_length_": 0.000931351466997,
        "uidv1": "IA-867",
        "status_from_csidc": "AVAILABLE",
        "uid": "IA-867"
      }
    },
    {
      "type": "Feature",
      "id": "csidc_industrial_area_with_plots.fid-23377b7a_19c5672bde0_6f8d",
      "geometry": {
        "type": "Polygon",
        "coordinates": [
          [
            [
              83.17561469,
              23.1043157
            ],
            [
              83.17537279,
              23.10415789
            ],
            [
              83.17521666,
              23.10436446
            ],
            [
              83.17521497,
              23.10436719
            ],
            [
              83.17521444,
              23.10436853
            ],
            [
              83.17521381,
              23.10437014
            ],
            [
              83.17521364,
              23.10437109
            ],
            [
              83.17521324,
              23.10437325
            ],
            [
              83.17521326,
              23.10437641
            ],
            [
              83.17521331,
              23.10437666
            ],
            [
              83.17521353,
              23.1043778
            ],
            [
              83.17521356,
              23.10437794
            ],
            [
              83.1752136,
              23.10437813
            ],
            [
              83.17521387,
              23.10437952
            ],
            [
              83.17521506,
              23.1043825
            ],
            [
              83.17521679,
              23.10438525
            ],
            [
              83.175219,
              23.10438769
            ],
            [
              83.17522163,
              23.10438974
            ],
            [
              83.17544741,
              23.10453704
            ],
            [
              83.17561469,
              23.1043157
            ]
          ]
        ]
      },
      "geometry_name": "geom",
      "properties": {
        "gid": 170,
        "objectid": 1404,
        "district": "SURGUJA",
        "plot_type": "Industrial  Purpose",
        "total_area": 900,
        "reservatio": "RESERVED",
        "plot_munci": "NO",
        "corner_plo": "YES",
        "premium_ba": 0.0,
        "addi_premi": 36000,
        "total_prem": 396000,
        "label": null,
        "tot_premiu": 360000,
        "location": null,
        "remark": null,
        "sector_inf": "BLOCK B",
        "industrial": "GANGAPUR KHURD",
        "district_i": "SURGUJA",
        "plotno_inf": "10",
        "uniqueplot": "10",
        "plotactiva": "2018-01-31Z",
        "plotupdate": null,
        "plot_yesno": "YES",
        "category_i": "INDUSTRIAL PLOT-ALLOTED",
        "quest": "OK",
        "status_inf": "ALLOTTED",
        "applied_ti": null,
        "alloted_ti": null,
        "allotmentr": null,
        "industri_1": "GANGAPUR KHURD__BLOCK B",
        "industri_2": "GANGAPUR KHURD AMBIKAPUR",
        "gis_tid": null,
        "st_area_sh": 7.9863633e-08,
        "st_length_": 0.0011237393388,
        "uidv1": "IA-159",
        "status_from_csidc": "ALLOTTED",
        "uid": "IA-159"
      }
    },
    {
      "type": "Feature",
      "id": "csidc_industrial_area_with_plots.fid-23377b7a_19c5672bde0_6f8e",
      "geometry": {
        "type": "Polygon",
        "coordinates": [
          [
            [
              81.78812351,
              21.60334326
            ],
            [
              81.78810851,
              21.60317221
            ],
            [
              81.78766993,
              21.60320909
            ],
            [
              81.78768493,
              21.60338014
            ],
            [
              81.78812351,
              21.60334326
            ]
          ]
        ]
      },
      "geometry_name": "geom",
      "properties": {
        "gid": 171,
        "objectid": 3061,
        "district": "Baloda Bazar - Bhatapara",
        "plot_type": "Industrial  Purpose",
        "total_area": 900,
        "reservatio": null,
        "plot_munci": "NO",
        "corner_plo": "NO",
        "premium_ba": 1080000,
        "addi_premi": 0.0,
        "total_prem": 1080000,
        "label": "C",
        "tot_premiu": 1080000,
        "location": "Kesda",
        "remark": null,
        "sector_inf": "BLOCK - C",
        "industrial": "BALODA BAZAR - BHATAPARA",
        "district_i": "BALODA BAZAR - BHATAPARA",
        "plotno_inf": "21",
        "uniqueplot": "21",
        "plotactiva": null,
        "plotupdate": null,
        "plot_yesno": "YES",
        "category_i": "INDUSTRIAL PLOT-ALLOTED",
        "quest": null,
        "status_inf": "AVAILABLE",
        "applied_ti": null,
        "alloted_ti": null,
        "allotmentr": null,
        "industri_1": "INDUSTRIAL AREA KESDA_BLOCK - C",
        "industri_2": "INDUSTRIAL AREA KESDA",
        "gis_tid": null,
        "st_area_sh": 7.5572787e-08,
        "st_length_": 0.00122367150851,
        "uidv1": "IA-868",
        "status_from_csidc": "AVAILABLE",
        "uid": "IA-868"
      }
    },
    {
      "type": "Feature",
      "id": "csidc_industrial_area_with_plots.fid-23377b7a_19c5672bde0_6f8f",
      "geometry": {
        "type": "Polygon",
        "coordinates": [
          [
            [
              81.84635507,
              21.57252746
            ],
            [
              81.84635286,
              21.57230162
            ],
            [
              81.84596655,
              21.57230492
            ],
            [
              81.84596876,
              21.57253077
            ],
            [
              81.84635507,
              21.57252746
            ]
          ]
        ]
      },
      "geometry_name": "geom",
      "properties": {
        "gid": 172,
        "objectid": 3032,
        "district": "Raipur",
        "plot_type": "Industrial  Purpose",
        "total_area": 1000,
        "reservatio": null,
        "plot_munci": "NO",
        "corner_plo": "YES",
        "premium_ba": 1200000,
        "addi_premi": 120000,
        "total_prem": 1320000,
        "label": null,
        "tot_premiu": 1320000,
        "location": "Khapri Khurd",
        "remark": null,
        "sector_inf": "BLOCK -",
        "industrial": "RAIPUR",
        "district_i": "RAIPUR",
        "plotno_inf": "21",
        "uniqueplot": "21",
        "plotactiva": null,
        "plotupdate": null,
        "plot_yesno": "YES",
        "category_i": "INDUSTRIAL PLOT-ALLOTED",
        "quest": null,
        "status_inf": "AVAILABLE",
        "applied_ti": null,
        "alloted_ti": null,
        "allotmentr": null,
        "industri_1": "INDUSTRIAL AREA KHAPRI KHURD_BLOCK -",
        "industri_2": "INDUSTRIAL AREA KHAPRI KHURD",
        "gis_tid": null,
        "st_area_sh": 8.7255188e-08,
        "st_length_": 0.00122437496073,
        "uidv1": "IA-869",
        "status_from_csidc": "AVAILABLE",
        "uid": "IA-869"
      }
    },
    {
      "type": "Feature",
      "id": "csidc_industrial_area_with_plots.fid-23377b7a_19c5672bde0_6f90",
      "geometry": {
        "type": "Polygon",
        "coordinates": [
          [
            [
              81.35725376,
              18.91362071
            ],
            [
              81.35726073,
              18.91361963
            ],
            [
              81.35728923,
              18.91294726
            ],
            [
              81.35712632,
              18.91293598
            ],
            [
              81.35700136,
              18.91292776
            ],
            [
              81.35697256,
              18.91360709
            ],
            [
              81.35723723,
              18.91362878
            ],
            [
              81.35725376,
              18.91362071
            ]
          ]
        ]
      },
      "geometry_name": "geom",
      "properties": {
        "gid": 173,
        "objectid": 1802,
        "district": "Dantewada",
        "plot_type": "INDUSTRIAL PURPOSE",
        "total_area": 0.0,
        "reservatio": "YES",
        "plot_munci": "NO",
        "corner_plo": "NO",
        "premium_ba": 509220,
        "addi_premi": 0.0,
        "total_prem": 509220,
        "label": null,
        "tot_premiu": 509220,
        "location": "Tekanar",
        "remark": null,
        "sector_inf": "Other",
        "industrial": "TEKNAR",
        "district_i": "Dantewada",
        "plotno_inf": "14",
        "uniqueplot": null,
        "plotactiva": "2018-01-31Z",
        "plotupdate": null,
        "plot_yesno": "YES",
        "category_i": "INDUSTRIAL PLOT-ALLOTED",
        "quest": null,
        "status_inf": "AVAILABLE",
        "applied_ti": null,
        "alloted_ti": null,
        "allotmentr": null,
        "industri_1": null,
        "industri_2": null,
        "gis_tid": null,
        "st_area_sh": 1.96599471e-07,
        "st_length_": 0.00193244653017,
        "uidv1": "IA-459",
        "status_from_csidc": "AVAILABLE",
        "uid": "IA-459"
      }
    },
    {
      "type": "Feature",
      "id": "csidc_industrial_area_with_plots.fid-23377b7a_19c5672bde0_6f91",
      "geometry": {
        "type": "Polygon",
        "coordinates": [
          [
            [
              81.83773545,
              22.07855234
            ],
            [
              81.83754303,
              22.07857422
            ],
            [
              81.83757824,
              22.07884323
            ],
            [
              81.83777066,
              22.07882135
            ],
            [
              81.83773545,
              22.07855234
            ]
          ]
        ]
      },
      "geometry_name": "geom",
      "properties": {
        "gid": 174,
        "objectid": 1946,
        "district": "MUNGELI",
        "plot_type": "INDUSTRIAL PLOT",
        "total_area": 600,
        "reservatio": "UNRESERVED",
        "plot_munci": "NO",
        "corner_plo": "NO",
        "premium_ba": 168000,
        "addi_premi": 0.0,
        "total_prem": 168000,
        "label": "B",
        "tot_premiu": 0.0,
        "location": "KHAMARIA",
        "remark": null,
        "sector_inf": "Block-B",
        "industrial": "KHAMARIA INDUSTRIAL AREA",
        "district_i": "MUNGELI",
        "plotno_inf": "46",
        "uniqueplot": "46",
        "plotactiva": "2023-07-31Z",
        "plotupdate": null,
        "plot_yesno": "YES",
        "category_i": "INDUSTRIAL PLOT-ALLOTED",
        "quest": "OK",
        "status_inf": "UNAVAILABLE",
        "applied_ti": null,
        "alloted_ti": null,
        "allotmentr": null,
        "industri_1": "KHAMARIA INDUSTRIAL AREA_Block-B",
        "industri_2": "KHAMARIA INDUSTRIAL AREA",
        "gis_tid": null,
        "st_area_sh": 5.2534931e-08,
        "st_length_": 0.00092994412781,
        "uidv1": "IA-1375",
        "status_from_csidc": null,
        "uid": "IA-1375"
      }
    },
    {
      "type": "Feature",
      "id": "csidc_industrial_area_with_plots.fid-23377b7a_19c5672bde0_6f92",
      "geometry": {
        "type": "Polygon",
        "coordinates": [
          [
            [
              82.90984765,
              22.97994231
            ],
            [
              82.90984304,
              22.9797614
            ],
            [
              82.90969509,
              22.97976087
            ],
            [
              82.90969878,
              22.9799056
            ],
            [
              82.90969954,
              22.97991188
            ],
            [
              82.90970147,
              22.97991798
            ],
            [
              82.90970453,
              22.97992371
            ],
            [
              82.9097086,
              22.97992889
            ],
            [
              82.90971358,
              22.97993336
            ],
            [
              82.9097193,
              22.979937
            ],
            [
              82.90972561,
              22.97993969
            ],
            [
              82.90973229,
              22.97994135
            ],
            [
              82.90973916,
              22.97994192
            ],
            [
              82.90984765,
              22.97994231
            ]
          ]
        ]
      },
      "geometry_name": "geom",
      "properties": {
        "gid": 175,
        "objectid": 2925,
        "district": "Sarguja",
        "plot_type": "Industrial  Purpose",
        "total_area": 300,
        "reservatio": null,
        "plot_munci": "NO",
        "corner_plo": "YES",
        "premium_ba": 144000,
        "addi_premi": 14400,
        "total_prem": 158400,
        "label": "D",
        "tot_premiu": 158400,
        "location": "Rikhi",
        "remark": null,
        "sector_inf": "BLOCK - D",
        "industrial": "SARGUJA",
        "district_i": "SARGUJA",
        "plotno_inf": "06",
        "uniqueplot": "06",
        "plotactiva": null,
        "plotupdate": null,
        "plot_yesno": "YES",
        "category_i": "INDUSTRIAL PLOT-ALLOTED",
        "quest": null,
        "status_inf": "AVAILABLE",
        "applied_ti": null,
        "alloted_ti": null,
        "allotmentr": null,
        "industri_1": "INDUSTRIAL AREA RIKHI_BLOCK - D",
        "industri_2": "INDUSTRIAL AREA RIKHI",
        "gis_tid": null,
        "st_area_sh": 2.6452049e-08,
        "st_length_": 0.000642115719496,
        "uidv1": "IA-29",
        "status_from_csidc": "AVAILABLE",
        "uid": "IA-29"
      }
    },
    {
      "type": "Feature",
      "id": "csidc_industrial_area_with_plots.fid-23377b7a_19c5672bde0_6f93",
      "geometry": {
        "type": "Polygon",
        "coordinates": [
          [
            [
              81.84855328,
              21.57212026
            ],
            [
              81.84854974,
              21.57175891
            ],
            [
              81.84830829,
              21.57176097
            ],
            [
              81.84831183,
              21.57212232
            ],
            [
              81.84855328,
              21.57212026
            ]
          ]
        ]
      },
      "geometry_name": "geom",
      "properties": {
        "gid": 176,
        "objectid": 3018,
        "district": "Raipur",
        "plot_type": "Industrial  Purpose",
        "total_area": 1000,
        "reservatio": null,
        "plot_munci": "NO",
        "corner_plo": "NO",
        "premium_ba": 1200000,
        "addi_premi": 0.0,
        "total_prem": 1200000,
        "label": null,
        "tot_premiu": 1200000,
        "location": "Khapri Khurd",
        "remark": null,
        "sector_inf": "BLOCK -",
        "industrial": "RAIPUR",
        "district_i": "RAIPUR",
        "plotno_inf": "05",
        "uniqueplot": "05",
        "plotactiva": null,
        "plotupdate": null,
        "plot_yesno": "YES",
        "category_i": "INDUSTRIAL PLOT-ALLOTED",
        "quest": null,
        "status_inf": "AVAILABLE",
        "applied_ti": null,
        "alloted_ti": null,
        "allotmentr": null,
        "industri_1": "INDUSTRIAL AREA KHAPRI KHURD_BLOCK -",
        "industri_2": "INDUSTRIAL AREA KHAPRI KHURD",
        "gis_tid": null,
        "st_area_sh": 8.7255199e-08,
        "st_length_": 0.00120565332027,
        "uidv1": "IA-25",
        "status_from_csidc": "AVAILABLE",
        "uid": "IA-25"
      }
    },
    {
      "type": "Feature",
      "id": "csidc_industrial_area_with_plots.fid-23377b7a_19c5672bde0_6f94",
      "geometry": {
        "type": "Polygon",
        "coordinates": [
          [
            [
              83.85472963,
              22.5186238
            ],
            [
              83.85480905,
              22.5182461
            ],
            [
              83.85463004,
              22.51821453
            ],
            [
              83.85454744,
              22.51860734
            ],
            [
              83.85471729,
              22.51862712
            ],
            [
              83.85472963,
              22.5186238
            ]
          ]
        ]
      },
      "geometry_name": "geom",
      "properties": {
        "gid": 177,
        "objectid": 0,
        "district": "JASPUR",
        "plot_type": "INDUSTRIAL PURPOSE",
        "total_area": 0.0,
        "reservatio": null,
        "plot_munci": "0",
        "corner_plo": "0",
        "premium_ba": 0.0,
        "addi_premi": 0.0,
        "total_prem": 0.0,
        "label": null,
        "tot_premiu": 0.0,
        "location": "Farshabahar Jaspur",
        "remark": null,
        "sector_inf": null,
        "industrial": "Farshabahar Industrial Area and Food Park",
        "district_i": "JASPUR",
        "plotno_inf": "31",
        "uniqueplot": "31",
        "plotactiva": null,
        "plotupdate": null,
        "plot_yesno": "YES",
        "category_i": "INDUSTRIAL PLOT - AVAILABLE",
        "quest": null,
        "status_inf": "AVAILABLE",
        "applied_ti": null,
        "alloted_ti": null,
        "allotmentr": null,
        "industri_1": "Food Park Farshabahar",
        "industri_2": "Food Park Farshabahar",
        "gis_tid": null,
        "st_area_sh": 0.0,
        "st_length_": 0.0,
        "uidv1": "IA-2235",
        "status_from_csidc": "AVAILABLE",
        "uid": "IA-2235"
      }
    },
    {
      "type": "Feature",
      "id": "csidc_industrial_area_with_plots.fid-23377b7a_19c5672bde0_6f95",
      "geometry": {
        "type": "Polygon",
        "coordinates": [
          [
            [
              83.85445103,
              22.51818297
            ],
            [
              83.85427203,
              22.5181514
            ],
            [
              83.85419632,
              22.51851139
            ],
            [
              83.85436828,
              22.51857648
            ],
            [
              83.85445103,
              22.51818297
            ]
          ]
        ]
      },
      "geometry_name": "geom",
      "properties": {
        "gid": 178,
        "objectid": 0,
        "district": "JASPUR",
        "plot_type": "INDUSTRIAL PURPOSE",
        "total_area": 0.0,
        "reservatio": null,
        "plot_munci": "0",
        "corner_plo": "0",
        "premium_ba": 0.0,
        "addi_premi": 0.0,
        "total_prem": 0.0,
        "label": null,
        "tot_premiu": 0.0,
        "location": "Farshabahar Jaspur",
        "remark": null,
        "sector_inf": null,
        "industrial": "Farshabahar Industrial Area and Food Park",
        "district_i": "JASPUR",
        "plotno_inf": "33",
        "uniqueplot": "33",
        "plotactiva": null,
        "plotupdate": null,
        "plot_yesno": "YES",
        "category_i": "INDUSTRIAL PLOT - AVAILABLE",
        "quest": null,
        "status_inf": "AVAILABLE",
        "applied_ti": null,
        "alloted_ti": null,
        "allotmentr": null,
        "industri_1": "Food Park Farshabahar",
        "industri_2": "Food Park Farshabahar",
        "gis_tid": null,
        "st_area_sh": 0.0,
        "st_length_": 0.0,
        "uidv1": "IA-2237",
        "status_from_csidc": "AVAILABLE",
        "uid": "IA-2237"
      }
    },
    {
      "type": "Feature",
      "id": "csidc_industrial_area_with_plots.fid-23377b7a_19c5672bde0_6f96",
      "geometry": {
        "type": "Polygon",
        "coordinates": [
          [
            [
              81.84807038,
              21.57212438
            ],
            [
              81.84806684,
              21.57176303
            ],
            [
              81.84782468,
              21.5717651
            ],
            [
              81.84782894,
              21.57212644
            ],
            [
              81.84807038,
              21.57212438
            ]
          ]
        ]
      },
      "geometry_name": "geom",
      "properties": {
        "gid": 179,
        "objectid": 3020,
        "district": "Raipur",
        "plot_type": "Industrial  Purpose",
        "total_area": 1000,
        "reservatio": null,
        "plot_munci": "NO",
        "corner_plo": "NO",
        "premium_ba": 1200000,
        "addi_premi": 0.0,
        "total_prem": 1200000,
        "label": null,
        "tot_premiu": 1200000,
        "location": "Khapri Khurd",
        "remark": null,
        "sector_inf": "BLOCK -",
        "industrial": "RAIPUR",
        "district_i": "RAIPUR",
        "plotno_inf": "07",
        "uniqueplot": "07",
        "plotactiva": null,
        "plotupdate": null,
        "plot_yesno": "YES",
        "category_i": "INDUSTRIAL PLOT-ALLOTED",
        "quest": null,
        "status_inf": "AVAILABLE",
        "applied_ti": null,
        "alloted_ti": null,
        "allotmentr": null,
        "industri_1": "INDUSTRIAL AREA KHAPRI KHURD_BLOCK -",
        "industri_2": "INDUSTRIAL AREA KHAPRI KHURD",
        "gis_tid": null,
        "st_area_sh": 8.7384529e-08,
        "st_length_": 0.00120637008234,
        "uidv1": "IA-35",
        "status_from_csidc": "AVAILABLE",
        "uid": "IA-35"
      }
    },
    {
      "type": "Feature",
      "id": "csidc_industrial_area_with_plots.fid-23377b7a_19c5672bde0_6f97",
      "geometry": {
        "type": "Polygon",
        "coordinates": [
          [
            [
              82.91012237,
              22.98104676
            ],
            [
              82.91011707,
              22.98083871
            ],
            [
              82.9099198,
              22.980838
            ],
            [
              82.9099251,
              22.98104605
            ],
            [
              82.91012237,
              22.98104676
            ]
          ]
        ]
      },
      "geometry_name": "geom",
      "properties": {
        "gid": 180,
        "objectid": 2944,
        "district": "Sarguja",
        "plot_type": "Industrial  Purpose",
        "total_area": 460,
        "reservatio": null,
        "plot_munci": "NO",
        "corner_plo": "NO",
        "premium_ba": 220800,
        "addi_premi": 0.0,
        "total_prem": 220800,
        "label": "E",
        "tot_premiu": 220800,
        "location": "Rikhi",
        "remark": null,
        "sector_inf": "BLOCK - E",
        "industrial": "SARGUJA",
        "district_i": "SARGUJA",
        "plotno_inf": "07",
        "uniqueplot": "07",
        "plotactiva": null,
        "plotupdate": null,
        "plot_yesno": "YES",
        "category_i": "INDUSTRIAL PLOT-ALLOTED",
        "quest": null,
        "status_inf": "ALLOTTED",
        "applied_ti": null,
        "alloted_ti": null,
        "allotmentr": null,
        "industri_1": "INDUSTRIAL AREA RIKHI_BLOCK - E",
        "industri_2": "INDUSTRIAL AREA RIKHI",
        "gis_tid": null,
        "st_area_sh": 4.1038499e-08,
        "st_length_": 0.000810779688822,
        "uidv1": "IA-36",
        "status_from_csidc": "ALLOTTED",
        "uid": "IA-36"
      }
    },
    {
      "type": "Feature",
      "id": "csidc_industrial_area_with_plots.fid-23377b7a_19c5672bde0_6f98",
      "geometry": {
        "type": "Polygon",
        "coordinates": [
          [
            [
              82.91031965,
              22.98104746
            ],
            [
              82.91031434,
              22.98083942
            ],
            [
              82.91011707,
              22.98083871
            ],
            [
              82.91012237,
              22.98104676
            ],
            [
              82.91031965,
              22.98104746
            ]
          ]
        ]
      },
      "geometry_name": "geom",
      "properties": {
        "gid": 181,
        "objectid": 2943,
        "district": "Sarguja",
        "plot_type": "Industrial  Purpose",
        "total_area": 460,
        "reservatio": null,
        "plot_munci": "NO",
        "corner_plo": "NO",
        "premium_ba": 220800,
        "addi_premi": 0.0,
        "total_prem": 220800,
        "label": "E",
        "tot_premiu": 220800,
        "location": "Rikhi",
        "remark": null,
        "sector_inf": "BLOCK - E",
        "industrial": "SARGUJA",
        "district_i": "SARGUJA",
        "plotno_inf": "08",
        "uniqueplot": "08",
        "plotactiva": null,
        "plotupdate": null,
        "plot_yesno": "YES",
        "category_i": "INDUSTRIAL PLOT-ALLOTED",
        "quest": null,
        "status_inf": "ALLOTTED",
        "applied_ti": null,
        "alloted_ti": null,
        "allotmentr": null,
        "industri_1": "INDUSTRIAL AREA RIKHI_BLOCK - E",
        "industri_2": "INDUSTRIAL AREA RIKHI",
        "gis_tid": null,
        "st_area_sh": 4.1038499e-08,
        "st_length_": 0.000810779688822,
        "uidv1": "IA-38",
        "status_from_csidc": "ALLOTTED",
        "uid": "IA-38"
      }
    },
    {
      "type": "Feature",
      "id": "csidc_industrial_area_with_plots.fid-23377b7a_19c5672bde0_6f99",
      "geometry": {
        "type": "Polygon",
        "coordinates": [
          [
            [
              82.91051692,
              22.98104817
            ],
            [
              82.91051162,
              22.98084012
            ],
            [
              82.91031434,
              22.98083942
            ],
            [
              82.91031965,
              22.98104746
            ],
            [
              82.91051692,
              22.98104817
            ]
          ]
        ]
      },
      "geometry_name": "geom",
      "properties": {
        "gid": 182,
        "objectid": 2942,
        "district": "Sarguja",
        "plot_type": "Industrial  Purpose",
        "total_area": 460,
        "reservatio": null,
        "plot_munci": "NO",
        "corner_plo": "NO",
        "premium_ba": 220800,
        "addi_premi": 0.0,
        "total_prem": 220800,
        "label": "E",
        "tot_premiu": 220800,
        "location": "Rikhi",
        "remark": null,
        "sector_inf": "BLOCK - E",
        "industrial": "SARGUJA",
        "district_i": "SARGUJA",
        "plotno_inf": "09",
        "uniqueplot": "09",
        "plotactiva": null,
        "plotupdate": null,
        "plot_yesno": "YES",
        "category_i": "INDUSTRIAL PLOT-ALLOTED",
        "quest": null,
        "status_inf": "ALLOTTED",
        "applied_ti": null,
        "alloted_ti": null,
        "allotmentr": null,
        "industri_1": "INDUSTRIAL AREA RIKHI_BLOCK - E",
        "industri_2": "INDUSTRIAL AREA RIKHI",
        "gis_tid": null,
        "st_area_sh": 4.10386e-08,
        "st_length_": 0.000810780684911,
        "uidv1": "IA-43",
        "status_from_csidc": "ALLOTTED",
        "uid": "IA-43"
      }
    },
    {
      "type": "Feature",
      "id": "csidc_industrial_area_with_plots.fid-23377b7a_19c5672bde0_6f9a",
      "geometry": {
        "type": "Polygon",
        "coordinates": [
          [
            [
              82.25207335,
              22.17569327
            ],
            [
              82.2519976,
              22.17552806
            ],
            [
              82.25176492,
              22.1755997
            ],
            [
              82.25184092,
              22.1757638
            ],
            [
              82.25207335,
              22.17569327
            ]
          ]
        ]
      },
      "geometry_name": "geom",
      "properties": {
        "gid": 183,
        "objectid": 0,
        "district": "BILASPUR",
        "plot_type": "INDUSTRIAL PURPOSE",
        "total_area": 500,
        "reservatio": null,
        "plot_munci": "No",
        "corner_plo": "Yes",
        "premium_ba": 14400000,
        "addi_premi": 1440000,
        "total_prem": 792000,
        "label": null,
        "tot_premiu": 0.0,
        "location": "Selar",
        "remark": null,
        "sector_inf": "BLOCK - L",
        "industrial": "Industrial Area Selar",
        "district_i": "BILASPUR",
        "plotno_inf": "1",
        "uniqueplot": "1",
        "plotactiva": null,
        "plotupdate": null,
        "plot_yesno": "YES",
        "category_i": "INDUSTRIAL PLOT-ALLOTED",
        "quest": null,
        "status_inf": "AVAILABLE",
        "applied_ti": null,
        "alloted_ti": null,
        "allotmentr": null,
        "industri_1": "Industrial Area Selar",
        "industri_2": "Industrial Area Selar",
        "gis_tid": null,
        "st_area_sh": 0.0,
        "st_length_": 0.0,
        "uidv1": "IA-45",
        "status_from_csidc": "AVAILABLE",
        "uid": "IA-45"
      }
    },
    {
      "type": "Feature",
      "id": "csidc_industrial_area_with_plots.fid-23377b7a_19c5672bde0_6f9b",
      "geometry": {
        "type": "Polygon",
        "coordinates": [
          [
            [
              82.91029151,
              22.9799439
            ],
            [
              82.9102869,
              22.97976299
            ],
            [
              82.91013895,
              22.97976246
            ],
            [
              82.91014356,
              22.97994337
            ],
            [
              82.91029151,
              22.9799439
            ]
          ]
        ]
      },
      "geometry_name": "geom",
      "properties": {
        "gid": 184,
        "objectid": 2922,
        "district": "Sarguja",
        "plot_type": "Industrial  Purpose",
        "total_area": 300,
        "reservatio": null,
        "plot_munci": "NO",
        "corner_plo": "NO",
        "premium_ba": 144000,
        "addi_premi": 0.0,
        "total_prem": 144000,
        "label": "D",
        "tot_premiu": 144000,
        "location": "Rikhi",
        "remark": null,
        "sector_inf": "BLOCK - D",
        "industrial": "SARGUJA",
        "district_i": "SARGUJA",
        "plotno_inf": "09",
        "uniqueplot": "09",
        "plotactiva": null,
        "plotupdate": null,
        "plot_yesno": "YES",
        "category_i": "INDUSTRIAL PLOT-ALLOTED",
        "quest": null,
        "status_inf": "AVAILABLE",
        "applied_ti": null,
        "alloted_ti": null,
        "allotmentr": null,
        "industri_1": "INDUSTRIAL AREA RIKHI_BLOCK - D",
        "industri_2": "INDUSTRIAL AREA RIKHI",
        "gis_tid": null,
        "st_area_sh": 2.6764025e-08,
        "st_length_": 0.000657849409661,
        "uidv1": "IA-41",
        "status_from_csidc": "AVAILABLE",
        "uid": "IA-41"
      }
    },
    {
      "type": "Feature",
      "id": "csidc_industrial_area_with_plots.fid-23377b7a_19c5672bde0_6f9c",
      "geometry": {
        "type": "Polygon",
        "coordinates": [
          [
            [
              83.49725705,
              21.86999863
            ],
            [
              83.49722244,
              21.87028692
            ],
            [
              83.49762741,
              21.87032334
            ],
            [
              83.49766535,
              21.87003928
            ],
            [
              83.49739422,
              21.87000973
            ],
            [
              83.49725705,
              21.86999863
            ]
          ]
        ]
      },
      "geometry_name": "geom",
      "properties": {
        "gid": 185,
        "objectid": 3670,
        "district": "RAIGARH",
        "plot_type": "Industrial  Purpose",
        "total_area": 880,
        "reservatio": null,
        "plot_munci": "No.",
        "corner_plo": "No",
        "premium_ba": 0.0,
        "addi_premi": 0.0,
        "total_prem": 12000000,
        "label": null,
        "tot_premiu": 12000000,
        "location": "SIYARPALI-MAHUAPALI",
        "remark": null,
        "sector_inf": null,
        "industrial": "INDUSTRIAL AREA SIYARPALI-MAHUAPALI",
        "district_i": "RAIGARH",
        "plotno_inf": "32",
        "uniqueplot": "32",
        "plotactiva": "1899-12-29Z",
        "plotupdate": null,
        "plot_yesno": "YES",
        "category_i": "INDUSTRIAL PLOT-ALLOTED",
        "quest": null,
        "status_inf": "AVAILABLE",
        "applied_ti": "1899-12-29Z",
        "alloted_ti": "1899-12-29Z",
        "allotmentr": null,
        "industri_1": "INDUSTRIAL AREA SIYARPALI-MAHUAPALI",
        "industri_2": "INDUSTRIAL AREA SIYARPALI-MAHUAPALI",
        "gis_tid": null,
        "st_area_sh": 1.18284784e-07,
        "st_length_": 0.00139387736383,
        "uidv1": "IA-1135",
        "status_from_csidc": "AVAILABLE",
        "uid": "IA-1135"
      }
    },
    {
      "type": "Feature",
      "id": "csidc_industrial_area_with_plots.fid-23377b7a_19c5672bde0_6f9d",
      "geometry": {
        "type": "Polygon",
        "coordinates": [
          [
            [
              80.85455002,
              20.91614385
            ],
            [
              80.85447006,
              20.91596152
            ],
            [
              80.85393547,
              20.91616877
            ],
            [
              80.85401543,
              20.91635111
            ],
            [
              80.85455002,
              20.91614385
            ]
          ]
        ]
      },
      "geometry_name": "geom",
      "properties": {
        "gid": 186,
        "objectid": 2992,
        "district": "Rajnandgaon",
        "plot_type": "Industrial  Purpose",
        "total_area": 1885.71,
        "reservatio": null,
        "plot_munci": "NO",
        "corner_plo": "YES",
        "premium_ba": 2262852,
        "addi_premi": 226285.2,
        "total_prem": 2489137.2,
        "label": "C",
        "tot_premiu": 2489137.2,
        "location": "Pangrikhurd",
        "remark": null,
        "sector_inf": "BLOCK - C",
        "industrial": "RAJNANDGAON",
        "district_i": "RAJNANDGAON",
        "plotno_inf": "33",
        "uniqueplot": "33",
        "plotactiva": null,
        "plotupdate": null,
        "plot_yesno": "YES",
        "category_i": "INDUSTRIAL PLOT-ALLOTED",
        "quest": null,
        "status_inf": "AVAILABLE",
        "applied_ti": null,
        "alloted_ti": null,
        "allotmentr": null,
        "industri_1": "INDUSTRIAL AREA PANGRIKHURD_BLOCK - C",
        "industri_2": "INDUSTRIAL AREA PANGRIKHURD",
        "gis_tid": null,
        "st_area_sh": 1.14047911e-07,
        "st_length_": 0.001544922237,
        "uidv1": "IA-1144",
        "status_from_csidc": "AVAILABLE",
        "uid": "IA-1144"
      }
    },
    {
      "type": "Feature",
      "id": "csidc_industrial_area_with_plots.fid-23377b7a_19c5672bde0_6f9e",
      "geometry": {
        "type": "Polygon",
        "coordinates": [
          [
            [
              83.85630093,
              22.51850858
            ],
            [
              83.85615175,
              22.51848228
            ],
            [
              83.85609631,
              22.51874597
            ],
            [
              83.85624548,
              22.51877227
            ],
            [
              83.85630093,
              22.51850858
            ]
          ]
        ]
      },
      "geometry_name": "geom",
      "properties": {
        "gid": 187,
        "objectid": 0,
        "district": "JASPUR",
        "plot_type": "INDUSTRIAL PURPOSE",
        "total_area": 450,
        "reservatio": null,
        "plot_munci": "No",
        "corner_plo": "No",
        "premium_ba": 4800000,
        "addi_premi": 0.0,
        "total_prem": 4800000,
        "label": null,
        "tot_premiu": 4800000,
        "location": "Farshabahar Jaspur",
        "remark": null,
        "sector_inf": null,
        "industrial": "Farshabahar Industrial Area and Food Park",
        "district_i": "JASPUR",
        "plotno_inf": "18",
        "uniqueplot": "18",
        "plotactiva": null,
        "plotupdate": null,
        "plot_yesno": "YES",
        "category_i": "INDUSTRIAL PLOT-ALLOTED",
        "quest": null,
        "status_inf": "AVAILABLE",
        "applied_ti": null,
        "alloted_ti": null,
        "allotmentr": null,
        "industri_1": "Food Park Farshabahar",
        "industri_2": "Food Park Farshabahar",
        "gis_tid": null,
        "st_area_sh": 0.0,
        "st_length_": 0.0,
        "uidv1": "IA-2222",
        "status_from_csidc": "AVAILABLE",
        "uid": "IA-2222"
      }
    },
    {
      "type": "Feature",
      "id": "csidc_industrial_area_with_plots.fid-23377b7a_19c5672bde0_6f9f",
      "geometry": {
        "type": "Polygon",
        "coordinates": [
          [
            [
              80.85388126,
              20.91461886
            ],
            [
              80.85375405,
              20.91432878
            ],
            [
              80.85321946,
              20.91453603
            ],
            [
              80.85334667,
              20.91482611
            ],
            [
              80.85388126,
              20.91461886
            ]
          ]
        ]
      },
      "geometry_name": "geom",
      "properties": {
        "gid": 188,
        "objectid": 2964,
        "district": "Rajnandgaon",
        "plot_type": "Industrial  Purpose",
        "total_area": 2100,
        "reservatio": null,
        "plot_munci": "NO",
        "corner_plo": "YES",
        "premium_ba": 2520000,
        "addi_premi": 252000,
        "total_prem": 2772000,
        "label": "C",
        "tot_premiu": 2772000,
        "location": "Pangrikhurd",
        "remark": null,
        "sector_inf": "BLOCK - C",
        "industrial": "RAJNANDGAON",
        "district_i": "RAJNANDGAON",
        "plotno_inf": "27",
        "uniqueplot": "27",
        "plotactiva": null,
        "plotupdate": null,
        "plot_yesno": "YES",
        "category_i": "INDUSTRIAL PLOT-ALLOTED",
        "quest": null,
        "status_inf": "ALLOTTED",
        "applied_ti": null,
        "alloted_ti": null,
        "allotmentr": null,
        "industri_1": "INDUSTRIAL AREA PANGRIKHURD_BLOCK - C",
        "industri_2": "INDUSTRIAL AREA PANGRIKHURD",
        "gis_tid": null,
        "st_area_sh": 1.81437802e-07,
        "st_length_": 0.00178020799304,
        "uidv1": "IA-980",
        "status_from_csidc": "ALLOTTED",
        "uid": "IA-980"
      }
    },
    {
      "type": "Feature",
      "id": "csidc_industrial_area_with_plots.fid-23377b7a_19c5672bde0_6fa0",
      "geometry": {
        "type": "Polygon",
        "coordinates": [
          [
            [
              83.49425959,
              21.8704585
            ],
            [
              83.49422528,
              21.87022853
            ],
            [
              83.4938241,
              21.87028017
            ],
            [
              83.49385724,
              21.87051193
            ],
            [
              83.49425959,
              21.8704585
            ]
          ]
        ]
      },
      "geometry_name": "geom",
      "properties": {
        "gid": 189,
        "objectid": 3640,
        "district": "RAIGARH",
        "plot_type": "Industrial  Purpose",
        "total_area": 1000,
        "reservatio": null,
        "plot_munci": "No.",
        "corner_plo": "No",
        "premium_ba": 0.0,
        "addi_premi": 0.0,
        "total_prem": 12000000,
        "label": null,
        "tot_premiu": 12000000,
        "location": "SIYARPALI-MAHUAPALI",
        "remark": null,
        "sector_inf": null,
        "industrial": "INDUSTRIAL AREA SIYARPALI-MAHUAPALI",
        "district_i": "RAIGARH",
        "plotno_inf": "15",
        "uniqueplot": "15",
        "plotactiva": "1899-12-29Z",
        "plotupdate": null,
        "plot_yesno": "YES",
        "category_i": "INDUSTRIAL PLOT-ALLOTED",
        "quest": null,
        "status_inf": "AVAILABLE",
        "applied_ti": "1899-12-29Z",
        "alloted_ti": "1899-12-29Z",
        "allotmentr": null,
        "industri_1": "INDUSTRIAL AREA SIYARPALI-MAHUAPALI",
        "industri_2": "INDUSTRIAL AREA SIYARPALI-MAHUAPALI",
        "gis_tid": null,
        "st_area_sh": 9.452676e-08,
        "st_length_": 0.00127701863898,
        "uidv1": "IA-482",
        "status_from_csidc": "AVAILABLE",
        "uid": "IA-482"
      }
    },
    {
      "type": "Feature",
      "id": "csidc_industrial_area_with_plots.fid-23377b7a_19c5672bde0_6fa1",
      "geometry": {
        "type": "Polygon",
        "coordinates": [
          [
            [
              81.79908299,
              21.60270751
            ],
            [
              81.79871554,
              21.60259605
            ],
            [
              81.7985104,
              21.60307866
            ],
            [
              81.79888329,
              21.60317762
            ],
            [
              81.79908299,
              21.60270751
            ]
          ]
        ]
      },
      "geometry_name": "geom",
      "properties": {
        "gid": 190,
        "objectid": 3059,
        "district": "Baloda Bazar - Bhatapara",
        "plot_type": "Industrial  Purpose",
        "total_area": 2354,
        "reservatio": null,
        "plot_munci": "NO",
        "corner_plo": "YES",
        "premium_ba": 2824800,
        "addi_premi": 282480,
        "total_prem": 3107280,
        "label": "A",
        "tot_premiu": 3107280,
        "location": "Kesda",
        "remark": null,
        "sector_inf": "BLOCK - A",
        "industrial": "BALODA BAZAR - BHATAPARA",
        "district_i": "BALODA BAZAR - BHATAPARA",
        "plotno_inf": "6",
        "uniqueplot": "6",
        "plotactiva": null,
        "plotupdate": null,
        "plot_yesno": "YES",
        "category_i": "INDUSTRIAL PLOT-ALLOTED",
        "quest": null,
        "status_inf": "ALLOTTED",
        "applied_ti": null,
        "alloted_ti": null,
        "allotmentr": null,
        "industri_1": "INDUSTRIAL AREA KESDA_BLOCK - A",
        "industri_2": "INDUSTRIAL AREA KESDA",
        "gis_tid": null,
        "st_area_sh": 1.9763074e-07,
        "st_length_": 0.00180494638813,
        "uidv1": "IA-1588",
        "status_from_csidc": "ALLOTTED",
        "uid": "IA-1588"
      }
    },
    {
      "type": "Feature",
      "id": "csidc_industrial_area_with_plots.fid-23377b7a_19c5672bde0_6fa2",
      "geometry": {
        "type": "Polygon",
        "coordinates": [
          [
            [
              81.43766234,
              20.3869957
            ],
            [
              81.43741729,
              20.38699363
            ],
            [
              81.43744854,
              20.38718817
            ],
            [
              81.43746057,
              20.38721842
            ],
            [
              81.4375416,
              20.3873579
            ],
            [
              81.43766223,
              20.38735892
            ],
            [
              81.43766234,
              20.3869957
            ]
          ]
        ]
      },
      "geometry_name": "geom",
      "properties": {
        "gid": 191,
        "objectid": 1524,
        "district": "KANKER",
        "plot_type": "INDUSTRIAL PLOT",
        "total_area": 695,
        "reservatio": "YES",
        "plot_munci": "NO",
        "corner_plo": "NO",
        "premium_ba": 278000,
        "addi_premi": 0.0,
        "total_prem": 278000,
        "label": "D",
        "tot_premiu": 278000,
        "location": "LAKHANPURI",
        "remark": null,
        "sector_inf": "BLOCK-D",
        "industrial": "LAKHANPURI",
        "district_i": "KANKER",
        "plotno_inf": "33",
        "uniqueplot": null,
        "plotactiva": "2018-01-31Z",
        "plotupdate": null,
        "plot_yesno": "YES",
        "category_i": "INDUSTRIAL PLOT-ALLOTED",
        "quest": null,
        "status_inf": "AVAILABLE",
        "applied_ti": null,
        "alloted_ti": null,
        "allotmentr": null,
        "industri_1": null,
        "industri_2": null,
        "gis_tid": null,
        "st_area_sh": 7.3198544e-08,
        "st_length_": 0.00111981127778,
        "uidv1": "IA-1142",
        "status_from_csidc": "AVAILABLE",
        "uid": "IA-1142"
      }
    },
    {
      "type": "Feature",
      "id": "csidc_industrial_area_with_plots.fid-23377b7a_19c5672bde0_6fa3",
      "geometry": {
        "type": "Polygon",
        "coordinates": [
          [
            [
              82.59199938,
              23.06615312
            ],
            [
              82.59166545,
              23.06617513
            ],
            [
              82.59166754,
              23.06631118
            ],
            [
              82.59201191,
              23.06628848
            ],
            [
              82.59199938,
              23.06615312
            ]
          ]
        ]
      },
      "geometry_name": "geom",
      "properties": {
        "gid": 192,
        "objectid": 3260,
        "district": "Surajpur",
        "plot_type": "Industrial  Purpose",
        "total_area": 528,
        "reservatio": null,
        "plot_munci": "NO",
        "corner_plo": "YES",
        "premium_ba": 253440,
        "addi_premi": 25344,
        "total_prem": 278784,
        "label": "E",
        "tot_premiu": 278784,
        "location": "Barbaspur",
        "remark": null,
        "sector_inf": "BLOCK - E",
        "industrial": "SURAJPUR",
        "district_i": "SURAJPUR",
        "plotno_inf": "11",
        "uniqueplot": "11",
        "plotactiva": null,
        "plotupdate": null,
        "plot_yesno": "YES",
        "category_i": "INDUSTRIAL PLOT-ALLOTED",
        "quest": null,
        "status_inf": "AVAILABLE",
        "applied_ti": null,
        "alloted_ti": null,
        "allotmentr": null,
        "industri_1": "INDUSTRIAL AREA BARBASPUR_BLOCK - E",
        "industri_2": "INDUSTRIAL AREA BARBASPUR",
        "gis_tid": null,
        "st_area_sh": 4.6190445e-08,
        "st_length_": 0.000951791844345,
        "uidv1": "IA-254",
        "status_from_csidc": "AVAILABLE",
        "uid": "IA-254"
      }
    },
    {
      "type": "Feature",
      "id": "csidc_industrial_area_with_plots.fid-23377b7a_19c5672bde0_6fa4",
      "geometry": {
        "type": "Polygon",
        "coordinates": [
          [
            [
              82.19238281,
              22.01682368
            ],
            [
              82.19199512,
              22.01687857
            ],
            [
              82.19199343,
              22.01734443
            ],
            [
              82.19199221,
              22.01768267
            ],
            [
              82.1923797,
              22.0176823
            ],
            [
              82.19238098,
              22.01732858
            ],
            [
              82.19238281,
              22.01682368
            ]
          ]
        ]
      },
      "geometry_name": "geom",
      "properties": {
        "gid": 193,
        "objectid": 1843,
        "district": "BILASPUR",
        "plot_type": "INDUSTRIAL PURPOSE",
        "total_area": 3681,
        "reservatio": null,
        "plot_munci": "YES",
        "corner_plo": "YES",
        "premium_ba": 2576700,
        "addi_premi": 515340,
        "total_prem": 3092040,
        "label": null,
        "tot_premiu": 3092040,
        "location": "SILPAHARI",
        "remark": null,
        "sector_inf": "BLOCK-A",
        "industrial": "SILPAHARI INDUSTRIAL AREA",
        "district_i": "BILASPUR",
        "plotno_inf": "11",
        "uniqueplot": "11",
        "plotactiva": "2018-01-09Z",
        "plotupdate": null,
        "plot_yesno": "YES",
        "category_i": "INDUSTRIAL PLOT-ALLOTED",
        "quest": null,
        "status_inf": "ALLOTTED",
        "applied_ti": null,
        "alloted_ti": null,
        "allotmentr": null,
        "industri_1": "SILPAHARI BLOCK-A",
        "industri_2": "SILPAHARI BLOCK-A",
        "gis_tid": null,
        "st_area_sh": 3.22147719e-07,
        "st_length_": 0.00244178892577,
        "uidv1": "IA-241",
        "status_from_csidc": null,
        "uid": "IA-241"
      }
    },
    {
      "type": "Feature",
      "id": "csidc_industrial_area_with_plots.fid-23377b7a_19c5672bde0_6fa5",
      "geometry": {
        "type": "Polygon",
        "coordinates": [
          [
            [
              81.04926088,
              21.22579756
            ],
            [
              81.04910983,
              21.22576882
            ],
            [
              81.0490694,
              21.22627172
            ],
            [
              81.04920578,
              21.22629724
            ],
            [
              81.04926088,
              21.22579756
            ]
          ]
        ]
      },
      "geometry_name": "geom",
      "properties": {
        "gid": 194,
        "objectid": 2843,
        "district": "Rajnandgaon",
        "plot_type": "Industrial  Purpose",
        "total_area": 750,
        "reservatio": null,
        "plot_munci": "NO",
        "corner_plo": "YES",
        "premium_ba": 300000,
        "addi_premi": 30000,
        "total_prem": 330000,
        "label": "G",
        "tot_premiu": 330000,
        "location": "Mahroomkhurd",
        "remark": null,
        "sector_inf": "BLOCK - G",
        "industrial": "RAJNANDGAON",
        "district_i": "RAJNANDGAON",
        "plotno_inf": "11",
        "uniqueplot": "11",
        "plotactiva": null,
        "plotupdate": null,
        "plot_yesno": "YES",
        "category_i": "INDUSTRIAL PLOT-ALLOTED",
        "quest": null,
        "status_inf": "AVAILABLE",
        "applied_ti": null,
        "alloted_ti": null,
        "allotmentr": null,
        "industri_1": "INDUSTRIAL AREA MAHROOMKHURD_BLOCK - G",
        "industri_2": "INDUSTRIAL AREA MAHROOMKHURD",
        "gis_tid": null,
        "st_area_sh": 7.3339592e-08,
        "st_length_": 0.00129973733924,
        "uidv1": "IA-253",
        "status_from_csidc": "AVAILABLE",
        "uid": "IA-253"
      }
    },
    {
      "type": "Feature",
      "id": "csidc_industrial_area_with_plots.fid-23377b7a_19c5672bde0_6fa6",
      "geometry": {
        "type": "Polygon",
        "coordinates": [
          [
            [
              83.49729185,
              21.8697105
            ],
            [
              83.49725705,
              21.86999863
            ],
            [
              83.49739422,
              21.87000973
            ],
            [
              83.49766535,
              21.87003928
            ],
            [
              83.49770434,
              21.8697473
            ],
            [
              83.49729185,
              21.8697105
            ]
          ]
        ]
      },
      "geometry_name": "geom",
      "properties": {
        "gid": 195,
        "objectid": 3672,
        "district": "RAIGARH",
        "plot_type": "Industrial  Purpose",
        "total_area": 1280,
        "reservatio": null,
        "plot_munci": "No.",
        "corner_plo": "Yes",
        "premium_ba": 0.0,
        "addi_premi": 1200000,
        "total_prem": 13200000,
        "label": null,
        "tot_premiu": 13200000,
        "location": "SIYARPALI-MAHUAPALI",
        "remark": null,
        "sector_inf": null,
        "industrial": "INDUSTRIAL AREA SIYARPALI-MAHUAPALI",
        "district_i": "RAIGARH",
        "plotno_inf": "33",
        "uniqueplot": "33",
        "plotactiva": "1899-12-29Z",
        "plotupdate": null,
        "plot_yesno": "YES",
        "category_i": "INDUSTRIAL PLOT-ALLOTED",
        "quest": null,
        "status_inf": "AVAILABLE",
        "applied_ti": "1899-12-29Z",
        "alloted_ti": "1899-12-29Z",
        "allotmentr": null,
        "industri_1": "INDUSTRIAL AREA SIYARPALI-MAHUAPALI",
        "industri_2": "INDUSTRIAL AREA SIYARPALI-MAHUAPALI",
        "gis_tid": null,
        "st_area_sh": 1.19943947e-07,
        "st_length_": 0.00140927583778,
        "uidv1": "IA-1150",
        "status_from_csidc": "AVAILABLE",
        "uid": "IA-1150"
      }
    },
    {
      "type": "Feature",
      "id": "csidc_industrial_area_with_plots.fid-23377b7a_19c5672bde0_6fa7",
      "geometry": {
        "type": "Polygon",
        "coordinates": [
          [
            [
              80.85462999,
              20.91632619
            ],
            [
              80.85455002,
              20.91614385
            ],
            [
              80.85401543,
              20.91635111
            ],
            [
              80.85409539,
              20.91653344
            ],
            [
              80.85462999,
              20.91632619
            ]
          ]
        ]
      },
      "geometry_name": "geom",
      "properties": {
        "gid": 196,
        "objectid": 2995,
        "district": "Rajnandgaon",
        "plot_type": "Industrial  Purpose",
        "total_area": 1885.71,
        "reservatio": null,
        "plot_munci": "NO",
        "corner_plo": "YES",
        "premium_ba": 2262852,
        "addi_premi": 226285.2,
        "total_prem": 2489137.2,
        "label": "C",
        "tot_premiu": 2489137.2,
        "location": "Pangrikhurd",
        "remark": null,
        "sector_inf": "BLOCK - C",
        "industrial": "RAJNANDGAON",
        "district_i": "RAJNANDGAON",
        "plotno_inf": "34",
        "uniqueplot": "34",
        "plotactiva": null,
        "plotupdate": null,
        "plot_yesno": "YES",
        "category_i": "INDUSTRIAL PLOT-ALLOTED",
        "quest": null,
        "status_inf": "AVAILABLE",
        "applied_ti": null,
        "alloted_ti": null,
        "allotmentr": null,
        "industri_1": "INDUSTRIAL AREA PANGRIKHURD_BLOCK - C",
        "industri_2": "INDUSTRIAL AREA PANGRIKHURD",
        "gis_tid": null,
        "st_area_sh": 1.14048641e-07,
        "st_length_": 0.00154492540262,
        "uidv1": "IA-1158",
        "status_from_csidc": "AVAILABLE",
        "uid": "IA-1158"
      }
    },
    {
      "type": "Feature",
      "id": "csidc_industrial_area_with_plots.fid-23377b7a_19c5672bde0_6fa8",
      "geometry": {
        "type": "Polygon",
        "coordinates": [
          [
            [
              82.91160713,
              22.9799944
            ],
            [
              82.91159674,
              22.97958681
            ],
            [
              82.91135015,
              22.97958592
            ],
            [
              82.91136065,
              22.97999793
            ],
            [
              82.91157549,
              22.97999346
            ],
            [
              82.91160713,
              22.9799944
            ]
          ]
        ]
      },
      "geometry_name": "geom",
      "properties": {
        "gid": 197,
        "objectid": 2919,
        "district": "Sarguja",
        "plot_type": "Industrial  Purpose",
        "total_area": 1131,
        "reservatio": null,
        "plot_munci": "NO",
        "corner_plo": "NO",
        "premium_ba": 542880,
        "addi_premi": 0.0,
        "total_prem": 542880,
        "label": "C",
        "tot_premiu": 542880,
        "location": "Rikhi",
        "remark": null,
        "sector_inf": "BLOCK - C",
        "industrial": "SARGUJA",
        "district_i": "SARGUJA",
        "plotno_inf": "01",
        "uniqueplot": "01",
        "plotactiva": null,
        "plotupdate": null,
        "plot_yesno": "YES",
        "category_i": "INDUSTRIAL PLOT-ALLOTED",
        "quest": null,
        "status_inf": "ALLOTTED",
        "applied_ti": null,
        "alloted_ti": null,
        "allotmentr": null,
        "industri_1": "INDUSTRIAL AREA RIKHI_BLOCK - C",
        "industri_2": "INDUSTRIAL AREA RIKHI",
        "gis_tid": null,
        "st_area_sh": 1.00870594e-07,
        "st_length_": 0.00131298835192,
        "uidv1": "IA-1",
        "status_from_csidc": "BOOKED",
        "uid": "IA-1"
      }
    },
    {
      "type": "Feature",
      "id": "csidc_industrial_area_with_plots.fid-23377b7a_19c5672bde0_6fa9",
      "geometry": {
        "type": "Polygon",
        "coordinates": [
          [
            [
              82.2490287,
              22.17577848
            ],
            [
              82.24879743,
              22.17584873
            ],
            [
              82.24894441,
              22.17617836
            ],
            [
              82.24917615,
              22.17610736
            ],
            [
              82.2490287,
              22.17577848
            ]
          ]
        ]
      },
      "geometry_name": "geom",
      "properties": {
        "gid": 198,
        "objectid": 0,
        "district": "BILASPUR",
        "plot_type": "INDUSTRIAL PURPOSE",
        "total_area": 1000,
        "reservatio": null,
        "plot_munci": "No",
        "corner_plo": "Yes",
        "premium_ba": 14400000,
        "addi_premi": 1440000,
        "total_prem": 1584000,
        "label": null,
        "tot_premiu": 0.0,
        "location": "Selar",
        "remark": null,
        "sector_inf": "BLOCK - N",
        "industrial": "Industrial Area Selar",
        "district_i": "BILASPUR",
        "plotno_inf": "10",
        "uniqueplot": "10",
        "plotactiva": null,
        "plotupdate": null,
        "plot_yesno": "YES",
        "category_i": "INDUSTRIAL PLOT-ALLOTED",
        "quest": null,
        "status_inf": "AVAILABLE",
        "applied_ti": null,
        "alloted_ti": null,
        "allotmentr": null,
        "industri_1": "Industrial Area Selar",
        "industri_2": "Industrial Area Selar",
        "gis_tid": null,
        "st_area_sh": 0.0,
        "st_length_": 0.0,
        "uidv1": "IA-130",
        "status_from_csidc": "AVAILABLE",
        "uid": "IA-130"
      }
    },
    {
      "type": "Feature",
      "id": "csidc_industrial_area_with_plots.fid-23377b7a_19c5672bde0_6faa",
      "geometry": {
        "type": "Polygon",
        "coordinates": [
          [
            [
              81.79211808,
              21.6041101
            ],
            [
              81.79208055,
              21.60368247
            ],
            [
              81.7916907,
              21.60371526
            ],
            [
              81.79172823,
              21.60414289
            ],
            [
              81.79211808,
              21.6041101
            ]
          ]
        ]
      },
      "geometry_name": "geom",
      "properties": {
        "gid": 199,
        "objectid": 3080,
        "district": "Baloda Bazar - Bhatapara",
        "plot_type": "Industrial  Purpose",
        "total_area": 2000,
        "reservatio": null,
        "plot_munci": "NO",
        "corner_plo": "YES",
        "premium_ba": 2400000,
        "addi_premi": 240000,
        "total_prem": 2640000,
        "label": "B",
        "tot_premiu": 2640000,
        "location": "Kesda",
        "remark": null,
        "sector_inf": "BLOCK - B",
        "industrial": "BALODA BAZAR - BHATAPARA",
        "district_i": "BALODA BAZAR - BHATAPARA",
        "plotno_inf": "10",
        "uniqueplot": "10",
        "plotactiva": null,
        "plotupdate": null,
        "plot_yesno": "YES",
        "category_i": "INDUSTRIAL PLOT-ALLOTED",
        "quest": null,
        "status_inf": "ALLOTTED",
        "applied_ti": null,
        "alloted_ti": null,
        "allotmentr": null,
        "industri_1": "INDUSTRIAL AREA KESDA_BLOCK - B",
        "industri_2": "INDUSTRIAL AREA KESDA",
        "gis_tid": null,
        "st_area_sh": 1.67940115e-07,
        "st_length_": 0.00164098982308,
        "uidv1": "IA-120",
        "status_from_csidc": "BOOKED",
        "uid": "IA-120"
      }
    },
    {
      "type": "Feature",
      "id": "csidc_industrial_area_with_plots.fid-23377b7a_19c5672bde0_6fab",
      "geometry": {
        "type": "Polygon",
        "coordinates": [
          [
            [
              81.84758749,
              21.5721285
            ],
            [
              81.84758395,
              21.57176715
            ],
            [
              81.84749825,
              21.57176788
            ],
            [
              81.84746573,
              21.57176816
            ],
            [
              81.84742538,
              21.57179469
            ],
            [
              81.84734268,
              21.57178805
            ],
            [
              81.84734604,
              21.57213057
            ],
            [
              81.84758749,
              21.5721285
            ]
          ]
        ]
      },
      "geometry_name": "geom",
      "properties": {
        "gid": 200,
        "objectid": 3022,
        "district": "Raipur",
        "plot_type": "Industrial  Purpose",
        "total_area": 973,
        "reservatio": null,
        "plot_munci": "NO",
        "corner_plo": "NO",
        "premium_ba": 1167600,
        "addi_premi": 0.0,
        "total_prem": 1167600,
        "label": null,
        "tot_premiu": 1167600,
        "location": "Khapri Khurd",
        "remark": null,
        "sector_inf": "BLOCK -",
        "industrial": "RAIPUR",
        "district_i": "RAIPUR",
        "plotno_inf": "09",
        "uniqueplot": "09",
        "plotactiva": null,
        "plotupdate": null,
        "plot_yesno": "YES",
        "category_i": "INDUSTRIAL PLOT-ALLOTED",
        "quest": null,
        "status_inf": "ALLOTTED",
        "applied_ti": null,
        "alloted_ti": null,
        "allotmentr": null,
        "industri_1": "INDUSTRIAL AREA KHAPRI KHURD_BLOCK -",
        "industri_2": "INDUSTRIAL AREA KHAPRI KHURD",
        "gis_tid": null,
        "st_area_sh": 8.4863634e-08,
        "st_length_": 0.00119482753918,
        "uidv1": "IA-44",
        "status_from_csidc": "BOOKED",
        "uid": "IA-44"
      }
    },
    {
      "type": "Feature",
      "id": "csidc_industrial_area_with_plots.fid-23377b7a_19c5672bde0_6fac",
      "geometry": {
        "type": "Polygon",
        "coordinates": [
          [
            [
              81.59131394,
              21.29206474
            ],
            [
              81.5912245,
              21.29206433
            ],
            [
              81.59104965,
              21.29205843
            ],
            [
              81.59090456,
              21.29197466
            ],
            [
              81.59089805,
              21.29197038
            ],
            [
              81.59084603,
              21.29202971
            ],
            [
              81.59096149,
              21.29211687
            ],
            [
              81.59114605,
              21.29225619
            ],
            [
              81.59131394,
              21.29206474
            ]
          ]
        ]
      },
      "geometry_name": "geom",
      "properties": {
        "gid": 201,
        "objectid": 0,
        "district": "RAIPUR",
        "plot_type": "INDUSTRIAL PURPOSE",
        "total_area": 579.679,
        "reservatio": null,
        "plot_munci": "YES",
        "corner_plo": "NO",
        "premium_ba": 14400000,
        "addi_premi": 2880000,
        "total_prem": 17280000,
        "label": null,
        "tot_premiu": 0.0,
        "location": "Sarora",
        "remark": null,
        "sector_inf": null,
        "industrial": "PLASTIC PARK",
        "district_i": "RAIPUR",
        "plotno_inf": "15",
        "uniqueplot": "15",
        "plotactiva": null,
        "plotupdate": null,
        "plot_yesno": "YES",
        "category_i": "INDUSTRIAL PLOT-ALLOTED",
        "quest": null,
        "status_inf": "ALLOTTED",
        "applied_ti": null,
        "alloted_ti": null,
        "allotmentr": null,
        "industri_1": "PLASTIC PARK",
        "industri_2": "PLASTIC PARK",
        "gis_tid": null,
        "st_area_sh": 0.0,
        "st_length_": 0.0,
        "uidv1": "IA-523",
        "status_from_csidc": "BOOKED",
        "uid": "IA-523"
      }
    },
    {
      "type": "Feature",
      "id": "csidc_industrial_area_with_plots.fid-23377b7a_19c5672bde0_6fad",
      "geometry": {
        "type": "Polygon",
        "coordinates": [
          [
            [
              82.2536872,
              22.1753048
            ],
            [
              82.25359021,
              22.17509622
            ],
            [
              82.25340745,
              22.1751527
            ],
            [
              82.25350034,
              22.17536052
            ],
            [
              82.2536872,
              22.1753048
            ]
          ]
        ]
      },
      "geometry_name": "geom",
      "properties": {
        "gid": 202,
        "objectid": 0,
        "district": "BILASPUR",
        "plot_type": "INDUSTRIAL PURPOSE",
        "total_area": 0.0,
        "reservatio": null,
        "plot_munci": null,
        "corner_plo": null,
        "premium_ba": 0.0,
        "addi_premi": 0.0,
        "total_prem": 0.0,
        "label": null,
        "tot_premiu": 0.0,
        "location": "Selar",
        "remark": null,
        "sector_inf": "BLOCK - M",
        "industrial": "Industrial Area Selar",
        "district_i": "BILASPUR",
        "plotno_inf": "10",
        "uniqueplot": "10",
        "plotactiva": null,
        "plotupdate": null,
        "plot_yesno": "YES",
        "category_i": "INDUSTRIAL PLOT-ALLOTED",
        "quest": null,
        "status_inf": "UNAVAILABLE",
        "applied_ti": null,
        "alloted_ti": null,
        "allotmentr": null,
        "industri_1": "Industrial Area Selar",
        "industri_2": "Industrial Area Selar",
        "gis_tid": null,
        "st_area_sh": 0.0,
        "st_length_": 0.0,
        "uidv1": "IA-155",
        "status_from_csidc": null,
        "uid": "IA-155"
      }
    },
    {
      "type": "Feature",
      "id": "csidc_industrial_area_with_plots.fid-23377b7a_19c5672bde0_6fae",
      "geometry": {
        "type": "Polygon",
        "coordinates": [
          [
            [
              82.90986103,
              22.98046695
            ],
            [
              82.90985641,
              22.98028604
            ],
            [
              82.90970846,
              22.98028551
            ],
            [
              82.90971215,
              22.98043024
            ],
            [
              82.90971291,
              22.98043653
            ],
            [
              82.90971484,
              22.98044262
            ],
            [
              82.9097179,
              22.98044835
            ],
            [
              82.90972197,
              22.98045353
            ],
            [
              82.90972695,
              22.98045801
            ],
            [
              82.90973268,
              22.98046165
            ],
            [
              82.90973898,
              22.98046433
            ],
            [
              82.90974566,
              22.98046599
            ],
            [
              82.90975253,
              22.98046656
            ],
            [
              82.90986103,
              22.98046695
            ]
          ]
        ]
      },
      "geometry_name": "geom",
      "properties": {
        "gid": 203,
        "objectid": 2935,
        "district": "Sarguja",
        "plot_type": "Industrial  Purpose",
        "total_area": 300,
        "reservatio": null,
        "plot_munci": "NO",
        "corner_plo": "YES",
        "premium_ba": 144000,
        "addi_premi": 14400,
        "total_prem": 158400,
        "label": "D",
        "tot_premiu": 158400,
        "location": "Rikhi",
        "remark": null,
        "sector_inf": "BLOCK - D",
        "industrial": "SARGUJA",
        "district_i": "SARGUJA",
        "plotno_inf": "15",
        "uniqueplot": "15",
        "plotactiva": null,
        "plotupdate": null,
        "plot_yesno": "YES",
        "category_i": "INDUSTRIAL PLOT-ALLOTED",
        "quest": null,
        "status_inf": "AVAILABLE",
        "applied_ti": null,
        "alloted_ti": null,
        "allotmentr": null,
        "industri_1": "INDUSTRIAL AREA RIKHI_BLOCK - D",
        "industri_2": "INDUSTRIAL AREA RIKHI",
        "gis_tid": null,
        "st_area_sh": 2.6452136e-08,
        "st_length_": 0.000642116669206,
        "uidv1": "IA-516",
        "status_from_csidc": "AVAILABLE",
        "uid": "IA-516"
      }
    },
    {
      "type": "Feature",
      "id": "csidc_industrial_area_with_plots.fid-23377b7a_19c5672bde0_6faf",
      "geometry": {
        "type": "Polygon",
        "coordinates": [
          [
            [
              82.59236534,
              23.0650817
            ],
            [
              82.59207638,
              23.06510074
            ],
            [
              82.59208892,
              23.06523611
            ],
            [
              82.59237787,
              23.06521707
            ],
            [
              82.59236534,
              23.0650817
            ]
          ]
        ]
      },
      "geometry_name": "geom",
      "properties": {
        "gid": 204,
        "objectid": 3227,
        "district": "Surajpur",
        "plot_type": "Industrial  Purpose",
        "total_area": 450,
        "reservatio": null,
        "plot_munci": "NO",
        "corner_plo": "NO",
        "premium_ba": 216000,
        "addi_premi": 0.0,
        "total_prem": 216000,
        "label": "D",
        "tot_premiu": 216000,
        "location": "Barbaspur",
        "remark": null,
        "sector_inf": "BLOCK - D",
        "industrial": "SURAJPUR",
        "district_i": "SURAJPUR",
        "plotno_inf": "15",
        "uniqueplot": "15",
        "plotactiva": null,
        "plotupdate": null,
        "plot_yesno": "YES",
        "category_i": "INDUSTRIAL PLOT-ALLOTED",
        "quest": null,
        "status_inf": "AVAILABLE",
        "applied_ti": null,
        "alloted_ti": null,
        "allotmentr": null,
        "industri_1": "INDUSTRIAL AREA BARBASPUR_BLOCK - D",
        "industri_2": "INDUSTRIAL AREA BARBASPUR",
        "gis_tid": null,
        "st_area_sh": 3.9354265e-08,
        "st_length_": 0.000851060036126,
        "uidv1": "IA-519",
        "status_from_csidc": "AVAILABLE",
        "uid": "IA-519"
      }
    },
    {
      "type": "Feature",
      "id": "csidc_industrial_area_with_plots.fid-23377b7a_19c5672bde0_6fb0",
      "geometry": {
        "type": "Polygon",
        "coordinates": [
          [
            [
              83.78982499,
              22.65438682
            ],
            [
              83.78954458,
              22.65453232
            ],
            [
              83.78972609,
              22.65483202
            ],
            [
              83.7899468,
              22.65471556
            ],
            [
              83.78986039,
              22.65451407
            ],
            [
              83.78982499,
              22.65438682
            ]
          ]
        ]
      },
      "geometry_name": "geom",
      "properties": {
        "gid": 205,
        "objectid": 3011,
        "district": "Jashpur",
        "plot_type": "Industrial  Purpose",
        "total_area": 1015,
        "reservatio": null,
        "plot_munci": "NO",
        "corner_plo": "NO",
        "premium_ba": 487200,
        "addi_premi": 0.0,
        "total_prem": 487200,
        "label": null,
        "tot_premiu": 487200,
        "location": "Narayanbahali",
        "remark": null,
        "sector_inf": "BLOCK -",
        "industrial": "JASHPUR",
        "district_i": "JASHPUR",
        "plotno_inf": "15",
        "uniqueplot": "15",
        "plotactiva": null,
        "plotupdate": null,
        "plot_yesno": "YES",
        "category_i": "INDUSTRIAL PLOT-ALLOTED",
        "quest": null,
        "status_inf": "AVAILABLE",
        "applied_ti": null,
        "alloted_ti": null,
        "allotmentr": null,
        "industri_1": "INDUSTRIAL AREA NARAYANBAHALI_BLOCK -",
        "industri_2": "INDUSTRIAL AREA NARAYANBAHALI",
        "gis_tid": null,
        "st_area_sh": 9.6663905e-08,
        "st_length_": 0.00126716137391,
        "uidv1": "IA-514",
        "status_from_csidc": "AVAILABLE",
        "uid": "IA-514"
      }
    },
    {
      "type": "Feature",
      "id": "csidc_industrial_area_with_plots.fid-23377b7a_19c5672bde0_6fb1",
      "geometry": {
        "type": "Polygon",
        "coordinates": [
          [
            [
              81.44084905,
              20.39765971
            ],
            [
              81.44064026,
              20.39765796
            ],
            [
              81.44064019,
              20.39793037
            ],
            [
              81.44084898,
              20.39793213
            ],
            [
              81.44084905,
              20.39765971
            ]
          ]
        ]
      },
      "geometry_name": "geom",
      "properties": {
        "gid": 206,
        "objectid": 1718,
        "district": "KANKER",
        "plot_type": "INDUSTRIAL PLOT",
        "total_area": 540,
        "reservatio": "YES",
        "plot_munci": "NO",
        "corner_plo": "YES",
        "premium_ba": 216000,
        "addi_premi": 21600,
        "total_prem": 237600,
        "label": "G",
        "tot_premiu": 237600,
        "location": "LAKHANPURI",
        "remark": null,
        "sector_inf": "BLOCK-G",
        "industrial": "LAKHANPURI",
        "district_i": "KANKER",
        "plotno_inf": "12",
        "uniqueplot": null,
        "plotactiva": "2018-01-31Z",
        "plotupdate": null,
        "plot_yesno": "YES",
        "category_i": "INDUSTRIAL PLOT-ALLOTED",
        "quest": null,
        "status_inf": "ALLOTTED",
        "applied_ti": null,
        "alloted_ti": null,
        "allotmentr": null,
        "industri_1": null,
        "industri_2": null,
        "gis_tid": null,
        "st_area_sh": 5.6878106e-08,
        "st_length_": 0.000962429810626,
        "uidv1": "IA-312",
        "status_from_csidc": null,
        "uid": "IA-312"
      }
    },
    {
      "type": "Feature",
      "id": "csidc_industrial_area_with_plots.fid-23377b7a_19c5672bde0_6fb2",
      "geometry": {
        "type": "Polygon",
        "coordinates": [
          [
            [
              81.59045686,
              21.29269234
            ],
            [
              81.59024871,
              21.29253521
            ],
            [
              81.58988391,
              21.29295121
            ],
            [
              81.59009206,
              21.29310833
            ],
            [
              81.59045686,
              21.29269234
            ]
          ]
        ]
      },
      "geometry_name": "geom",
      "properties": {
        "gid": 207,
        "objectid": 0,
        "district": "RAIPUR",
        "plot_type": "INDUSTRIAL PURPOSE",
        "total_area": 1624.2,
        "reservatio": null,
        "plot_munci": "YES",
        "corner_plo": "YES",
        "premium_ba": 14400000,
        "addi_premi": 4320000,
        "total_prem": 18720000,
        "label": null,
        "tot_premiu": 0.0,
        "location": "Sarora",
        "remark": null,
        "sector_inf": null,
        "industrial": "PLASTIC PARK",
        "district_i": "RAIPUR",
        "plotno_inf": "8",
        "uniqueplot": "8",
        "plotactiva": null,
        "plotupdate": null,
        "plot_yesno": "YES",
        "category_i": "INDUSTRIAL PLOT-ALLOTED",
        "quest": null,
        "status_inf": "ALLOTTED",
        "applied_ti": null,
        "alloted_ti": null,
        "allotmentr": null,
        "industri_1": "PLASTIC PARK",
        "industri_2": "PLASTIC PARK",
        "gis_tid": null,
        "st_area_sh": 0.0,
        "st_length_": 0.0,
        "uidv1": "IA-1804",
        "status_from_csidc": "ALLOTTED",
        "uid": "IA-1804"
      }
    },
    {
      "type": "Feature",
      "id": "csidc_industrial_area_with_plots.fid-23377b7a_19c5672bde0_6fe5",
      "geometry": {
        "type": "Polygon",
        "coordinates": [
          [
            [
              81.79345245,
              21.21142961
            ],
            [
              81.79335645,
              21.21116367
            ],
            [
              81.7928766,
              21.21132381
            ],
            [
              81.7929726,
              21.21158975
            ],
            [
              81.79345245,
              21.21142961
            ]
          ]
        ]
      },
      "geometry_name": "geom",
      "properties": {
        "gid": 1,
        "objectid": 0,
        "district": "RAIPUR",
        "plot_type": "INDUSTRIAL PURPOSE",
        "total_area": 1400,
        "reservatio": null,
        "plot_munci": null,
        "corner_plo": "YES",
        "premium_ba": 25000000,
        "addi_premi": 2500000,
        "total_prem": 27500000,
        "label": null,
        "tot_premiu": 0.0,
        "location": "Sector-5 Nava Raipur Atal Nagar",
        "remark": null,
        "sector_inf": null,
        "industrial": "READYMADE GARMENTS PARK",
        "district_i": "RAIPUR",
        "plotno_inf": "5",
        "uniqueplot": "5",
        "plotactiva": null,
        "plotupdate": null,
        "plot_yesno": "YES",
        "category_i": "INDUSTRIAL PLOT-ALLOTED",
        "quest": null,
        "status_inf": "ALLOTTED",
        "applied_ti": null,
        "alloted_ti": null,
        "allotmentr": null,
        "industri_1": "READYMADE GARMENTS PARK",
        "industri_2": "READYMADE GARMENTS PARK",
        "gis_tid": null,
        "st_area_sh": 0.0,
        "st_length_": 0.0,
        "uidv1": "IA-1407",
        "status_from_csidc": "ALLOTTED",
        "uid": "IA-1407"
      }
    },
    {
      "type": "Feature",
      "id": "csidc_industrial_area_with_plots.fid-23377b7a_19c5672bde0_6fe6",
      "geometry": {
        "type": "Polygon",
        "coordinates": [
          [
            [
              81.70725771,
              18.39568527
            ],
            [
              81.70721213,
              18.39546579
            ],
            [
              81.70683162,
              18.39553957
            ],
            [
              81.70687719,
              18.39575904
            ],
            [
              81.70725771,
              18.39568527
            ]
          ]
        ]
      },
      "geometry_name": "geom",
      "properties": {
        "gid": 2,
        "objectid": 2,
        "district": "SUKMA",
        "plot_type": "Industrial Purpose",
        "total_area": 1000,
        "reservatio": "NO",
        "plot_munci": "YES",
        "corner_plo": "YES",
        "premium_ba": 4000000,
        "addi_premi": 1200000,
        "total_prem": 5200000,
        "label": null,
        "tot_premiu": 0.0,
        "location": "SUKMA",
        "remark": null,
        "sector_inf": null,
        "industrial": "Food Park Sukma",
        "district_i": "Sukma",
        "plotno_inf": "2",
        "uniqueplot": "2",
        "plotactiva": null,
        "plotupdate": null,
        "plot_yesno": "Yes",
        "category_i": "INDUSTRIAL PLOT-ALLOTED",
        "quest": null,
        "status_inf": "ALLOTTED",
        "applied_ti": null,
        "alloted_ti": null,
        "allotmentr": null,
        "industri_1": "Food Park Sukma",
        "industri_2": "Food Park Sukma",
        "gis_tid": null,
        "st_area_sh": 0.0,
        "st_length_": 0.0,
        "uidv1": null,
        "status_from_csidc": "ALLOTTED",
        "uid": "IA-2030"
      }
    },
    {
      "type": "Feature",
      "id": "csidc_industrial_area_with_plots.fid-23377b7a_19c5672bde0_6fe7",
      "geometry": {
        "type": "Polygon",
        "coordinates": [
          [
            [
              81.35864282,
              18.91344736
            ],
            [
              81.35858429,
              18.91344331
            ],
            [
              81.35857993,
              18.91355994
            ],
            [
              81.35863846,
              18.91356399
            ],
            [
              81.35864282,
              18.91344736
            ]
          ]
        ]
      },
      "geometry_name": "geom",
      "properties": {
        "gid": 3,
        "objectid": 1807,
        "district": "Dantewada",
        "plot_type": "INDUSTRIAL PURPOSE",
        "total_area": 0.0,
        "reservatio": null,
        "plot_munci": null,
        "corner_plo": null,
        "premium_ba": 0.0,
        "addi_premi": 0.0,
        "total_prem": 0.0,
        "label": null,
        "tot_premiu": 0.0,
        "location": "Tekanar",
        "remark": null,
        "sector_inf": "Other",
        "industrial": "TEKNAR",
        "district_i": "Dantewada",
        "plotno_inf": "17 E",
        "uniqueplot": null,
        "plotactiva": "2018-01-31Z",
        "plotupdate": null,
        "plot_yesno": "YES",
        "category_i": "INDUSTRIAL PLOT-ALLOTED",
        "quest": null,
        "status_inf": "UNAVAILABLE",
        "applied_ti": null,
        "alloted_ti": null,
        "allotmentr": null,
        "industri_1": null,
        "industri_2": null,
        "gis_tid": null,
        "st_area_sh": 6.843853e-09,
        "st_length_": 0.000350757269856,
        "uidv1": "IA-615",
        "status_from_csidc": null,
        "uid": "IA-615"
      }
    },
    {
      "type": "Feature",
      "id": "csidc_industrial_area_with_plots.fid-23377b7a_19c5672bde0_6fe8",
      "geometry": {
        "type": "Polygon",
        "coordinates": [
          [
            [
              81.70653929,
              18.39536958
            ],
            [
              81.70653424,
              18.39536933
            ],
            [
              81.7065292,
              18.39536989
            ],
            [
              81.70627235,
              18.39541969
            ],
            [
              81.7062997,
              18.39555137
            ],
            [
              81.70658508,
              18.39549604
            ],
            [
              81.70656321,
              18.39539069
            ],
            [
              81.70656182,
              18.3953862
            ],
            [
              81.70655962,
              18.39538202
            ],
            [
              81.70655665,
              18.39537826
            ],
            [
              81.70655301,
              18.39537506
            ],
            [
              81.70654882,
              18.39537249
            ],
            [
              81.7065442,
              18.39537065
            ],
            [
              81.70653929,
              18.39536958
            ]
          ]
        ]
      },
      "geometry_name": "geom",
      "properties": {
        "gid": 4,
        "objectid": 24,
        "district": "SUKMA",
        "plot_type": "Industrial Purpose",
        "total_area": 448.07,
        "reservatio": "NO",
        "plot_munci": "YES",
        "corner_plo": "YES",
        "premium_ba": 4000000,
        "addi_premi": 1200000,
        "total_prem": 5200000,
        "label": null,
        "tot_premiu": 0.0,
        "location": "SUKMA",
        "remark": null,
        "sector_inf": null,
        "industrial": "Food Park Sukma",
        "district_i": "Sukma",
        "plotno_inf": "24",
        "uniqueplot": "24",
        "plotactiva": null,
        "plotupdate": null,
        "plot_yesno": "Yes",
        "category_i": "INDUSTRIAL PLOT-ALLOTED",
        "quest": null,
        "status_inf": "AVAILABLE",
        "applied_ti": null,
        "alloted_ti": null,
        "allotmentr": null,
        "industri_1": "Food Park Sukma",
        "industri_2": "Food Park Sukma",
        "gis_tid": null,
        "st_area_sh": 0.0,
        "st_length_": 0.0,
        "uidv1": null,
        "status_from_csidc": "AVAILABLE",
        "uid": "IA-2026"
      }
    },
    {
      "type": "Feature",
      "id": "csidc_industrial_area_with_plots.fid-23377b7a_19c5672bde0_6fe9",
      "geometry": {
        "type": "Polygon",
        "coordinates": [
          [
            [
              82.24659453,
              22.17809033
            ],
            [
              82.24674155,
              22.17841958
            ],
            [
              82.24720528,
              22.17827999
            ],
            [
              82.24706148,
              22.17794916
            ],
            [
              82.24659453,
              22.17809033
            ]
          ]
        ]
      },
      "geometry_name": "geom",
      "properties": {
        "gid": 5,
        "objectid": 0,
        "district": "BILASPUR",
        "plot_type": "INDUSTRIAL PURPOSE",
        "total_area": 2000,
        "reservatio": null,
        "plot_munci": "No",
        "corner_plo": "No",
        "premium_ba": 14400000,
        "addi_premi": 0.0,
        "total_prem": 2880000,
        "label": null,
        "tot_premiu": 0.0,
        "location": "Selar",
        "remark": null,
        "sector_inf": "BLOCK - G",
        "industrial": "Industrial Area Selar",
        "district_i": "BILASPUR",
        "plotno_inf": "3",
        "uniqueplot": "3",
        "plotactiva": null,
        "plotupdate": null,
        "plot_yesno": "YES",
        "category_i": "INDUSTRIAL PLOT-ALLOTED",
        "quest": null,
        "status_inf": "ALLOTTED",
        "applied_ti": null,
        "alloted_ti": null,
        "allotmentr": null,
        "industri_1": "Industrial Area Selar",
        "industri_2": "Industrial Area Selar",
        "gis_tid": null,
        "st_area_sh": 0.0,
        "st_length_": 0.0,
        "uidv1": "IA-1037",
        "status_from_csidc": "ALLOTTED",
        "uid": "IA-1037"
      }
    },
    {
      "type": "Feature",
      "id": "csidc_industrial_area_with_plots.fid-23377b7a_19c5672bde0_6fea",
      "geometry": {
        "type": "Polygon",
        "coordinates": [
          [
            [
              81.59145125,
              21.29269398
            ],
            [
              81.59103662,
              21.29238099
            ],
            [
              81.59085422,
              21.29258899
            ],
            [
              81.59130154,
              21.29292665
            ],
            [
              81.59145124,
              21.29270086
            ],
            [
              81.59145428,
              21.29269626
            ],
            [
              81.59145125,
              21.29269398
            ]
          ]
        ]
      },
      "geometry_name": "geom",
      "properties": {
        "gid": 6,
        "objectid": 0,
        "district": "RAIPUR",
        "plot_type": "INDUSTRIAL PURPOSE",
        "total_area": 1687.081,
        "reservatio": null,
        "plot_munci": "YES",
        "corner_plo": "YES",
        "premium_ba": 14400000,
        "addi_premi": 4320000,
        "total_prem": 18720000,
        "label": null,
        "tot_premiu": 0.0,
        "location": "Sarora",
        "remark": null,
        "sector_inf": null,
        "industrial": "PLASTIC PARK",
        "district_i": "RAIPUR",
        "plotno_inf": "17",
        "uniqueplot": "17",
        "plotactiva": null,
        "plotupdate": null,
        "plot_yesno": "YES",
        "category_i": "INDUSTRIAL PLOT-ALLOTED",
        "quest": null,
        "status_inf": "ALLOTTED",
        "applied_ti": null,
        "alloted_ti": null,
        "allotmentr": null,
        "industri_1": "PLASTIC PARK",
        "industri_2": "PLASTIC PARK",
        "gis_tid": null,
        "st_area_sh": 0.0,
        "st_length_": 0.0,
        "uidv1": "IA-585",
        "status_from_csidc": "BOOKED",
        "uid": "IA-585"
      }
    },
    {
      "type": "Feature",
      "id": "csidc_industrial_area_with_plots.fid-23377b7a_19c5672bde0_6feb",
      "geometry": {
        "type": "Polygon",
        "coordinates": [
          [
            [
              81.52910363,
              20.68997029
            ],
            [
              81.52910343,
              20.68996953
            ],
            [
              81.52905066,
              20.68976671
            ],
            [
              81.52888353,
              20.68980462
            ],
            [
              81.5289365,
              20.69000819
            ],
            [
              81.52910363,
              20.68997029
            ]
          ]
        ]
      },
      "geometry_name": "geom",
      "properties": {
        "gid": 7,
        "objectid": 6,
        "district": "Dhamtari",
        "plot_type": "INDUSTRIAL PURPOSE",
        "total_area": 540,
        "reservatio": "No",
        "plot_munci": "YES",
        "corner_plo": "No",
        "premium_ba": 4000000,
        "addi_premi": 400000,
        "total_prem": 4400000,
        "label": null,
        "tot_premiu": 0.0,
        "location": "Shyamtarai",
        "remark": null,
        "sector_inf": null,
        "industrial": "Inustrial Area Shyamtarai",
        "district_i": "Dhamtari",
        "plotno_inf": "6",
        "uniqueplot": "6",
        "plotactiva": null,
        "plotupdate": null,
        "plot_yesno": "Yes",
        "category_i": "INDUSTRIAL PLOT-ALLOTED",
        "quest": null,
        "status_inf": "ALLOTTED",
        "applied_ti": null,
        "alloted_ti": null,
        "allotmentr": null,
        "industri_1": "Industrial Area Shyamtarai",
        "industri_2": "Industrial Area Shyamtarai",
        "gis_tid": null,
        "st_area_sh": 3.6030866e-08,
        "st_length_": 0.000763451463747,
        "uidv1": null,
        "status_from_csidc": "ALLOTTED",
        "uid": "IA-2014"
      }
    },
    {
      "type": "Feature",
      "id": "csidc_industrial_area_with_plots.fid-23377b7a_19c5672bde0_6fec",
      "geometry": {
        "type": "Polygon",
        "coordinates": [
          [
            [
              83.85437214,
              22.51679248
            ],
            [
              83.85437226,
              22.51679193
            ],
            [
              83.85436388,
              22.51679215
            ],
            [
              83.85414124,
              22.51676388
            ],
            [
              83.85407898,
              22.51705997
            ],
            [
              83.85430742,
              22.51710025
            ],
            [
              83.85437214,
              22.51679248
            ]
          ]
        ]
      },
      "geometry_name": "geom",
      "properties": {
        "gid": 8,
        "objectid": 0,
        "district": "JASPUR",
        "plot_type": "INDUSTRIAL PURPOSE",
        "total_area": 0.0,
        "reservatio": null,
        "plot_munci": "0",
        "corner_plo": "0",
        "premium_ba": 0.0,
        "addi_premi": 0.0,
        "total_prem": 0.0,
        "label": null,
        "tot_premiu": 0.0,
        "location": "Farshabahar Jaspur",
        "remark": null,
        "sector_inf": null,
        "industrial": "Farshabahar Industrial Area and Food Park",
        "district_i": "JASPUR",
        "plotno_inf": "11",
        "uniqueplot": "11",
        "plotactiva": null,
        "plotupdate": null,
        "plot_yesno": "YES",
        "category_i": "INDUSTRIAL PLOT-ALLOTED",
        "quest": null,
        "status_inf": "AVAILABLE",
        "applied_ti": null,
        "alloted_ti": null,
        "allotmentr": null,
        "industri_1": "Food Park Farshabahar",
        "industri_2": "Food Park Farshabahar",
        "gis_tid": null,
        "st_area_sh": 0.0,
        "st_length_": 0.0,
        "uidv1": "IA-2215",
        "status_from_csidc": "AVAILABLE",
        "uid": "IA-2215"
      }
    },
    {
      "type": "Feature",
      "id": "csidc_industrial_area_with_plots.fid-23377b7a_19c5672bde0_6fed",
      "geometry": {
        "type": "Polygon",
        "coordinates": [
          [
            [
              83.85463004,
              22.51821453
            ],
            [
              83.85445103,
              22.51818297
            ],
            [
              83.85436828,
              22.51857648
            ],
            [
              83.85440643,
              22.51859092
            ],
            [
              83.85454744,
              22.51860734
            ],
            [
              83.85463004,
              22.51821453
            ]
          ]
        ]
      },
      "geometry_name": "geom",
      "properties": {
        "gid": 10,
        "objectid": 0,
        "district": "JASPUR",
        "plot_type": "INDUSTRIAL PURPOSE",
        "total_area": 0.0,
        "reservatio": null,
        "plot_munci": "0",
        "corner_plo": "0",
        "premium_ba": 0.0,
        "addi_premi": 0.0,
        "total_prem": 0.0,
        "label": null,
        "tot_premiu": 0.0,
        "location": "Farshabahar Jaspur",
        "remark": null,
        "sector_inf": null,
        "industrial": "Farshabahar Industrial Area and Food Park",
        "district_i": "JASPUR",
        "plotno_inf": "32",
        "uniqueplot": "32",
        "plotactiva": null,
        "plotupdate": null,
        "plot_yesno": "YES",
        "category_i": "INDUSTRIAL PLOT - AVAILABLE",
        "quest": null,
        "status_inf": "AVAILABLE",
        "applied_ti": null,
        "alloted_ti": null,
        "allotmentr": null,
        "industri_1": "Food Park Farshabahar",
        "industri_2": "Food Park Farshabahar",
        "gis_tid": null,
        "st_area_sh": 0.0,
        "st_length_": 0.0,
        "uidv1": "IA-2236",
        "status_from_csidc": "AVAILABLE",
        "uid": "IA-2236"
      }
    },
    {
      "type": "Feature",
      "id": "csidc_industrial_area_with_plots.fid-23377b7a_19c5672bde0_6fee",
      "geometry": {
        "type": "Polygon",
        "coordinates": [
          [
            [
              83.85568984,
              22.51876602
            ],
            [
              83.85549094,
              22.51873095
            ],
            [
              83.855417,
              22.51908257
            ],
            [
              83.85557597,
              22.5191109
            ],
            [
              83.85557607,
              22.51911091
            ],
            [
              83.85558229,
              22.51911158
            ],
            [
              83.85558271,
              22.51911156
            ],
            [
              83.85558501,
              22.51911149
            ],
            [
              83.85558942,
              22.51911124
            ],
            [
              83.85559203,
              22.51911078
            ],
            [
              83.85559597,
              22.51910993
            ],
            [
              83.85559859,
              22.51910907
            ],
            [
              83.85560217,
              22.51910767
            ],
            [
              83.85560465,
              22.51910644
            ],
            [
              83.85560787,
              22.51910452
            ],
            [
              83.85561008,
              22.51910295
            ],
            [
              83.8556129,
              22.51910053
            ],
            [
              83.85561477,
              22.51909872
            ],
            [
              83.85561715,
              22.5190958
            ],
            [
              83.85561859,
              22.51909386
            ],
            [
              83.85562054,
              22.51909027
            ],
            [
              83.85562144,
              22.51908849
            ],
            [
              83.85562324,
              22.51908277
            ],
            [
              83.85568984,
              22.51876602
            ]
          ]
        ]
      },
      "geometry_name": "geom",
      "properties": {
        "gid": 11,
        "objectid": 0,
        "district": "JASPUR",
        "plot_type": "INDUSTRIAL PURPOSE",
        "total_area": 720,
        "reservatio": null,
        "plot_munci": "No",
        "corner_plo": "No",
        "premium_ba": 4800000,
        "addi_premi": 0.0,
        "total_prem": 4800000,
        "label": null,
        "tot_premiu": 4800000,
        "location": "Farshabahar Jaspur",
        "remark": null,
        "sector_inf": null,
        "industrial": "Farshabahar Industrial Area and Food Park",
        "district_i": "JASPUR",
        "plotno_inf": "22",
        "uniqueplot": "22",
        "plotactiva": null,
        "plotupdate": null,
        "plot_yesno": "YES",
        "category_i": "INDUSTRIAL PLOT-ALLOTED",
        "quest": null,
        "status_inf": "AVAILABLE",
        "applied_ti": null,
        "alloted_ti": null,
        "allotmentr": null,
        "industri_1": "Food Park Farshabahar",
        "industri_2": "Food Park Farshabahar",
        "gis_tid": null,
        "st_area_sh": 0.0,
        "st_length_": 0.0,
        "uidv1": "IA-2225",
        "status_from_csidc": "AVAILABLE",
        "uid": "IA-2225"
      }
    },
    {
      "type": "Feature",
      "id": "csidc_industrial_area_with_plots.fid-23377b7a_19c5672bde0_6fef",
      "geometry": {
        "type": "Polygon",
        "coordinates": [
          [
            [
              83.85653564,
              22.51882343
            ],
            [
              83.85639466,
              22.51879857
            ],
            [
              83.85633458,
              22.51878798
            ],
            [
              83.85628837,
              22.51900772
            ],
            [
              83.85624172,
              22.51922961
            ],
            [
              83.85624164,
              22.51922996
            ],
            [
              83.85644045,
              22.51926545
            ],
            [
              83.85653564,
              22.51882343
            ]
          ]
        ]
      },
      "geometry_name": "geom",
      "properties": {
        "gid": 12,
        "objectid": 0,
        "district": "JASPUR",
        "plot_type": "INDUSTRIAL PURPOSE",
        "total_area": 0.0,
        "reservatio": null,
        "plot_munci": "0",
        "corner_plo": "0",
        "premium_ba": 0.0,
        "addi_premi": 0.0,
        "total_prem": 0.0,
        "label": null,
        "tot_premiu": 0.0,
        "location": "Farshabahar Jaspur",
        "remark": null,
        "sector_inf": null,
        "industrial": "Farshabahar Industrial Area and Food Park",
        "district_i": "JASPUR",
        "plotno_inf": "21",
        "uniqueplot": "21",
        "plotactiva": null,
        "plotupdate": null,
        "plot_yesno": "YES",
        "category_i": "INDUSTRIAL PLOT-ALLOTED",
        "quest": null,
        "status_inf": "AVAILABLE",
        "applied_ti": null,
        "alloted_ti": null,
        "allotmentr": null,
        "industri_1": "Food Park Farshabahar",
        "industri_2": "Food Park Farshabahar",
        "gis_tid": null,
        "st_area_sh": 0.0,
        "st_length_": 0.0,
        "uidv1": "IA-2226",
        "status_from_csidc": "AVAILABLE",
        "uid": "IA-2226"
      }
    },
    {
      "type": "Feature",
      "id": "csidc_industrial_area_with_plots.fid-23377b7a_19c5672bde0_6ff0",
      "geometry": {
        "type": "Polygon",
        "coordinates": [
          [
            [
              81.70777097,
              18.39672732
            ],
            [
              81.70772539,
              18.39650784
            ],
            [
              81.70744001,
              18.39656318
            ],
            [
              81.70748558,
              18.39678266
            ],
            [
              81.70777097,
              18.39672732
            ]
          ]
        ]
      },
      "geometry_name": "geom",
      "properties": {
        "gid": 13,
        "objectid": 10,
        "district": "SUKMA",
        "plot_type": "Industrial Purpose",
        "total_area": 750,
        "reservatio": "YES",
        "plot_munci": "YES",
        "corner_plo": "NO",
        "premium_ba": 4000000,
        "addi_premi": 800000,
        "total_prem": 4800000,
        "label": null,
        "tot_premiu": 0.0,
        "location": "SUKMA",
        "remark": null,
        "sector_inf": null,
        "industrial": "Food Park Sukma",
        "district_i": "Sukma",
        "plotno_inf": "10",
        "uniqueplot": "10",
        "plotactiva": null,
        "plotupdate": null,
        "plot_yesno": "Yes",
        "category_i": "INDUSTRIAL PLOT-ALLOTED",
        "quest": null,
        "status_inf": "AVAILABLE",
        "applied_ti": null,
        "alloted_ti": null,
        "allotmentr": null,
        "industri_1": "Food Park Sukma",
        "industri_2": "Food Park Sukma",
        "gis_tid": null,
        "st_area_sh": 0.0,
        "st_length_": 0.0,
        "uidv1": null,
        "status_from_csidc": "AVAILABLE",
        "uid": "IA-2045"
      }
    },
    {
      "type": "Feature",
      "id": "csidc_industrial_area_with_plots.fid-23377b7a_19c5672bde0_6ff1",
      "geometry": {
        "type": "Polygon",
        "coordinates": [
          [
            [
              81.69337577,
              20.96934505
            ],
            [
              81.69358257,
              20.96924152
            ],
            [
              81.69347287,
              20.96904696
            ],
            [
              81.69305928,
              20.96925402
            ],
            [
              81.69316897,
              20.96944857
            ],
            [
              81.69337577,
              20.96934505
            ]
          ]
        ]
      },
      "geometry_name": "geom",
      "properties": {
        "gid": 9,
        "objectid": 16,
        "district": "Dhamtari",
        "plot_type": "INDUSTRIAL PURPOSE",
        "total_area": 1250,
        "reservatio": "No",
        "plot_munci": "No",
        "corner_plo": "No",
        "premium_ba": 10000000,
        "addi_premi": 0.0,
        "total_prem": 10000000,
        "label": null,
        "tot_premiu": 0.0,
        "location": "G-Jamgoan",
        "remark": null,
        "sector_inf": null,
        "industrial": "Industrial Area G-Jamgoan",
        "district_i": "Dhamtari",
        "plotno_inf": "16",
        "uniqueplot": "16",
        "plotactiva": null,
        "plotupdate": null,
        "plot_yesno": "YES",
        "category_i": "INDUSTRIAL PLOT-ALLOTED",
        "quest": null,
        "status_inf": "AVAILABLE",
        "applied_ti": null,
        "alloted_ti": null,
        "allotmentr": null,
        "industri_1": "Industrial Area G-Jamgoan",
        "industri_2": "Industrial Area G-Jamgoan",
        "gis_tid": null,
        "st_area_sh": 0.0,
        "st_length_": 0.0,
        "uidv1": null,
        "status_from_csidc": "AVAILABLE",
        "uid": "IA-1979"
      }
    },
    {
      "type": "Feature",
      "id": "csidc_industrial_area_with_plots.fid-23377b7a_19c5672bde0_6ff2",
      "geometry": {
        "type": "Polygon",
        "coordinates": [
          [
            [
              81.70781108,
              18.39692046
            ],
            [
              81.70777097,
              18.39672732
            ],
            [
              81.70748558,
              18.39678266
            ],
            [
              81.70753116,
              18.39700214
            ],
            [
              81.70778801,
              18.39695233
            ],
            [
              81.70779288,
              18.39695097
            ],
            [
              81.70779744,
              18.39694885
            ],
            [
              81.70780154,
              18.39694604
            ],
            [
              81.70780507,
              18.39694262
            ],
            [
              81.70780791,
              18.39693869
            ],
            [
              81.70780999,
              18.39693437
            ],
            [
              81.70781122,
              18.39692981
            ],
            [
              81.70781159,
              18.39692512
            ],
            [
              81.70781108,
              18.39692046
            ]
          ]
        ]
      },
      "geometry_name": "geom",
      "properties": {
        "gid": 14,
        "objectid": 9,
        "district": "SUKMA",
        "plot_type": "Industrial Purpose",
        "total_area": 748.07,
        "reservatio": "YES",
        "plot_munci": "YES",
        "corner_plo": "YES",
        "premium_ba": 4000000,
        "addi_premi": 1200000,
        "total_prem": 5200000,
        "label": null,
        "tot_premiu": 0.0,
        "location": "SUKMA",
        "remark": null,
        "sector_inf": null,
        "industrial": "Food Park Sukma",
        "district_i": "Sukma",
        "plotno_inf": "9",
        "uniqueplot": "9",
        "plotactiva": null,
        "plotupdate": null,
        "plot_yesno": "Yes",
        "category_i": "INDUSTRIAL PLOT-ALLOTED",
        "quest": null,
        "status_inf": "AVAILABLE",
        "applied_ti": null,
        "alloted_ti": null,
        "allotmentr": null,
        "industri_1": "Food Park Sukma",
        "industri_2": "Food Park Sukma",
        "gis_tid": null,
        "st_area_sh": 0.0,
        "st_length_": 0.0,
        "uidv1": null,
        "status_from_csidc": "AVAILABLE",
        "uid": "IA-2047"
      }
    },
    {
      "type": "Feature",
      "id": "csidc_industrial_area_with_plots.fid-23377b7a_19c5672bde0_6ff3",
      "geometry": {
        "type": "Polygon",
        "coordinates": [
          [
            [
              81.70680384,
              18.39654954
            ],
            [
              81.70677649,
              18.39641785
            ],
            [
              81.7064911,
              18.39647318
            ],
            [
              81.70651845,
              18.39660487
            ],
            [
              81.70680384,
              18.39654954
            ]
          ]
        ]
      },
      "geometry_name": "geom",
      "properties": {
        "gid": 15,
        "objectid": 16,
        "district": "SUKMA",
        "plot_type": "Industrial Purpose",
        "total_area": 450,
        "reservatio": "YES",
        "plot_munci": "YES",
        "corner_plo": "YES",
        "premium_ba": 4000000,
        "addi_premi": 1200000,
        "total_prem": 5200000,
        "label": null,
        "tot_premiu": 0.0,
        "location": "SUKMA",
        "remark": null,
        "sector_inf": null,
        "industrial": "Food Park Sukma",
        "district_i": "Sukma",
        "plotno_inf": "16",
        "uniqueplot": "16",
        "plotactiva": null,
        "plotupdate": null,
        "plot_yesno": "Yes",
        "category_i": "INDUSTRIAL PLOT-ALLOTED",
        "quest": null,
        "status_inf": "AVAILABLE",
        "applied_ti": null,
        "alloted_ti": null,
        "allotmentr": null,
        "industri_1": "Food Park Sukma",
        "industri_2": "Food Park Sukma",
        "gis_tid": null,
        "st_area_sh": 0.0,
        "st_length_": 0.0,
        "uidv1": null,
        "status_from_csidc": "AVAILABLE",
        "uid": "IA-2050"
      }
    },
    {
      "type": "Feature",
      "id": "csidc_industrial_area_with_plots.fid-23377b7a_19c5672bde0_6ff4",
      "geometry": {
        "type": "Polygon",
        "coordinates": [
          [
            [
              81.70766906,
              18.39480459
            ],
            [
              81.7074778,
              18.39483892
            ],
            [
              81.70751426,
              18.39501451
            ],
            [
              81.70770452,
              18.39497762
            ],
            [
              81.70766906,
              18.39480459
            ]
          ]
        ]
      },
      "geometry_name": "geom",
      "properties": {
        "gid": 16,
        "objectid": 40,
        "district": "SUKMA",
        "plot_type": "Industrial Purpose",
        "total_area": 400,
        "reservatio": "YES",
        "plot_munci": "YES",
        "corner_plo": "NO",
        "premium_ba": 4000000,
        "addi_premi": 800000,
        "total_prem": 4800000,
        "label": null,
        "tot_premiu": 0.0,
        "location": "SUKMA",
        "remark": null,
        "sector_inf": null,
        "industrial": "Food Park Sukma",
        "district_i": "Sukma",
        "plotno_inf": "40",
        "uniqueplot": "40",
        "plotactiva": null,
        "plotupdate": null,
        "plot_yesno": "Yes",
        "category_i": "INDUSTRIAL PLOT-ALLOTED",
        "quest": null,
        "status_inf": "AVAILABLE",
        "applied_ti": null,
        "alloted_ti": null,
        "allotmentr": null,
        "industri_1": "Food Park Sukma",
        "industri_2": "Food Park Sukma",
        "gis_tid": null,
        "st_area_sh": 0.0,
        "st_length_": 0.0,
        "uidv1": null,
        "status_from_csidc": "AVAILABLE",
        "uid": "IA-2048"
      }
    },
    {
      "type": "Feature",
      "id": "csidc_industrial_area_with_plots.fid-23377b7a_19c5672bde0_6ff5",
      "geometry": {
        "type": "Polygon",
        "coordinates": [
          [
            [
              81.70753116,
              18.39700214
            ],
            [
              81.70748558,
              18.39678266
            ],
            [
              81.70710506,
              18.39685644
            ],
            [
              81.70714517,
              18.39704958
            ],
            [
              81.70714655,
              18.39705407
            ],
            [
              81.70714876,
              18.39705825
            ],
            [
              81.70715173,
              18.397062
            ],
            [
              81.70715536,
              18.39706521
            ],
            [
              81.70715956,
              18.39706778
            ],
            [
              81.70716418,
              18.39706962
            ],
            [
              81.70716909,
              18.39707068
            ],
            [
              81.70717414,
              18.39707094
            ],
            [
              81.70717918,
              18.39707038
            ],
            [
              81.70753116,
              18.39700214
            ]
          ]
        ]
      },
      "geometry_name": "geom",
      "properties": {
        "gid": 17,
        "objectid": 8,
        "district": "SUKMA",
        "plot_type": "Industrial Purpose",
        "total_area": 998.07,
        "reservatio": "NO",
        "plot_munci": "YES",
        "corner_plo": "YES",
        "premium_ba": 4000000,
        "addi_premi": 1200000,
        "total_prem": 5200000,
        "label": null,
        "tot_premiu": 0.0,
        "location": "SUKMA",
        "remark": null,
        "sector_inf": null,
        "industrial": "Food Park Sukma",
        "district_i": "Sukma",
        "plotno_inf": "8",
        "uniqueplot": "8",
        "plotactiva": null,
        "plotupdate": null,
        "plot_yesno": "Yes",
        "category_i": "INDUSTRIAL PLOT-ALLOTED",
        "quest": null,
        "status_inf": "ALLOTTED",
        "applied_ti": null,
        "alloted_ti": null,
        "allotmentr": null,
        "industri_1": "Food Park Sukma",
        "industri_2": "Food Park Sukma",
        "gis_tid": null,
        "st_area_sh": 0.0,
        "st_length_": 0.0,
        "uidv1": null,
        "status_from_csidc": "ALLOTTED",
        "uid": "IA-2046"
      }
    },
    {
      "type": "Feature",
      "id": "csidc_industrial_area_with_plots.fid-23377b7a_19c5672bde0_6ff6",
      "geometry": {
        "type": "Polygon",
        "coordinates": [
          [
            [
              83.85463144,
              22.51678557
            ],
            [
              83.85463155,
              22.51678502
            ],
            [
              83.85437226,
              22.51679193
            ],
            [
              83.85437214,
              22.51679248
            ],
            [
              83.85430742,
              22.51710025
            ],
            [
              83.85455604,
              22.51714409
            ],
            [
              83.85463144,
              22.51678557
            ]
          ]
        ]
      },
      "geometry_name": "geom",
      "properties": {
        "gid": 18,
        "objectid": 0,
        "district": "JASPUR",
        "plot_type": "INDUSTRIAL PURPOSE",
        "total_area": 0.0,
        "reservatio": null,
        "plot_munci": "0",
        "corner_plo": "0",
        "premium_ba": 0.0,
        "addi_premi": 0.0,
        "total_prem": 0.0,
        "label": null,
        "tot_premiu": 0.0,
        "location": "Farshabahar Jaspur",
        "remark": null,
        "sector_inf": null,
        "industrial": "Farshabahar Industrial Area and Food Park",
        "district_i": "JASPUR",
        "plotno_inf": "10",
        "uniqueplot": "10",
        "plotactiva": null,
        "plotupdate": null,
        "plot_yesno": "YES",
        "category_i": "INDUSTRIAL PLOT-ALLOTED",
        "quest": null,
        "status_inf": "AVAILABLE",
        "applied_ti": null,
        "alloted_ti": null,
        "allotmentr": null,
        "industri_1": "Food Park Farshabahar",
        "industri_2": "Food Park Farshabahar",
        "gis_tid": null,
        "st_area_sh": 0.0,
        "st_length_": 0.0,
        "uidv1": "IA-2214",
        "status_from_csidc": "AVAILABLE",
        "uid": "IA-2214"
      }
    },
    {
      "type": "Feature",
      "id": "csidc_industrial_area_with_plots.fid-23377b7a_19c5672bde0_6ff7",
      "geometry": {
        "type": "Polygon",
        "coordinates": [
          [
            [
              83.85488465,
              22.51680757
            ],
            [
              83.85488476,
              22.51680703
            ],
            [
              83.85482094,
              22.51681665
            ],
            [
              83.85464447,
              22.51678468
            ],
            [
              83.85463155,
              22.51678502
            ],
            [
              83.85463144,
              22.51678557
            ],
            [
              83.85455604,
              22.51714409
            ],
            [
              83.85480467,
              22.51718793
            ],
            [
              83.85488465,
              22.51680757
            ]
          ]
        ]
      },
      "geometry_name": "geom",
      "properties": {
        "gid": 19,
        "objectid": 0,
        "district": "JASPUR",
        "plot_type": "INDUSTRIAL PURPOSE",
        "total_area": 1034,
        "reservatio": null,
        "plot_munci": "No",
        "corner_plo": "No",
        "premium_ba": 4800000,
        "addi_premi": 0.0,
        "total_prem": 4800000,
        "label": null,
        "tot_premiu": 4800000,
        "location": "Farshabahar Jaspur",
        "remark": null,
        "sector_inf": null,
        "industrial": "Farshabahar Industrial Area and Food Park",
        "district_i": "JASPUR",
        "plotno_inf": "9",
        "uniqueplot": "9",
        "plotactiva": null,
        "plotupdate": null,
        "plot_yesno": "YES",
        "category_i": "INDUSTRIAL PLOT-ALLOTED",
        "quest": null,
        "status_inf": "AVAILABLE",
        "applied_ti": null,
        "alloted_ti": null,
        "allotmentr": null,
        "industri_1": "Food Park Farshabahar",
        "industri_2": "Food Park Farshabahar",
        "gis_tid": null,
        "st_area_sh": 0.0,
        "st_length_": 0.0,
        "uidv1": "IA-2213",
        "status_from_csidc": "AVAILABLE",
        "uid": "IA-2213"
      }
    },
    {
      "type": "Feature",
      "id": "csidc_industrial_area_with_plots.fid-23377b7a_19c5672bde0_6ff8",
      "geometry": {
        "type": "Polygon",
        "coordinates": [
          [
            [
              83.85513202,
              22.51685735
            ],
            [
              83.85513257,
              22.51685476
            ],
            [
              83.85513268,
              22.51685421
            ],
            [
              83.85488551,
              22.51680692
            ],
            [
              83.85488476,
              22.51680703
            ],
            [
              83.85488465,
              22.51680757
            ],
            [
              83.85480467,
              22.51718793
            ],
            [
              83.85505329,
              22.51723177
            ],
            [
              83.85513202,
              22.51685735
            ]
          ]
        ]
      },
      "geometry_name": "geom",
      "properties": {
        "gid": 20,
        "objectid": 0,
        "district": "JASPUR",
        "plot_type": "INDUSTRIAL PURPOSE",
        "total_area": 1079,
        "reservatio": null,
        "plot_munci": "No",
        "corner_plo": "No",
        "premium_ba": 4800000,
        "addi_premi": 0.0,
        "total_prem": 4800000,
        "label": null,
        "tot_premiu": 4800000,
        "location": "Farshabahar Jaspur",
        "remark": null,
        "sector_inf": null,
        "industrial": "Farshabahar Industrial Area and Food Park",
        "district_i": "JASPUR",
        "plotno_inf": "8",
        "uniqueplot": "8",
        "plotactiva": null,
        "plotupdate": null,
        "plot_yesno": "YES",
        "category_i": "INDUSTRIAL PLOT-ALLOTED",
        "quest": null,
        "status_inf": "AVAILABLE",
        "applied_ti": null,
        "alloted_ti": null,
        "allotmentr": null,
        "industri_1": "Food Park Farshabahar",
        "industri_2": "Food Park Farshabahar",
        "gis_tid": null,
        "st_area_sh": 0.0,
        "st_length_": 0.0,
        "uidv1": "IA-2212",
        "status_from_csidc": "AVAILABLE",
        "uid": "IA-2212"
      }
    },
    {
      "type": "Feature",
      "id": "csidc_industrial_area_with_plots.fid-23377b7a_19c5672bde0_6ff9",
      "geometry": {
        "type": "Polygon",
        "coordinates": [
          [
            [
              81.70748558,
              18.39678266
            ],
            [
              81.70744001,
              18.39656318
            ],
            [
              81.70705949,
              18.39663696
            ],
            [
              81.70710506,
              18.39685644
            ],
            [
              81.70748558,
              18.39678266
            ]
          ]
        ]
      },
      "geometry_name": "geom",
      "properties": {
        "gid": 21,
        "objectid": 7,
        "district": "SUKMA",
        "plot_type": "Industrial Purpose",
        "total_area": 1000,
        "reservatio": "NO",
        "plot_munci": "YES",
        "corner_plo": "YES",
        "premium_ba": 4000000,
        "addi_premi": 1200000,
        "total_prem": 5200000,
        "label": null,
        "tot_premiu": 0.0,
        "location": "SUKMA",
        "remark": null,
        "sector_inf": null,
        "industrial": "Food Park Sukma",
        "district_i": "Sukma",
        "plotno_inf": "7",
        "uniqueplot": "7",
        "plotactiva": null,
        "plotupdate": null,
        "plot_yesno": "Yes",
        "category_i": "INDUSTRIAL PLOT-ALLOTED",
        "quest": null,
        "status_inf": "ALLOTTED",
        "applied_ti": null,
        "alloted_ti": null,
        "allotmentr": null,
        "industri_1": "Food Park Sukma",
        "industri_2": "Food Park Sukma",
        "gis_tid": null,
        "st_area_sh": 0.0,
        "st_length_": 0.0,
        "uidv1": null,
        "status_from_csidc": "ALLOTTED",
        "uid": "IA-2049"
      }
    },
    {
      "type": "Feature",
      "id": "csidc_industrial_area_with_plots.fid-23377b7a_19c5672bde0_6ffa",
      "geometry": {
        "type": "Polygon",
        "coordinates": [
          [
            [
              81.70767982,
              18.39628837
            ],
            [
              81.70765247,
              18.39615668
            ],
            [
              81.70736709,
              18.39621201
            ],
            [
              81.70739443,
              18.3963437
            ],
            [
              81.70767982,
              18.39628837
            ]
          ]
        ]
      },
      "geometry_name": "geom",
      "properties": {
        "gid": 22,
        "objectid": 12,
        "district": "SUKMA",
        "plot_type": "Industrial Purpose",
        "total_area": 450,
        "reservatio": "YES",
        "plot_munci": "YES",
        "corner_plo": "NO",
        "premium_ba": 4000000,
        "addi_premi": 800000,
        "total_prem": 4800000,
        "label": null,
        "tot_premiu": 0.0,
        "location": "SUKMA",
        "remark": null,
        "sector_inf": null,
        "industrial": "Food Park Sukma",
        "district_i": "Sukma",
        "plotno_inf": "12",
        "uniqueplot": "12",
        "plotactiva": null,
        "plotupdate": null,
        "plot_yesno": "Yes",
        "category_i": "INDUSTRIAL PLOT-ALLOTED",
        "quest": null,
        "status_inf": "AVAILABLE",
        "applied_ti": null,
        "alloted_ti": null,
        "allotmentr": null,
        "industri_1": "Food Park Sukma",
        "industri_2": "Food Park Sukma",
        "gis_tid": null,
        "st_area_sh": 0.0,
        "st_length_": 0.0,
        "uidv1": null,
        "status_from_csidc": "AVAILABLE",
        "uid": "IA-1950"
      }
    },
    {
      "type": "Feature",
      "id": "csidc_industrial_area_with_plots.fid-23377b7a_19c5672bde0_6ffb",
      "geometry": {
        "type": "Polygon",
        "coordinates": [
          [
            [
              81.35846723,
              18.91343521
            ],
            [
              81.3584087,
              18.91343115
            ],
            [
              81.35840434,
              18.91354778
            ],
            [
              81.35846287,
              18.91355183
            ],
            [
              81.35846723,
              18.91343521
            ]
          ]
        ]
      },
      "geometry_name": "geom",
      "properties": {
        "gid": 24,
        "objectid": 1804,
        "district": "Dantewada",
        "plot_type": "INDUSTRIAL PURPOSE",
        "total_area": 0.0,
        "reservatio": null,
        "plot_munci": null,
        "corner_plo": null,
        "premium_ba": 0.0,
        "addi_premi": 0.0,
        "total_prem": 0.0,
        "label": null,
        "tot_premiu": 0.0,
        "location": "Tekanar",
        "remark": null,
        "sector_inf": "Other",
        "industrial": "TEKNAR",
        "district_i": "Dantewada",
        "plotno_inf": "17 B",
        "uniqueplot": null,
        "plotactiva": "2018-01-31Z",
        "plotupdate": null,
        "plot_yesno": "YES",
        "category_i": "INDUSTRIAL PLOT-ALLOTED",
        "quest": null,
        "status_inf": "UNAVAILABLE",
        "applied_ti": null,
        "alloted_ti": null,
        "allotmentr": null,
        "industri_1": null,
        "industri_2": null,
        "gis_tid": null,
        "st_area_sh": 6.843945e-09,
        "st_length_": 0.000350759373212,
        "uidv1": "IA-612",
        "status_from_csidc": null,
        "uid": "IA-612"
      }
    },
    {
      "type": "Feature",
      "id": "csidc_industrial_area_with_plots.fid-23377b7a_19c5672bde0_6ffc",
      "geometry": {
        "type": "Polygon",
        "coordinates": [
          [
            [
              81.70736709,
              18.39621201
            ],
            [
              81.70734886,
              18.39612422
            ],
            [
              81.70696834,
              18.396198
            ],
            [
              81.70701392,
              18.39641748
            ],
            [
              81.70739443,
              18.3963437
            ],
            [
              81.70736709,
              18.39621201
            ]
          ]
        ]
      },
      "geometry_name": "geom",
      "properties": {
        "gid": 25,
        "objectid": 5,
        "district": "SUKMA",
        "plot_type": "Industrial Purpose",
        "total_area": 1000,
        "reservatio": "NO",
        "plot_munci": "YES",
        "corner_plo": "YES",
        "premium_ba": 4000000,
        "addi_premi": 1200000,
        "total_prem": 5200000,
        "label": null,
        "tot_premiu": 0.0,
        "location": "SUKMA",
        "remark": null,
        "sector_inf": null,
        "industrial": "Food Park Sukma",
        "district_i": "Sukma",
        "plotno_inf": "5",
        "uniqueplot": "5",
        "plotactiva": null,
        "plotupdate": null,
        "plot_yesno": "Yes",
        "category_i": "INDUSTRIAL PLOT-ALLOTED",
        "quest": null,
        "status_inf": "ALLOTTED",
        "applied_ti": null,
        "alloted_ti": null,
        "allotmentr": null,
        "industri_1": "Food Park Sukma",
        "industri_2": "Food Park Sukma",
        "gis_tid": null,
        "st_area_sh": 0.0,
        "st_length_": 0.0,
        "uidv1": null,
        "status_from_csidc": "ALLOTTED",
        "uid": "IA-1953"
      }
    },
    {
      "type": "Feature",
      "id": "csidc_industrial_area_with_plots.fid-23377b7a_19c5672bde0_6ffd",
      "geometry": {
        "type": "Polygon",
        "coordinates": [
          [
            [
              81.69304231,
              20.96760601
            ],
            [
              81.69291068,
              20.96737254
            ],
            [
              81.69274524,
              20.96745536
            ],
            [
              81.69287687,
              20.96768883
            ],
            [
              81.69304231,
              20.96760601
            ]
          ]
        ]
      },
      "geometry_name": "geom",
      "properties": {
        "gid": 26,
        "objectid": 32,
        "district": "Dhamtari",
        "plot_type": "INDUSTRIAL PURPOSE",
        "total_area": 600,
        "reservatio": "yes",
        "plot_munci": "No",
        "corner_plo": "No",
        "premium_ba": 10000000,
        "addi_premi": 0.0,
        "total_prem": 10000000,
        "label": null,
        "tot_premiu": 0.0,
        "location": "G-Jamgoan",
        "remark": null,
        "sector_inf": null,
        "industrial": "Industrial Area G-Jamgoan",
        "district_i": "Dhamtari",
        "plotno_inf": "32",
        "uniqueplot": "32",
        "plotactiva": null,
        "plotupdate": null,
        "plot_yesno": "YES",
        "category_i": "INDUSTRIAL PLOT-ALLOTED",
        "quest": null,
        "status_inf": "AVAILABLE",
        "applied_ti": null,
        "alloted_ti": null,
        "allotmentr": null,
        "industri_1": "Industrial Area G-Jamgoan",
        "industri_2": "Industrial Area G-Jamgoan",
        "gis_tid": null,
        "st_area_sh": 0.0,
        "st_length_": 0.0,
        "uidv1": null,
        "status_from_csidc": "AVAILABLE",
        "uid": "IA-1962"
      }
    },
    {
      "type": "Feature",
      "id": "csidc_industrial_area_with_plots.fid-23377b7a_19c5672bde0_6ffe",
      "geometry": {
        "type": "Polygon",
        "coordinates": [
          [
            [
              81.692485,
              20.96710665
            ],
            [
              81.69237531,
              20.9669121
            ],
            [
              81.69220987,
              20.96699492
            ],
            [
              81.69231956,
              20.96718947
            ],
            [
              81.692485,
              20.96710665
            ]
          ]
        ]
      },
      "geometry_name": "geom",
      "properties": {
        "gid": 27,
        "objectid": 38,
        "district": "Dhamtari",
        "plot_type": "INDUSTRIAL PURPOSE",
        "total_area": 500,
        "reservatio": "yes",
        "plot_munci": "No",
        "corner_plo": "No",
        "premium_ba": 10000000,
        "addi_premi": 0.0,
        "total_prem": 10000000,
        "label": null,
        "tot_premiu": 0.0,
        "location": "G-Jamgoan",
        "remark": null,
        "sector_inf": null,
        "industrial": "Industrial Area G-Jamgoan",
        "district_i": "Dhamtari",
        "plotno_inf": "38",
        "uniqueplot": "38",
        "plotactiva": null,
        "plotupdate": null,
        "plot_yesno": "YES",
        "category_i": "INDUSTRIAL PLOT-ALLOTED",
        "quest": null,
        "status_inf": "ALLOTTED",
        "applied_ti": null,
        "alloted_ti": null,
        "allotmentr": null,
        "industri_1": "Industrial Area G-Jamgoan",
        "industri_2": "Industrial Area G-Jamgoan",
        "gis_tid": null,
        "st_area_sh": 0.0,
        "st_length_": 0.0,
        "uidv1": null,
        "status_from_csidc": "ALLOTTED",
        "uid": "IA-1956"
      }
    },
    {
      "type": "Feature",
      "id": "csidc_industrial_area_with_plots.fid-23377b7a_19c5672bde0_6fff",
      "geometry": {
        "type": "Polygon",
        "coordinates": [
          [
            [
              81.69265044,
              20.96702383
            ],
            [
              81.69254075,
              20.96682927
            ],
            [
              81.69237531,
              20.9669121
            ],
            [
              81.692485,
              20.96710665
            ],
            [
              81.69265044,
              20.96702383
            ]
          ]
        ]
      },
      "geometry_name": "geom",
      "properties": {
        "gid": 28,
        "objectid": 39,
        "district": "Dhamtari",
        "plot_type": "INDUSTRIAL PURPOSE",
        "total_area": 500,
        "reservatio": "yes",
        "plot_munci": "No",
        "corner_plo": "No",
        "premium_ba": 10000000,
        "addi_premi": 0.0,
        "total_prem": 10000000,
        "label": null,
        "tot_premiu": 0.0,
        "location": "G-Jamgoan",
        "remark": null,
        "sector_inf": null,
        "industrial": "Industrial Area G-Jamgoan",
        "district_i": "Dhamtari",
        "plotno_inf": "39",
        "uniqueplot": "39",
        "plotactiva": null,
        "plotupdate": null,
        "plot_yesno": "YES",
        "category_i": "INDUSTRIAL PLOT-ALLOTED",
        "quest": null,
        "status_inf": "AVAILABLE",
        "applied_ti": null,
        "alloted_ti": null,
        "allotmentr": null,
        "industri_1": "Industrial Area G-Jamgoan",
        "industri_2": "Industrial Area G-Jamgoan",
        "gis_tid": null,
        "st_area_sh": 0.0,
        "st_length_": 0.0,
        "uidv1": null,
        "status_from_csidc": "AVAILABLE",
        "uid": "IA-1955"
      }
    },
    {
      "type": "Feature",
      "id": "csidc_industrial_area_with_plots.fid-23377b7a_19c5672bde0_7000",
      "geometry": {
        "type": "Polygon",
        "coordinates": [
          [
            [
              81.69274524,
              20.96745536
            ],
            [
              81.69261361,
              20.96722189
            ],
            [
              81.69244817,
              20.96730471
            ],
            [
              81.6925798,
              20.96753818
            ],
            [
              81.69274524,
              20.96745536
            ]
          ]
        ]
      },
      "geometry_name": "geom",
      "properties": {
        "gid": 29,
        "objectid": 36,
        "district": "Dhamtari",
        "plot_type": "INDUSTRIAL PURPOSE",
        "total_area": 600,
        "reservatio": "No",
        "plot_munci": "No",
        "corner_plo": "No",
        "premium_ba": 10000000,
        "addi_premi": 0.0,
        "total_prem": 10000000,
        "label": null,
        "tot_premiu": 0.0,
        "location": "G-Jamgoan",
        "remark": null,
        "sector_inf": null,
        "industrial": "Industrial Area G-Jamgoan",
        "district_i": "Dhamtari",
        "plotno_inf": "36",
        "uniqueplot": "36",
        "plotactiva": null,
        "plotupdate": null,
        "plot_yesno": "YES",
        "category_i": "INDUSTRIAL PLOT-ALLOTED",
        "quest": null,
        "status_inf": "ALLOTTED",
        "applied_ti": null,
        "alloted_ti": null,
        "allotmentr": null,
        "industri_1": "Industrial Area G-Jamgoan",
        "industri_2": "Industrial Area G-Jamgoan",
        "gis_tid": null,
        "st_area_sh": 0.0,
        "st_length_": 0.0,
        "uidv1": null,
        "status_from_csidc": "BOOKED",
        "uid": "IA-1959"
      }
    },
    {
      "type": "Feature",
      "id": "csidc_industrial_area_with_plots.fid-23377b7a_19c5672bde0_7001",
      "geometry": {
        "type": "Polygon",
        "coordinates": [
          [
            [
              81.6925798,
              20.96753818
            ],
            [
              81.69244817,
              20.96730471
            ],
            [
              81.69228273,
              20.96738753
            ],
            [
              81.69241437,
              20.967621
            ],
            [
              81.6925798,
              20.96753818
            ]
          ]
        ]
      },
      "geometry_name": "geom",
      "properties": {
        "gid": 30,
        "objectid": 37,
        "district": "Dhamtari",
        "plot_type": "INDUSTRIAL PURPOSE",
        "total_area": 600,
        "reservatio": "No",
        "plot_munci": "No",
        "corner_plo": "No",
        "premium_ba": 10000000,
        "addi_premi": 0.0,
        "total_prem": 10000000,
        "label": null,
        "tot_premiu": 0.0,
        "location": "G-Jamgoan",
        "remark": null,
        "sector_inf": null,
        "industrial": "Industrial Area G-Jamgoan",
        "district_i": "Dhamtari",
        "plotno_inf": "37",
        "uniqueplot": "37",
        "plotactiva": null,
        "plotupdate": null,
        "plot_yesno": "YES",
        "category_i": "INDUSTRIAL PLOT-ALLOTED",
        "quest": null,
        "status_inf": "ALLOTTED",
        "applied_ti": null,
        "alloted_ti": null,
        "allotmentr": null,
        "industri_1": "Industrial Area G-Jamgoan",
        "industri_2": "Industrial Area G-Jamgoan",
        "gis_tid": null,
        "st_area_sh": 0.0,
        "st_length_": 0.0,
        "uidv1": null,
        "status_from_csidc": "BOOKED",
        "uid": "IA-1961"
      }
    },
    {
      "type": "Feature",
      "id": "csidc_industrial_area_with_plots.fid-23377b7a_19c5672bde0_7002",
      "geometry": {
        "type": "Polygon",
        "coordinates": [
          [
            [
              81.69286551,
              20.96691617
            ],
            [
              81.69274591,
              20.96675178
            ],
            [
              81.69268651,
              20.9667563
            ],
            [
              81.69254075,
              20.96682927
            ],
            [
              81.69265044,
              20.96702383
            ],
            [
              81.69286551,
              20.96691617
            ]
          ]
        ]
      },
      "geometry_name": "geom",
      "properties": {
        "gid": 31,
        "objectid": 40,
        "district": "Dhamtari",
        "plot_type": "INDUSTRIAL PURPOSE",
        "total_area": 635,
        "reservatio": "yes",
        "plot_munci": "No",
        "corner_plo": "Yes",
        "premium_ba": 10000000,
        "addi_premi": 1000000,
        "total_prem": 11000000,
        "label": null,
        "tot_premiu": 0.0,
        "location": "G-Jamgoan",
        "remark": null,
        "sector_inf": null,
        "industrial": "Industrial Area G-Jamgoan",
        "district_i": "Dhamtari",
        "plotno_inf": "40",
        "uniqueplot": "40",
        "plotactiva": null,
        "plotupdate": null,
        "plot_yesno": "YES",
        "category_i": "INDUSTRIAL PLOT-ALLOTED",
        "quest": null,
        "status_inf": "ALLOTTED",
        "applied_ti": null,
        "alloted_ti": null,
        "allotmentr": null,
        "industri_1": "Industrial Area G-Jamgoan",
        "industri_2": "Industrial Area G-Jamgoan",
        "gis_tid": null,
        "st_area_sh": 0.0,
        "st_length_": 0.0,
        "uidv1": null,
        "status_from_csidc": "BOOKED",
        "uid": "IA-1954"
      }
    },
    {
      "type": "Feature",
      "id": "csidc_industrial_area_with_plots.fid-23377b7a_19c5672bde0_7003",
      "geometry": {
        "type": "Polygon",
        "coordinates": [
          [
            [
              81.35870135,
              18.91345141
            ],
            [
              81.35864282,
              18.91344736
            ],
            [
              81.35863846,
              18.91356399
            ],
            [
              81.35869699,
              18.91356804
            ],
            [
              81.35870135,
              18.91345141
            ]
          ]
        ]
      },
      "geometry_name": "geom",
      "properties": {
        "gid": 34,
        "objectid": 1808,
        "district": "Dantewada",
        "plot_type": "INDUSTRIAL PURPOSE",
        "total_area": 0.0,
        "reservatio": null,
        "plot_munci": null,
        "corner_plo": null,
        "premium_ba": 0.0,
        "addi_premi": 0.0,
        "total_prem": 0.0,
        "label": null,
        "tot_premiu": 0.0,
        "location": "Tekanar",
        "remark": null,
        "sector_inf": "Other",
        "industrial": "TEKNAR",
        "district_i": "Dantewada",
        "plotno_inf": "17 F",
        "uniqueplot": null,
        "plotactiva": "2018-01-31Z",
        "plotupdate": null,
        "plot_yesno": "YES",
        "category_i": "INDUSTRIAL PLOT-ALLOTED",
        "quest": null,
        "status_inf": "UNAVAILABLE",
        "applied_ti": null,
        "alloted_ti": null,
        "allotmentr": null,
        "industri_1": null,
        "industri_2": null,
        "gis_tid": null,
        "st_area_sh": 6.843941e-09,
        "st_length_": 0.000350759298463,
        "uidv1": "IA-616",
        "status_from_csidc": null,
        "uid": "IA-616"
      }
    },
    {
      "type": "Feature",
      "id": "csidc_industrial_area_with_plots.fid-23377b7a_19c5672bde0_7004",
      "geometry": {
        "type": "Polygon",
        "coordinates": [
          [
            [
              81.69300728,
              20.96820233
            ],
            [
              81.69304864,
              20.96818162
            ],
            [
              81.69287313,
              20.96787033
            ],
            [
              81.69266633,
              20.96797385
            ],
            [
              81.69284184,
              20.96828515
            ],
            [
              81.69300728,
              20.96820233
            ]
          ]
        ]
      },
      "geometry_name": "geom",
      "properties": {
        "gid": 37,
        "objectid": 28,
        "district": "Dhamtari",
        "plot_type": "INDUSTRIAL PURPOSE",
        "total_area": 1000,
        "reservatio": "yes",
        "plot_munci": "No",
        "corner_plo": "No",
        "premium_ba": 10000000,
        "addi_premi": 0.0,
        "total_prem": 10000000,
        "label": null,
        "tot_premiu": 0.0,
        "location": "G-Jamgoan",
        "remark": null,
        "sector_inf": null,
        "industrial": "Industrial Area G-Jamgoan",
        "district_i": "Dhamtari",
        "plotno_inf": "28",
        "uniqueplot": "28",
        "plotactiva": null,
        "plotupdate": null,
        "plot_yesno": "YES",
        "category_i": "INDUSTRIAL PLOT-ALLOTED",
        "quest": null,
        "status_inf": "ALLOTTED",
        "applied_ti": null,
        "alloted_ti": null,
        "allotmentr": null,
        "industri_1": "Industrial Area G-Jamgoan",
        "industri_2": "Industrial Area G-Jamgoan",
        "gis_tid": null,
        "st_area_sh": 0.0,
        "st_length_": 0.0,
        "uidv1": null,
        "status_from_csidc": "ALLOTTED",
        "uid": "IA-1967"
      }
    },
    {
      "type": "Feature",
      "id": "csidc_industrial_area_with_plots.fid-23377b7a_19c5672bde0_7005",
      "geometry": {
        "type": "Polygon",
        "coordinates": [
          [
            [
              81.69318279,
              20.96851362
            ],
            [
              81.69300728,
              20.96820233
            ],
            [
              81.69284184,
              20.96828515
            ],
            [
              81.69280048,
              20.96830585
            ],
            [
              81.69297599,
              20.96861715
            ],
            [
              81.69318279,
              20.96851362
            ]
          ]
        ]
      },
      "geometry_name": "geom",
      "properties": {
        "gid": 38,
        "objectid": 24,
        "district": "Dhamtari",
        "plot_type": "INDUSTRIAL PURPOSE",
        "total_area": 1000,
        "reservatio": "No",
        "plot_munci": "No",
        "corner_plo": "No",
        "premium_ba": 10000000,
        "addi_premi": 0.0,
        "total_prem": 10000000,
        "label": null,
        "tot_premiu": 0.0,
        "location": "G-Jamgoan",
        "remark": null,
        "sector_inf": null,
        "industrial": "Industrial Area G-Jamgoan",
        "district_i": "Dhamtari",
        "plotno_inf": "24",
        "uniqueplot": "24",
        "plotactiva": null,
        "plotupdate": null,
        "plot_yesno": "YES",
        "category_i": "INDUSTRIAL PLOT-ALLOTED",
        "quest": null,
        "status_inf": "ALLOTTED",
        "applied_ti": null,
        "alloted_ti": null,
        "allotmentr": null,
        "industri_1": "Industrial Area G-Jamgoan",
        "industri_2": "Industrial Area G-Jamgoan",
        "gis_tid": null,
        "st_area_sh": 0.0,
        "st_length_": 0.0,
        "uidv1": null,
        "status_from_csidc": "ALLOTTED",
        "uid": "IA-1971"
      }
    },
    {
      "type": "Feature",
      "id": "csidc_industrial_area_with_plots.fid-23377b7a_19c5672bde0_7006",
      "geometry": {
        "type": "Polygon",
        "coordinates": [
          [
            [
              81.69338958,
              20.96841009
            ],
            [
              81.69321408,
              20.9680988
            ],
            [
              81.69304864,
              20.96818162
            ],
            [
              81.69300728,
              20.96820233
            ],
            [
              81.69318279,
              20.96851362
            ],
            [
              81.69338958,
              20.96841009
            ]
          ]
        ]
      },
      "geometry_name": "geom",
      "properties": {
        "gid": 39,
        "objectid": 23,
        "district": "Dhamtari",
        "plot_type": "INDUSTRIAL PURPOSE",
        "total_area": 1000,
        "reservatio": "No",
        "plot_munci": "No",
        "corner_plo": "No",
        "premium_ba": 10000000,
        "addi_premi": 0.0,
        "total_prem": 10000000,
        "label": null,
        "tot_premiu": 0.0,
        "location": "G-Jamgoan",
        "remark": null,
        "sector_inf": null,
        "industrial": "Industrial Area G-Jamgoan",
        "district_i": "Dhamtari",
        "plotno_inf": "23",
        "uniqueplot": "23",
        "plotactiva": null,
        "plotupdate": null,
        "plot_yesno": "YES",
        "category_i": "INDUSTRIAL PLOT-ALLOTED",
        "quest": null,
        "status_inf": "ALLOTTED",
        "applied_ti": null,
        "alloted_ti": null,
        "allotmentr": null,
        "industri_1": "Industrial Area G-Jamgoan",
        "industri_2": "Industrial Area G-Jamgoan",
        "gis_tid": null,
        "st_area_sh": 0.0,
        "st_length_": 0.0,
        "uidv1": null,
        "status_from_csidc": "ALLOTTED",
        "uid": "IA-1970"
      }
    },
    {
      "type": "Feature",
      "id": "csidc_industrial_area_with_plots.fid-23377b7a_19c5672bde0_7007",
      "geometry": {
        "type": "Polygon",
        "coordinates": [
          [
            [
              81.69363774,
              20.96828586
            ],
            [
              81.69346223,
              20.96797457
            ],
            [
              81.69325543,
              20.96807809
            ],
            [
              81.69321408,
              20.9680988
            ],
            [
              81.69338958,
              20.96841009
            ],
            [
              81.69363774,
              20.96828586
            ]
          ]
        ]
      },
      "geometry_name": "geom",
      "properties": {
        "gid": 40,
        "objectid": 22,
        "district": "Dhamtari",
        "plot_type": "INDUSTRIAL PURPOSE",
        "total_area": 1200,
        "reservatio": "No",
        "plot_munci": "No",
        "corner_plo": "Yes",
        "premium_ba": 10000000,
        "addi_premi": 1000000,
        "total_prem": 11000000,
        "label": null,
        "tot_premiu": 0.0,
        "location": "G-Jamgoan",
        "remark": null,
        "sector_inf": null,
        "industrial": "Industrial Area G-Jamgoan",
        "district_i": "Dhamtari",
        "plotno_inf": "22",
        "uniqueplot": "22",
        "plotactiva": null,
        "plotupdate": null,
        "plot_yesno": "YES",
        "category_i": "INDUSTRIAL PLOT-ALLOTED",
        "quest": null,
        "status_inf": "ALLOTTED",
        "applied_ti": null,
        "alloted_ti": null,
        "allotmentr": null,
        "industri_1": "Industrial Area G-Jamgoan",
        "industri_2": "Industrial Area G-Jamgoan",
        "gis_tid": null,
        "st_area_sh": 0.0,
        "st_length_": 0.0,
        "uidv1": null,
        "status_from_csidc": "ALLOTTED",
        "uid": "IA-1969"
      }
    },
    {
      "type": "Feature",
      "id": "csidc_industrial_area_with_plots.fid-23377b7a_19c5672bde0_7008",
      "geometry": {
        "type": "Polygon",
        "coordinates": [
          [
            [
              81.69287687,
              20.96768883
            ],
            [
              81.69274524,
              20.96745536
            ],
            [
              81.6925798,
              20.96753818
            ],
            [
              81.69271143,
              20.96777165
            ],
            [
              81.69287687,
              20.96768883
            ]
          ]
        ]
      },
      "geometry_name": "geom",
      "properties": {
        "gid": 42,
        "objectid": 31,
        "district": "Dhamtari",
        "plot_type": "INDUSTRIAL PURPOSE",
        "total_area": 600,
        "reservatio": "yes",
        "plot_munci": "No",
        "corner_plo": "No",
        "premium_ba": 10000000,
        "addi_premi": 0.0,
        "total_prem": 10000000,
        "label": null,
        "tot_premiu": 0.0,
        "location": "G-Jamgoan",
        "remark": null,
        "sector_inf": null,
        "industrial": "Industrial Area G-Jamgoan",
        "district_i": "Dhamtari",
        "plotno_inf": "31",
        "uniqueplot": "31",
        "plotactiva": null,
        "plotupdate": null,
        "plot_yesno": "YES",
        "category_i": "INDUSTRIAL PLOT-ALLOTED",
        "quest": null,
        "status_inf": "AVAILABLE",
        "applied_ti": null,
        "alloted_ti": null,
        "allotmentr": null,
        "industri_1": "Industrial Area G-Jamgoan",
        "industri_2": "Industrial Area G-Jamgoan",
        "gis_tid": null,
        "st_area_sh": 0.0,
        "st_length_": 0.0,
        "uidv1": null,
        "status_from_csidc": "AVAILABLE",
        "uid": "IA-1963"
      }
    },
    {
      "type": "Feature",
      "id": "csidc_industrial_area_with_plots.fid-23377b7a_19c5672bde0_7009",
      "geometry": {
        "type": "Polygon",
        "coordinates": [
          [
            [
              81.69271143,
              20.96777165
            ],
            [
              81.6925798,
              20.96753818
            ],
            [
              81.69241437,
              20.967621
            ],
            [
              81.69254599,
              20.96785447
            ],
            [
              81.69271143,
              20.96777165
            ]
          ]
        ]
      },
      "geometry_name": "geom",
      "properties": {
        "gid": 43,
        "objectid": 30,
        "district": "Dhamtari",
        "plot_type": "INDUSTRIAL PURPOSE",
        "total_area": 600,
        "reservatio": "yes",
        "plot_munci": "No",
        "corner_plo": "No",
        "premium_ba": 10000000,
        "addi_premi": 0.0,
        "total_prem": 10000000,
        "label": null,
        "tot_premiu": 0.0,
        "location": "G-Jamgoan",
        "remark": null,
        "sector_inf": null,
        "industrial": "Industrial Area G-Jamgoan",
        "district_i": "Dhamtari",
        "plotno_inf": "30",
        "uniqueplot": "30",
        "plotactiva": null,
        "plotupdate": null,
        "plot_yesno": "YES",
        "category_i": "INDUSTRIAL PLOT-ALLOTED",
        "quest": null,
        "status_inf": "AVAILABLE",
        "applied_ti": null,
        "alloted_ti": null,
        "allotmentr": null,
        "industri_1": "Industrial Area G-Jamgoan",
        "industri_2": "Industrial Area G-Jamgoan",
        "gis_tid": null,
        "st_area_sh": 0.0,
        "st_length_": 0.0,
        "uidv1": null,
        "status_from_csidc": "AVAILABLE",
        "uid": "IA-1964"
      }
    },
    {
      "type": "Feature",
      "id": "csidc_industrial_area_with_plots.fid-23377b7a_19c5672bde0_700a",
      "geometry": {
        "type": "Polygon",
        "coordinates": [
          [
            [
              81.69382641,
              20.9686205
            ],
            [
              81.69371672,
              20.96842595
            ],
            [
              81.69325349,
              20.96865784
            ],
            [
              81.69336318,
              20.9688524
            ],
            [
              81.69382641,
              20.9686205
            ]
          ]
        ]
      },
      "geometry_name": "geom",
      "properties": {
        "gid": 35,
        "objectid": 19,
        "district": "Dhamtari",
        "plot_type": "INDUSTRIAL PURPOSE",
        "total_area": 1400,
        "reservatio": "No",
        "plot_munci": "No",
        "corner_plo": "Yes",
        "premium_ba": 10000000,
        "addi_premi": 1000000,
        "total_prem": 11000000,
        "label": null,
        "tot_premiu": 0.0,
        "location": "G-Jamgoan",
        "remark": null,
        "sector_inf": null,
        "industrial": "Industrial Area G-Jamgoan",
        "district_i": "Dhamtari",
        "plotno_inf": "19",
        "uniqueplot": "19",
        "plotactiva": null,
        "plotupdate": null,
        "plot_yesno": "YES",
        "category_i": "INDUSTRIAL PLOT-ALLOTED",
        "quest": null,
        "status_inf": "AVAILABLE",
        "applied_ti": null,
        "alloted_ti": null,
        "allotmentr": null,
        "industri_1": "Industrial Area G-Jamgoan",
        "industri_2": "Industrial Area G-Jamgoan",
        "gis_tid": null,
        "st_area_sh": 0.0,
        "st_length_": 0.0,
        "uidv1": null,
        "status_from_csidc": "AVAILABLE",
        "uid": "IA-1973"
      }
    },
    {
      "type": "Feature",
      "id": "csidc_industrial_area_with_plots.fid-23377b7a_19c5672bde0_700b",
      "geometry": {
        "type": "Polygon",
        "coordinates": [
          [
            [
              81.69280048,
              20.96830585
            ],
            [
              81.69284184,
              20.96828515
            ],
            [
              81.69266633,
              20.96797385
            ],
            [
              81.69251744,
              20.96804839
            ],
            [
              81.69269295,
              20.96835969
            ],
            [
              81.69280048,
              20.96830585
            ]
          ]
        ]
      },
      "geometry_name": "geom",
      "properties": {
        "gid": 41,
        "objectid": 29,
        "district": "Dhamtari",
        "plot_type": "INDUSTRIAL PURPOSE",
        "total_area": 720,
        "reservatio": "yes",
        "plot_munci": "No",
        "corner_plo": "No",
        "premium_ba": 10000000,
        "addi_premi": 0.0,
        "total_prem": 10000000,
        "label": null,
        "tot_premiu": 0.0,
        "location": "G-Jamgoan",
        "remark": null,
        "sector_inf": null,
        "industrial": "Industrial Area G-Jamgoan",
        "district_i": "Dhamtari",
        "plotno_inf": "29",
        "uniqueplot": "29",
        "plotactiva": null,
        "plotupdate": null,
        "plot_yesno": "YES",
        "category_i": "INDUSTRIAL PLOT-ALLOTED",
        "quest": null,
        "status_inf": "AVAILABLE",
        "applied_ti": null,
        "alloted_ti": null,
        "allotmentr": null,
        "industri_1": "Industrial Area G-Jamgoan",
        "industri_2": "Industrial Area G-Jamgoan",
        "gis_tid": null,
        "st_area_sh": 0.0,
        "st_length_": 0.0,
        "uidv1": null,
        "status_from_csidc": "AVAILABLE",
        "uid": "IA-1968"
      }
    },
    {
      "type": "Feature",
      "id": "csidc_industrial_area_with_plots.fid-23377b7a_19c5672bde0_700c",
      "geometry": {
        "type": "Polygon",
        "coordinates": [
          [
            [
              81.69321408,
              20.9680988
            ],
            [
              81.69325543,
              20.96807809
            ],
            [
              81.69307993,
              20.9677668
            ],
            [
              81.69287313,
              20.96787033
            ],
            [
              81.69304864,
              20.96818162
            ],
            [
              81.69321408,
              20.9680988
            ]
          ]
        ]
      },
      "geometry_name": "geom",
      "properties": {
        "gid": 44,
        "objectid": 27,
        "district": "Dhamtari",
        "plot_type": "INDUSTRIAL PURPOSE",
        "total_area": 1000,
        "reservatio": "yes",
        "plot_munci": "No",
        "corner_plo": "No",
        "premium_ba": 10000000,
        "addi_premi": 0.0,
        "total_prem": 10000000,
        "label": null,
        "tot_premiu": 0.0,
        "location": "G-Jamgoan",
        "remark": null,
        "sector_inf": null,
        "industrial": "Industrial Area G-Jamgoan",
        "district_i": "Dhamtari",
        "plotno_inf": "27",
        "uniqueplot": "27",
        "plotactiva": null,
        "plotupdate": null,
        "plot_yesno": "YES",
        "category_i": "INDUSTRIAL PLOT-ALLOTED",
        "quest": null,
        "status_inf": "AVAILABLE",
        "applied_ti": null,
        "alloted_ti": null,
        "allotmentr": null,
        "industri_1": "Industrial Area G-Jamgoan",
        "industri_2": "Industrial Area G-Jamgoan",
        "gis_tid": null,
        "st_area_sh": 0.0,
        "st_length_": 0.0,
        "uidv1": null,
        "status_from_csidc": "AVAILABLE",
        "uid": "IA-1966"
      }
    },
    {
      "type": "Feature",
      "id": "csidc_industrial_area_with_plots.fid-23377b7a_19c5672bde0_700d",
      "geometry": {
        "type": "Polygon",
        "coordinates": [
          [
            [
              81.69307612,
              20.96728972
            ],
            [
              81.69294449,
              20.96705625
            ],
            [
              81.69277905,
              20.96713907
            ],
            [
              81.69291068,
              20.96737254
            ],
            [
              81.69307612,
              20.96728972
            ]
          ]
        ]
      },
      "geometry_name": "geom",
      "properties": {
        "gid": 33,
        "objectid": 34,
        "district": "Dhamtari",
        "plot_type": "INDUSTRIAL PURPOSE",
        "total_area": 600,
        "reservatio": "No",
        "plot_munci": "No",
        "corner_plo": "Yes",
        "premium_ba": 10000000,
        "addi_premi": 1000000,
        "total_prem": 11000000,
        "label": null,
        "tot_premiu": 0.0,
        "location": "G-Jamgoan",
        "remark": null,
        "sector_inf": null,
        "industrial": "Industrial Area G-Jamgoan",
        "district_i": "Dhamtari",
        "plotno_inf": "34",
        "uniqueplot": "34",
        "plotactiva": null,
        "plotupdate": null,
        "plot_yesno": "YES",
        "category_i": "INDUSTRIAL PLOT-ALLOTED",
        "quest": null,
        "status_inf": "AVAILABLE",
        "applied_ti": null,
        "alloted_ti": null,
        "allotmentr": null,
        "industri_1": "Industrial Area G-Jamgoan",
        "industri_2": "Industrial Area G-Jamgoan",
        "gis_tid": null,
        "st_area_sh": 0.0,
        "st_length_": 0.0,
        "uidv1": null,
        "status_from_csidc": "AVAILABLE",
        "uid": "IA-1957"
      }
    },
    {
      "type": "Feature",
      "id": "csidc_industrial_area_with_plots.fid-23377b7a_19c5672bde0_700e",
      "geometry": {
        "type": "Polygon",
        "coordinates": [
          [
            [
              81.69336318,
              20.9688524
            ],
            [
              81.69325349,
              20.96865784
            ],
            [
              81.6928399,
              20.9688649
            ],
            [
              81.69294959,
              20.96905946
            ],
            [
              81.69336318,
              20.9688524
            ]
          ]
        ]
      },
      "geometry_name": "geom",
      "properties": {
        "gid": 36,
        "objectid": 18,
        "district": "Dhamtari",
        "plot_type": "INDUSTRIAL PURPOSE",
        "total_area": 1250,
        "reservatio": "No",
        "plot_munci": "No",
        "corner_plo": "Yes",
        "premium_ba": 10000000,
        "addi_premi": 1000000,
        "total_prem": 11000000,
        "label": null,
        "tot_premiu": 0.0,
        "location": "G-Jamgoan",
        "remark": null,
        "sector_inf": null,
        "industrial": "Industrial Area G-Jamgoan",
        "district_i": "Dhamtari",
        "plotno_inf": "18",
        "uniqueplot": "18",
        "plotactiva": null,
        "plotupdate": null,
        "plot_yesno": "YES",
        "category_i": "INDUSTRIAL PLOT-ALLOTED",
        "quest": null,
        "status_inf": "AVAILABLE",
        "applied_ti": null,
        "alloted_ti": null,
        "allotmentr": null,
        "industri_1": "Industrial Area G-Jamgoan",
        "industri_2": "Industrial Area G-Jamgoan",
        "gis_tid": null,
        "st_area_sh": 0.0,
        "st_length_": 0.0,
        "uidv1": null,
        "status_from_csidc": "AVAILABLE",
        "uid": "IA-1975"
      }
    },
    {
      "type": "Feature",
      "id": "csidc_industrial_area_with_plots.fid-23377b7a_19c5672bde0_700f",
      "geometry": {
        "type": "Polygon",
        "coordinates": [
          [
            [
              81.69297599,
              20.96861715
            ],
            [
              81.69280048,
              20.96830585
            ],
            [
              81.69269295,
              20.96835969
            ],
            [
              81.69259368,
              20.96840938
            ],
            [
              81.69276919,
              20.96872067
            ],
            [
              81.69297599,
              20.96861715
            ]
          ]
        ]
      },
      "geometry_name": "geom",
      "properties": {
        "gid": 45,
        "objectid": 25,
        "district": "Dhamtari",
        "plot_type": "INDUSTRIAL PURPOSE",
        "total_area": 1000,
        "reservatio": "No",
        "plot_munci": "No",
        "corner_plo": "No",
        "premium_ba": 10000000,
        "addi_premi": 0.0,
        "total_prem": 10000000,
        "label": null,
        "tot_premiu": 0.0,
        "location": "G-Jamgoan",
        "remark": null,
        "sector_inf": null,
        "industrial": "Industrial Area G-Jamgoan",
        "district_i": "Dhamtari",
        "plotno_inf": "25",
        "uniqueplot": "25",
        "plotactiva": null,
        "plotupdate": null,
        "plot_yesno": "YES",
        "category_i": "INDUSTRIAL PLOT-ALLOTED",
        "quest": null,
        "status_inf": "ALLOTTED",
        "applied_ti": null,
        "alloted_ti": null,
        "allotmentr": null,
        "industri_1": "Industrial Area G-Jamgoan",
        "industri_2": "Industrial Area G-Jamgoan",
        "gis_tid": null,
        "st_area_sh": 0.0,
        "st_length_": 0.0,
        "uidv1": null,
        "status_from_csidc": "ALLOTTED",
        "uid": "IA-1972"
      }
    },
    {
      "type": "Feature",
      "id": "csidc_industrial_area_with_plots.fid-23377b7a_19c5672bde0_7010",
      "geometry": {
        "type": "Polygon",
        "coordinates": [
          [
            [
              81.69346223,
              20.96797457
            ],
            [
              81.69328672,
              20.96766327
            ],
            [
              81.69307993,
              20.9677668
            ],
            [
              81.69325543,
              20.96807809
            ],
            [
              81.69346223,
              20.96797457
            ]
          ]
        ]
      },
      "geometry_name": "geom",
      "properties": {
        "gid": 47,
        "objectid": 26,
        "district": "Dhamtari",
        "plot_type": "INDUSTRIAL PURPOSE",
        "total_area": 1000,
        "reservatio": "yes",
        "plot_munci": "No",
        "corner_plo": "Yes",
        "premium_ba": 10000000,
        "addi_premi": 1000000,
        "total_prem": 11000000,
        "label": null,
        "tot_premiu": 0.0,
        "location": "G-Jamgoan",
        "remark": null,
        "sector_inf": null,
        "industrial": "Industrial Area G-Jamgoan",
        "district_i": "Dhamtari",
        "plotno_inf": "26",
        "uniqueplot": "26",
        "plotactiva": null,
        "plotupdate": null,
        "plot_yesno": "YES",
        "category_i": "INDUSTRIAL PLOT-ALLOTED",
        "quest": null,
        "status_inf": "ALLOTTED",
        "applied_ti": null,
        "alloted_ti": null,
        "allotmentr": null,
        "industri_1": "Industrial Area G-Jamgoan",
        "industri_2": "Industrial Area G-Jamgoan",
        "gis_tid": null,
        "st_area_sh": 0.0,
        "st_length_": 0.0,
        "uidv1": null,
        "status_from_csidc": "ALLOTTED",
        "uid": "IA-1965"
      }
    },
    {
      "type": "Feature",
      "id": "csidc_industrial_area_with_plots.fid-23377b7a_19c5672bde0_7011",
      "geometry": {
        "type": "Polygon",
        "coordinates": [
          [
            [
              81.83796309,
              22.07879947
            ],
            [
              81.83777066,
              22.07882135
            ],
            [
              81.83780587,
              22.07909037
            ],
            [
              81.8379983,
              22.07906849
            ],
            [
              81.83796309,
              22.07879947
            ]
          ]
        ]
      },
      "geometry_name": "geom",
      "properties": {
        "gid": 48,
        "objectid": 1958,
        "district": "MUNGELI",
        "plot_type": "INDUSTRIAL PLOT",
        "total_area": 600,
        "reservatio": "UNRESERVED",
        "plot_munci": "NO",
        "corner_plo": "YES",
        "premium_ba": 168000,
        "addi_premi": 16800,
        "total_prem": 184800,
        "label": "B",
        "tot_premiu": 0.0,
        "location": "KHAMARIA",
        "remark": null,
        "sector_inf": "Block-B",
        "industrial": "KHAMARIA INDUSTRIAL AREA",
        "district_i": "MUNGELI",
        "plotno_inf": "44",
        "uniqueplot": "44",
        "plotactiva": "2023-07-31Z",
        "plotupdate": null,
        "plot_yesno": "YES",
        "category_i": "INDUSTRIAL PLOT-ALLOTED",
        "quest": "OK",
        "status_inf": "UNAVAILABLE",
        "applied_ti": null,
        "alloted_ti": null,
        "allotmentr": null,
        "industri_1": "KHAMARIA INDUSTRIAL AREA_Block-B",
        "industri_2": "KHAMARIA INDUSTRIAL AREA",
        "gis_tid": null,
        "st_area_sh": 5.2534852e-08,
        "st_length_": 0.000929943249234,
        "uidv1": "IA-1359",
        "status_from_csidc": null,
        "uid": "IA-1359"
      }
    },
    {
      "type": "Feature",
      "id": "csidc_industrial_area_with_plots.fid-23377b7a_19c5672bde0_7012",
      "geometry": {
        "type": "Polygon",
        "coordinates": [
          [
            [
              81.6954058,
              20.96992239
            ],
            [
              81.69525411,
              20.96964907
            ],
            [
              81.69479145,
              20.96988069
            ],
            [
              81.69494502,
              20.97015307
            ],
            [
              81.6954058,
              20.96992239
            ]
          ]
        ]
      },
      "geometry_name": "geom",
      "properties": {
        "gid": 49,
        "objectid": 2,
        "district": "Dhamtari",
        "plot_type": "INDUSTRIAL PURPOSE",
        "total_area": 1954,
        "reservatio": "No",
        "plot_munci": "No",
        "corner_plo": "Yes",
        "premium_ba": 10000000,
        "addi_premi": 1000000,
        "total_prem": 11000000,
        "label": null,
        "tot_premiu": 0.0,
        "location": "G-Jamgoan",
        "remark": null,
        "sector_inf": null,
        "industrial": "Industrial Area G-Jamgoan",
        "district_i": "Dhamtari",
        "plotno_inf": "2",
        "uniqueplot": "2",
        "plotactiva": null,
        "plotupdate": null,
        "plot_yesno": "YES",
        "category_i": "INDUSTRIAL PLOT-ALLOTED",
        "quest": null,
        "status_inf": "ALLOTTED",
        "applied_ti": null,
        "alloted_ti": null,
        "allotmentr": null,
        "industri_1": "Industrial Area G-Jamgoan",
        "industri_2": "Industrial Area G-Jamgoan",
        "gis_tid": null,
        "st_area_sh": 0.0,
        "st_length_": 0.0,
        "uidv1": null,
        "status_from_csidc": "BOOKED",
        "uid": "IA-1988"
      }
    },
    {
      "type": "Feature",
      "id": "csidc_industrial_area_with_plots.fid-23377b7a_19c5672bde0_7013",
      "geometry": {
        "type": "Polygon",
        "coordinates": [
          [
            [
              81.69525411,
              20.96964907
            ],
            [
              81.69522737,
              20.9696009
            ],
            [
              81.69511423,
              20.96936984
            ],
            [
              81.69463788,
              20.9696083
            ],
            [
              81.69479145,
              20.96988069
            ],
            [
              81.69525411,
              20.96964907
            ]
          ]
        ]
      },
      "geometry_name": "geom",
      "properties": {
        "gid": 50,
        "objectid": 3,
        "district": "Dhamtari",
        "plot_type": "INDUSTRIAL PURPOSE",
        "total_area": 1982,
        "reservatio": "No",
        "plot_munci": "No",
        "corner_plo": "Yes",
        "premium_ba": 10000000,
        "addi_premi": 1000000,
        "total_prem": 11000000,
        "label": null,
        "tot_premiu": 0.0,
        "location": "G-Jamgoan",
        "remark": null,
        "sector_inf": null,
        "industrial": "Industrial Area G-Jamgoan",
        "district_i": "Dhamtari",
        "plotno_inf": "3",
        "uniqueplot": "3",
        "plotactiva": null,
        "plotupdate": null,
        "plot_yesno": "YES",
        "category_i": "INDUSTRIAL PLOT-ALLOTED",
        "quest": null,
        "status_inf": "ALLOTTED",
        "applied_ti": null,
        "alloted_ti": null,
        "allotmentr": null,
        "industri_1": "Industrial Area G-Jamgoan",
        "industri_2": "Industrial Area G-Jamgoan",
        "gis_tid": null,
        "st_area_sh": 0.0,
        "st_length_": 0.0,
        "uidv1": null,
        "status_from_csidc": "BOOKED",
        "uid": "IA-1985"
      }
    },
    {
      "type": "Feature",
      "id": "csidc_industrial_area_with_plots.fid-23377b7a_19c5672bde0_7014",
      "geometry": {
        "type": "Polygon",
        "coordinates": [
          [
            [
              81.69431287,
              20.96995365
            ],
            [
              81.69413736,
              20.96964235
            ],
            [
              81.69393056,
              20.96974588
            ],
            [
              81.69410607,
              20.97005717
            ],
            [
              81.69431287,
              20.96995365
            ]
          ]
        ]
      },
      "geometry_name": "geom",
      "properties": {
        "gid": 52,
        "objectid": 10,
        "district": "Dhamtari",
        "plot_type": "INDUSTRIAL PURPOSE",
        "total_area": 1000,
        "reservatio": "yes",
        "plot_munci": "No",
        "corner_plo": "No",
        "premium_ba": 10000000,
        "addi_premi": 0.0,
        "total_prem": 10000000,
        "label": null,
        "tot_premiu": 0.0,
        "location": "G-Jamgoan",
        "remark": null,
        "sector_inf": null,
        "industrial": "Industrial Area G-Jamgoan",
        "district_i": "Dhamtari",
        "plotno_inf": "10",
        "uniqueplot": "10",
        "plotactiva": null,
        "plotupdate": null,
        "plot_yesno": "YES",
        "category_i": "INDUSTRIAL PLOT-ALLOTED",
        "quest": null,
        "status_inf": "ALLOTTED",
        "applied_ti": null,
        "alloted_ti": null,
        "allotmentr": null,
        "industri_1": "Industrial Area G-Jamgoan",
        "industri_2": "Industrial Area G-Jamgoan",
        "gis_tid": null,
        "st_area_sh": 0.0,
        "st_length_": 0.0,
        "uidv1": null,
        "status_from_csidc": "ALLOTTED",
        "uid": "IA-1987"
      }
    },
    {
      "type": "Feature",
      "id": "csidc_industrial_area_with_plots.fid-23377b7a_19c5672bde0_7015",
      "geometry": {
        "type": "Polygon",
        "coordinates": [
          [
            [
              81.69410607,
              20.97005717
            ],
            [
              81.69393056,
              20.96974588
            ],
            [
              81.69372376,
              20.9698494
            ],
            [
              81.69389927,
              20.9701607
            ],
            [
              81.69410607,
              20.97005717
            ]
          ]
        ]
      },
      "geometry_name": "geom",
      "properties": {
        "gid": 55,
        "objectid": 11,
        "district": "Dhamtari",
        "plot_type": "INDUSTRIAL PURPOSE",
        "total_area": 1000,
        "reservatio": "yes",
        "plot_munci": "No",
        "corner_plo": "No",
        "premium_ba": 10000000,
        "addi_premi": 0.0,
        "total_prem": 10000000,
        "label": null,
        "tot_premiu": 0.0,
        "location": "G-Jamgoan",
        "remark": null,
        "sector_inf": null,
        "industrial": "Industrial Area G-Jamgoan",
        "district_i": "Dhamtari",
        "plotno_inf": "11",
        "uniqueplot": "11",
        "plotactiva": null,
        "plotupdate": null,
        "plot_yesno": "YES",
        "category_i": "INDUSTRIAL PLOT-ALLOTED",
        "quest": null,
        "status_inf": "ALLOTTED",
        "applied_ti": null,
        "alloted_ti": null,
        "allotmentr": null,
        "industri_1": "Industrial Area G-Jamgoan",
        "industri_2": "Industrial Area G-Jamgoan",
        "gis_tid": null,
        "st_area_sh": 0.0,
        "st_length_": 0.0,
        "uidv1": null,
        "status_from_csidc": "ALLOTTED",
        "uid": "IA-1989"
      }
    },
    {
      "type": "Feature",
      "id": "csidc_industrial_area_with_plots.fid-23377b7a_19c5672bde0_7016",
      "geometry": {
        "type": "Polygon",
        "coordinates": [
          [
            [
              81.69347287,
              20.96904696
            ],
            [
              81.69336318,
              20.9688524
            ],
            [
              81.69294959,
              20.96905946
            ],
            [
              81.69305928,
              20.96925402
            ],
            [
              81.69347287,
              20.96904696
            ]
          ]
        ]
      },
      "geometry_name": "geom",
      "properties": {
        "gid": 56,
        "objectid": 17,
        "district": "Dhamtari",
        "plot_type": "INDUSTRIAL PURPOSE",
        "total_area": 1250,
        "reservatio": "No",
        "plot_munci": "No",
        "corner_plo": "No",
        "premium_ba": 10000000,
        "addi_premi": 0.0,
        "total_prem": 10000000,
        "label": null,
        "tot_premiu": 0.0,
        "location": "G-Jamgoan",
        "remark": null,
        "sector_inf": null,
        "industrial": "Industrial Area G-Jamgoan",
        "district_i": "Dhamtari",
        "plotno_inf": "17",
        "uniqueplot": "17",
        "plotactiva": null,
        "plotupdate": null,
        "plot_yesno": "YES",
        "category_i": "INDUSTRIAL PLOT-ALLOTED",
        "quest": null,
        "status_inf": "ALLOTTED",
        "applied_ti": null,
        "alloted_ti": null,
        "allotmentr": null,
        "industri_1": "Industrial Area G-Jamgoan",
        "industri_2": "Industrial Area G-Jamgoan",
        "gis_tid": null,
        "st_area_sh": 0.0,
        "st_length_": 0.0,
        "uidv1": null,
        "status_from_csidc": "BOOKED",
        "uid": "IA-1977"
      }
    },
    {
      "type": "Feature",
      "id": "csidc_industrial_area_with_plots.fid-23377b7a_19c5672bde0_7017",
      "geometry": {
        "type": "Polygon",
        "coordinates": [
          [
            [
              81.69378936,
              20.969138
            ],
            [
              81.69404579,
              20.96900962
            ],
            [
              81.6939361,
              20.96881506
            ],
            [
              81.69347287,
              20.96904696
            ],
            [
              81.69358257,
              20.96924152
            ],
            [
              81.69378936,
              20.969138
            ]
          ]
        ]
      },
      "geometry_name": "geom",
      "properties": {
        "gid": 58,
        "objectid": 21,
        "district": "Dhamtari",
        "plot_type": "INDUSTRIAL PURPOSE",
        "total_area": 1400,
        "reservatio": "No",
        "plot_munci": "No",
        "corner_plo": "Yes",
        "premium_ba": 10000000,
        "addi_premi": 1000000,
        "total_prem": 11000000,
        "label": null,
        "tot_premiu": 0.0,
        "location": "G-Jamgoan",
        "remark": null,
        "sector_inf": null,
        "industrial": "Industrial Area G-Jamgoan",
        "district_i": "Dhamtari",
        "plotno_inf": "21",
        "uniqueplot": "21",
        "plotactiva": null,
        "plotupdate": null,
        "plot_yesno": "YES",
        "category_i": "INDUSTRIAL PLOT-ALLOTED",
        "quest": null,
        "status_inf": "ALLOTTED",
        "applied_ti": null,
        "alloted_ti": null,
        "allotmentr": null,
        "industri_1": "Industrial Area G-Jamgoan",
        "industri_2": "Industrial Area G-Jamgoan",
        "gis_tid": null,
        "st_area_sh": 0.0,
        "st_length_": 0.0,
        "uidv1": null,
        "status_from_csidc": "BOOKED",
        "uid": "IA-1976"
      }
    },
    {
      "type": "Feature",
      "id": "csidc_industrial_area_with_plots.fid-23377b7a_19c5672bde0_7018",
      "geometry": {
        "type": "Polygon",
        "coordinates": [
          [
            [
              81.69451966,
              20.96985012
            ],
            [
              81.69434415,
              20.96953883
            ],
            [
              81.69413736,
              20.96964235
            ],
            [
              81.69431287,
              20.96995365
            ],
            [
              81.69451966,
              20.96985012
            ]
          ]
        ]
      },
      "geometry_name": "geom",
      "properties": {
        "gid": 59,
        "objectid": 9,
        "district": "Dhamtari",
        "plot_type": "INDUSTRIAL PURPOSE",
        "total_area": 1000,
        "reservatio": "yes",
        "plot_munci": "No",
        "corner_plo": "Yes",
        "premium_ba": 10000000,
        "addi_premi": 1000000,
        "total_prem": 11000000,
        "label": null,
        "tot_premiu": 0.0,
        "location": "G-Jamgoan",
        "remark": null,
        "sector_inf": null,
        "industrial": "Industrial Area G-Jamgoan",
        "district_i": "Dhamtari",
        "plotno_inf": "9",
        "uniqueplot": "9",
        "plotactiva": null,
        "plotupdate": null,
        "plot_yesno": "YES",
        "category_i": "INDUSTRIAL PLOT-ALLOTED",
        "quest": null,
        "status_inf": "ALLOTTED",
        "applied_ti": null,
        "alloted_ti": null,
        "allotmentr": null,
        "industri_1": "Industrial Area G-Jamgoan",
        "industri_2": "Industrial Area G-Jamgoan",
        "gis_tid": null,
        "st_area_sh": 0.0,
        "st_length_": 0.0,
        "uidv1": null,
        "status_from_csidc": "ALLOTTED",
        "uid": "IA-1986"
      }
    },
    {
      "type": "Feature",
      "id": "csidc_industrial_area_with_plots.fid-23377b7a_19c5672bde0_7019",
      "geometry": {
        "type": "Polygon",
        "coordinates": [
          [
            [
              81.69471711,
              20.97020033
            ],
            [
              81.69451966,
              20.96985012
            ],
            [
              81.69431287,
              20.96995365
            ],
            [
              81.69451031,
              20.97030385
            ],
            [
              81.69471711,
              20.97020033
            ]
          ]
        ]
      },
      "geometry_name": "geom",
      "properties": {
        "gid": 60,
        "objectid": 6,
        "district": "Dhamtari",
        "plot_type": "INDUSTRIAL PURPOSE",
        "total_area": 1125,
        "reservatio": "No",
        "plot_munci": "No",
        "corner_plo": "Yes",
        "premium_ba": 10000000,
        "addi_premi": 1000000,
        "total_prem": 11000000,
        "label": null,
        "tot_premiu": 0.0,
        "location": "G-Jamgoan",
        "remark": null,
        "sector_inf": null,
        "industrial": "Industrial Area G-Jamgoan",
        "district_i": "Dhamtari",
        "plotno_inf": "6",
        "uniqueplot": "6",
        "plotactiva": null,
        "plotupdate": null,
        "plot_yesno": "YES",
        "category_i": "INDUSTRIAL PLOT-ALLOTED",
        "quest": null,
        "status_inf": "ALLOTTED",
        "applied_ti": null,
        "alloted_ti": null,
        "allotmentr": null,
        "industri_1": "Industrial Area G-Jamgoan",
        "industri_2": "Industrial Area G-Jamgoan",
        "gis_tid": null,
        "st_area_sh": 0.0,
        "st_length_": 0.0,
        "uidv1": null,
        "status_from_csidc": "ALLOTTED",
        "uid": "IA-1990"
      }
    },
    {
      "type": "Feature",
      "id": "csidc_industrial_area_with_plots.fid-23377b7a_19c5672bde0_701a",
      "geometry": {
        "type": "Polygon",
        "coordinates": [
          [
            [
              81.69496969,
              20.96909293
            ],
            [
              81.6948167,
              20.96882756
            ],
            [
              81.69481336,
              20.96882193
            ],
            [
              81.69433075,
              20.96906354
            ],
            [
              81.69448432,
              20.96933592
            ],
            [
              81.69496969,
              20.96909293
            ]
          ]
        ]
      },
      "geometry_name": "geom",
      "properties": {
        "gid": 51,
        "objectid": 5,
        "district": "Dhamtari",
        "plot_type": "INDUSTRIAL PURPOSE",
        "total_area": 2048,
        "reservatio": "No",
        "plot_munci": "No",
        "corner_plo": "Yes",
        "premium_ba": 10000000,
        "addi_premi": 1000000,
        "total_prem": 11000000,
        "label": null,
        "tot_premiu": 0.0,
        "location": "G-Jamgoan",
        "remark": null,
        "sector_inf": null,
        "industrial": "Industrial Area G-Jamgoan",
        "district_i": "Dhamtari",
        "plotno_inf": "5",
        "uniqueplot": "5",
        "plotactiva": null,
        "plotupdate": null,
        "plot_yesno": "YES",
        "category_i": "INDUSTRIAL PLOT-ALLOTED",
        "quest": null,
        "status_inf": "AVAILABLE",
        "applied_ti": null,
        "alloted_ti": null,
        "allotmentr": null,
        "industri_1": "Industrial Area G-Jamgoan",
        "industri_2": "Industrial Area G-Jamgoan",
        "gis_tid": null,
        "st_area_sh": 0.0,
        "st_length_": 0.0,
        "uidv1": null,
        "status_from_csidc": "AVAILABLE",
        "uid": "IA-1978"
      }
    },
    {
      "type": "Feature",
      "id": "csidc_industrial_area_with_plots.fid-23377b7a_19c5672bde0_701b",
      "geometry": {
        "type": "Polygon",
        "coordinates": [
          [
            [
              81.69400875,
              20.96952711
            ],
            [
              81.69378936,
              20.969138
            ],
            [
              81.69358257,
              20.96924152
            ],
            [
              81.69380195,
              20.96963064
            ],
            [
              81.69400875,
              20.96952711
            ]
          ]
        ]
      },
      "geometry_name": "geom",
      "properties": {
        "gid": 54,
        "objectid": 13,
        "district": "Dhamtari",
        "plot_type": "INDUSTRIAL PURPOSE",
        "total_area": 1250,
        "reservatio": "No",
        "plot_munci": "No",
        "corner_plo": "No",
        "premium_ba": 10000000,
        "addi_premi": 0.0,
        "total_prem": 10000000,
        "label": null,
        "tot_premiu": 0.0,
        "location": "G-Jamgoan",
        "remark": null,
        "sector_inf": null,
        "industrial": "Industrial Area G-Jamgoan",
        "district_i": "Dhamtari",
        "plotno_inf": "13",
        "uniqueplot": "13",
        "plotactiva": null,
        "plotupdate": null,
        "plot_yesno": "YES",
        "category_i": "INDUSTRIAL PLOT-ALLOTED",
        "quest": null,
        "status_inf": "AVAILABLE",
        "applied_ti": null,
        "alloted_ti": null,
        "allotmentr": null,
        "industri_1": "Industrial Area G-Jamgoan",
        "industri_2": "Industrial Area G-Jamgoan",
        "gis_tid": null,
        "st_area_sh": 0.0,
        "st_length_": 0.0,
        "uidv1": null,
        "status_from_csidc": "AVAILABLE",
        "uid": "IA-1982"
      }
    },
    {
      "type": "Feature",
      "id": "csidc_industrial_area_with_plots.fid-23377b7a_19c5672bde0_701c",
      "geometry": {
        "type": "Polygon",
        "coordinates": [
          [
            [
              81.6939361,
              20.96881506
            ],
            [
              81.69382641,
              20.9686205
            ],
            [
              81.69336318,
              20.9688524
            ],
            [
              81.69347287,
              20.96904696
            ],
            [
              81.6939361,
              20.96881506
            ]
          ]
        ]
      },
      "geometry_name": "geom",
      "properties": {
        "gid": 46,
        "objectid": 20,
        "district": "Dhamtari",
        "plot_type": "INDUSTRIAL PURPOSE",
        "total_area": 1400,
        "reservatio": "No",
        "plot_munci": "No",
        "corner_plo": "Yes",
        "premium_ba": 10000000,
        "addi_premi": 1000000,
        "total_prem": 11000000,
        "label": null,
        "tot_premiu": 0.0,
        "location": "G-Jamgoan",
        "remark": null,
        "sector_inf": null,
        "industrial": "Industrial Area G-Jamgoan",
        "district_i": "Dhamtari",
        "plotno_inf": "20",
        "uniqueplot": "20",
        "plotactiva": null,
        "plotupdate": null,
        "plot_yesno": "YES",
        "category_i": "INDUSTRIAL PLOT-ALLOTED",
        "quest": null,
        "status_inf": "AVAILABLE",
        "applied_ti": null,
        "alloted_ti": null,
        "allotmentr": null,
        "industri_1": "Industrial Area G-Jamgoan",
        "industri_2": "Industrial Area G-Jamgoan",
        "gis_tid": null,
        "st_area_sh": 0.0,
        "st_length_": 0.0,
        "uidv1": null,
        "status_from_csidc": "AVAILABLE",
        "uid": "IA-1974"
      }
    },
    {
      "type": "Feature",
      "id": "csidc_industrial_area_with_plots.fid-23377b7a_19c5672bde0_701d",
      "geometry": {
        "type": "Polygon",
        "coordinates": [
          [
            [
              81.69359515,
              20.96973417
            ],
            [
              81.69337577,
              20.96934505
            ],
            [
              81.69316897,
              20.96944857
            ],
            [
              81.69338836,
              20.96983769
            ],
            [
              81.69359515,
              20.96973417
            ]
          ]
        ]
      },
      "geometry_name": "geom",
      "properties": {
        "gid": 57,
        "objectid": 15,
        "district": "Dhamtari",
        "plot_type": "INDUSTRIAL PURPOSE",
        "total_area": 1250,
        "reservatio": "No",
        "plot_munci": "No",
        "corner_plo": "Yes",
        "premium_ba": 10000000,
        "addi_premi": 1000000,
        "total_prem": 11000000,
        "label": null,
        "tot_premiu": 0.0,
        "location": "G-Jamgoan",
        "remark": null,
        "sector_inf": null,
        "industrial": "Industrial Area G-Jamgoan",
        "district_i": "Dhamtari",
        "plotno_inf": "15",
        "uniqueplot": "15",
        "plotactiva": null,
        "plotupdate": null,
        "plot_yesno": "YES",
        "category_i": "INDUSTRIAL PLOT-ALLOTED",
        "quest": null,
        "status_inf": "AVAILABLE",
        "applied_ti": null,
        "alloted_ti": null,
        "allotmentr": null,
        "industri_1": "Industrial Area G-Jamgoan",
        "industri_2": "Industrial Area G-Jamgoan",
        "gis_tid": null,
        "st_area_sh": 0.0,
        "st_length_": 0.0,
        "uidv1": null,
        "status_from_csidc": "AVAILABLE",
        "uid": "IA-1984"
      }
    },
    {
      "type": "Feature",
      "id": "csidc_industrial_area_with_plots.fid-23377b7a_19c5672bde0_701e",
      "geometry": {
        "type": "Polygon",
        "coordinates": [
          [
            [
              81.83777066,
              22.07882135
            ],
            [
              81.83757824,
              22.07884323
            ],
            [
              81.83761345,
              22.07911224
            ],
            [
              81.83780587,
              22.07909037
            ],
            [
              81.83777066,
              22.07882135
            ]
          ]
        ]
      },
      "geometry_name": "geom",
      "properties": {
        "gid": 62,
        "objectid": 1957,
        "district": "MUNGELI",
        "plot_type": "INDUSTRIAL PLOT",
        "total_area": 600,
        "reservatio": "UNRESERVED",
        "plot_munci": "NO",
        "corner_plo": "YES",
        "premium_ba": 168000,
        "addi_premi": 16800,
        "total_prem": 184800,
        "label": "B",
        "tot_premiu": 0.0,
        "location": "KHAMARIA",
        "remark": null,
        "sector_inf": "Block-B",
        "industrial": "KHAMARIA INDUSTRIAL AREA",
        "district_i": "MUNGELI",
        "plotno_inf": "45",
        "uniqueplot": "45",
        "plotactiva": "2023-07-31Z",
        "plotupdate": null,
        "plot_yesno": "YES",
        "category_i": "INDUSTRIAL PLOT-ALLOTED",
        "quest": "OK",
        "status_inf": "UNAVAILABLE",
        "applied_ti": null,
        "alloted_ti": null,
        "allotmentr": null,
        "industri_1": "KHAMARIA INDUSTRIAL AREA_Block-B",
        "industri_2": "KHAMARIA INDUSTRIAL AREA",
        "gis_tid": null,
        "st_area_sh": 5.2534941e-08,
        "st_length_": 0.000929943887123,
        "uidv1": "IA-1360",
        "status_from_csidc": null,
        "uid": "IA-1360"
      }
    },
    {
      "type": "Feature",
      "id": "csidc_industrial_area_with_plots.fid-23377b7a_19c5672bde0_701f",
      "geometry": {
        "type": "Polygon",
        "coordinates": [
          [
            [
              81.44101317,
              20.39092333
            ],
            [
              81.44072321,
              20.39092089
            ],
            [
              81.44072311,
              20.3912841
            ],
            [
              81.44101307,
              20.39128655
            ],
            [
              81.44101317,
              20.39092333
            ]
          ]
        ]
      },
      "geometry_name": "geom",
      "properties": {
        "gid": 63,
        "objectid": 1595,
        "district": "KANKER",
        "plot_type": "INDUSTRIAL PLOT",
        "total_area": 1000,
        "reservatio": "YES",
        "plot_munci": "NO",
        "corner_plo": "YES",
        "premium_ba": 400000,
        "addi_premi": 40000,
        "total_prem": 440000,
        "label": "D",
        "tot_premiu": 440000,
        "location": "LAKHANPURI",
        "remark": null,
        "sector_inf": "BLOCK-D",
        "industrial": "LAKHANPURI",
        "district_i": "KANKER",
        "plotno_inf": "46",
        "uniqueplot": null,
        "plotactiva": "2018-01-31Z",
        "plotupdate": null,
        "plot_yesno": "YES",
        "category_i": "INDUSTRIAL PLOT-ALLOTED",
        "quest": null,
        "status_inf": "AVAILABLE",
        "applied_ti": null,
        "alloted_ti": null,
        "allotmentr": null,
        "industri_1": null,
        "industri_2": null,
        "gis_tid": null,
        "st_area_sh": 1.0532082e-07,
        "st_length_": 0.00130638660866,
        "uidv1": "IA-1374",
        "status_from_csidc": null,
        "uid": "IA-1374"
      }
    },
    {
      "type": "Feature",
      "id": "csidc_industrial_area_with_plots.fid-23377b7a_19c5672bde0_7020",
      "geometry": {
        "type": "Polygon",
        "coordinates": [
          [
            [
              81.43831949,
              20.39237165
            ],
            [
              81.43802952,
              20.39236921
            ],
            [
              81.43802942,
              20.39273243
            ],
            [
              81.43831939,
              20.39273487
            ],
            [
              81.43831949,
              20.39237165
            ]
          ]
        ]
      },
      "geometry_name": "geom",
      "properties": {
        "gid": 64,
        "objectid": 1619,
        "district": "KANKER",
        "plot_type": "INDUSTRIAL PLOT",
        "total_area": 1000,
        "reservatio": null,
        "plot_munci": "NO",
        "corner_plo": "NO",
        "premium_ba": 400000,
        "addi_premi": 0.0,
        "total_prem": 400000,
        "label": "D",
        "tot_premiu": 400000,
        "location": "LAKHANPURI",
        "remark": null,
        "sector_inf": "BLOCK-D",
        "industrial": "LAKHANPURI",
        "district_i": "KANKER",
        "plotno_inf": "14",
        "uniqueplot": null,
        "plotactiva": "2018-01-31Z",
        "plotupdate": null,
        "plot_yesno": "YES",
        "category_i": "INDUSTRIAL PLOT-ALLOTED",
        "quest": null,
        "status_inf": "ALLOTTED",
        "applied_ti": null,
        "alloted_ti": null,
        "allotmentr": null,
        "industri_1": null,
        "industri_2": null,
        "gis_tid": null,
        "st_area_sh": 1.05324319e-07,
        "st_length_": 0.00130640770435,
        "uidv1": "IA-464",
        "status_from_csidc": "BOOKED",
        "uid": "IA-464"
      }
    },
    {
      "type": "Feature",
      "id": "csidc_industrial_area_with_plots.fid-23377b7a_19c5672bde0_7021",
      "geometry": {
        "type": "Polygon",
        "coordinates": [
          [
            [
              81.52937541,
              20.6894076
            ],
            [
              81.52929597,
              20.68910223
            ],
            [
              81.52904527,
              20.68915909
            ],
            [
              81.52912472,
              20.68946446
            ],
            [
              81.52937541,
              20.6894076
            ]
          ]
        ]
      },
      "geometry_name": "geom",
      "properties": {
        "gid": 66,
        "objectid": 22,
        "district": "Dhamtari",
        "plot_type": "INDUSTRIAL PURPOSE",
        "total_area": 1215,
        "reservatio": "No",
        "plot_munci": "YES",
        "corner_plo": "No",
        "premium_ba": 4000000,
        "addi_premi": 400000,
        "total_prem": 4400000,
        "label": null,
        "tot_premiu": 0.0,
        "location": "Shyamtarai",
        "remark": null,
        "sector_inf": null,
        "industrial": "Inustrial Area Shyamtarai",
        "district_i": "Dhamtari",
        "plotno_inf": "22",
        "uniqueplot": "22",
        "plotactiva": null,
        "plotupdate": null,
        "plot_yesno": "Yes",
        "category_i": "INDUSTRIAL PLOT-ALLOTED",
        "quest": null,
        "status_inf": "ALLOTTED",
        "applied_ti": null,
        "alloted_ti": null,
        "allotmentr": null,
        "industri_1": "Industrial Area Shyamtarai",
        "industri_2": "Industrial Area Shyamtarai",
        "gis_tid": null,
        "st_area_sh": 8.1069309e-08,
        "st_length_": 0.00114517562426,
        "uidv1": null,
        "status_from_csidc": "ALLOTTED",
        "uid": "IA-1995"
      }
    },
    {
      "type": "Feature",
      "id": "csidc_industrial_area_with_plots.fid-23377b7a_19c5672bde0_7022",
      "geometry": {
        "type": "Polygon",
        "coordinates": [
          [
            [
              81.69451031,
              20.97030385
            ],
            [
              81.69431287,
              20.96995365
            ],
            [
              81.69410607,
              20.97005717
            ],
            [
              81.69430351,
              20.97040738
            ],
            [
              81.69451031,
              20.97030385
            ]
          ]
        ]
      },
      "geometry_name": "geom",
      "properties": {
        "gid": 67,
        "objectid": 7,
        "district": "Dhamtari",
        "plot_type": "INDUSTRIAL PURPOSE",
        "total_area": 1125,
        "reservatio": "No",
        "plot_munci": "No",
        "corner_plo": "No",
        "premium_ba": 10000000,
        "addi_premi": 0.0,
        "total_prem": 10000000,
        "label": null,
        "tot_premiu": 0.0,
        "location": "G-Jamgoan",
        "remark": null,
        "sector_inf": null,
        "industrial": "Industrial Area G-Jamgoan",
        "district_i": "Dhamtari",
        "plotno_inf": "7",
        "uniqueplot": "7",
        "plotactiva": null,
        "plotupdate": null,
        "plot_yesno": "YES",
        "category_i": "INDUSTRIAL PLOT-ALLOTED",
        "quest": null,
        "status_inf": "ALLOTTED",
        "applied_ti": null,
        "alloted_ti": null,
        "allotmentr": null,
        "industri_1": "Industrial Area G-Jamgoan",
        "industri_2": "Industrial Area G-Jamgoan",
        "gis_tid": null,
        "st_area_sh": 0.0,
        "st_length_": 0.0,
        "uidv1": null,
        "status_from_csidc": "BOOKED",
        "uid": "IA-1991"
      }
    },
    {
      "type": "Feature",
      "id": "csidc_industrial_area_with_plots.fid-23377b7a_19c5672bde0_7023",
      "geometry": {
        "type": "Polygon",
        "coordinates": [
          [
            [
              81.52912472,
              20.68946446
            ],
            [
              81.52904527,
              20.68915909
            ],
            [
              81.52879458,
              20.68921595
            ],
            [
              81.52885241,
              20.68943824
            ],
            [
              81.52887403,
              20.68952132
            ],
            [
              81.52912472,
              20.68946446
            ]
          ]
        ]
      },
      "geometry_name": "geom",
      "properties": {
        "gid": 68,
        "objectid": 23,
        "district": "Dhamtari",
        "plot_type": "INDUSTRIAL PURPOSE",
        "total_area": 1215,
        "reservatio": "No",
        "plot_munci": "YES",
        "corner_plo": "No",
        "premium_ba": 4000000,
        "addi_premi": 400000,
        "total_prem": 4400000,
        "label": null,
        "tot_premiu": 0.0,
        "location": "Shyamtarai",
        "remark": null,
        "sector_inf": null,
        "industrial": "Inustrial Area Shyamtarai",
        "district_i": "Dhamtari",
        "plotno_inf": "23",
        "uniqueplot": "23",
        "plotactiva": null,
        "plotupdate": null,
        "plot_yesno": "Yes",
        "category_i": "INDUSTRIAL PLOT-ALLOTED",
        "quest": null,
        "status_inf": "ALLOTTED",
        "applied_ti": null,
        "alloted_ti": null,
        "allotmentr": null,
        "industri_1": "Industrial Area Shyamtarai",
        "industri_2": "Industrial Area Shyamtarai",
        "gis_tid": null,
        "st_area_sh": 8.1069336e-08,
        "st_length_": 0.0011451762748,
        "uidv1": null,
        "status_from_csidc": "ALLOTTED",
        "uid": "IA-1996"
      }
    },
    {
      "type": "Feature",
      "id": "csidc_industrial_area_with_plots.fid-23377b7a_19c5672bde0_7024",
      "geometry": {
        "type": "Polygon",
        "coordinates": [
          [
            [
              81.69430351,
              20.97040738
            ],
            [
              81.69410607,
              20.97005717
            ],
            [
              81.69389927,
              20.9701607
            ],
            [
              81.69409672,
              20.9705109
            ],
            [
              81.69430351,
              20.97040738
            ]
          ]
        ]
      },
      "geometry_name": "geom",
      "properties": {
        "gid": 69,
        "objectid": 8,
        "district": "Dhamtari",
        "plot_type": "INDUSTRIAL PURPOSE",
        "total_area": 1125,
        "reservatio": "No",
        "plot_munci": "No",
        "corner_plo": "No",
        "premium_ba": 10000000,
        "addi_premi": 0.0,
        "total_prem": 10000000,
        "label": null,
        "tot_premiu": 0.0,
        "location": "G-Jamgoan",
        "remark": null,
        "sector_inf": null,
        "industrial": "Industrial Area G-Jamgoan",
        "district_i": "Dhamtari",
        "plotno_inf": "8",
        "uniqueplot": "8",
        "plotactiva": null,
        "plotupdate": null,
        "plot_yesno": "YES",
        "category_i": "INDUSTRIAL PLOT-ALLOTED",
        "quest": null,
        "status_inf": "ALLOTTED",
        "applied_ti": null,
        "alloted_ti": null,
        "allotmentr": null,
        "industri_1": "Industrial Area G-Jamgoan",
        "industri_2": "Industrial Area G-Jamgoan",
        "gis_tid": null,
        "st_area_sh": 0.0,
        "st_length_": 0.0,
        "uidv1": null,
        "status_from_csidc": "BOOKED",
        "uid": "IA-1993"
      }
    },
    {
      "type": "Feature",
      "id": "csidc_industrial_area_with_plots.fid-23377b7a_19c5672bde0_7025",
      "geometry": {
        "type": "Polygon",
        "coordinates": [
          [
            [
              81.5298863,
              20.68957718
            ],
            [
              81.52984795,
              20.68942977
            ],
            [
              81.52968082,
              20.68946768
            ],
            [
              81.52971917,
              20.68961509
            ],
            [
              81.5298863,
              20.68957718
            ]
          ]
        ]
      },
      "geometry_name": "geom",
      "properties": {
        "gid": 70,
        "objectid": 20,
        "district": "Dhamtari",
        "plot_type": "INDUSTRIAL PURPOSE",
        "total_area": 390.96,
        "reservatio": "Yes",
        "plot_munci": "YES",
        "corner_plo": "Yes",
        "premium_ba": 4000000,
        "addi_premi": 800000,
        "total_prem": 4800000,
        "label": null,
        "tot_premiu": 0.0,
        "location": "Shyamtarai",
        "remark": null,
        "sector_inf": null,
        "industrial": "Inustrial Area Shyamtarai",
        "district_i": "Dhamtari",
        "plotno_inf": "20",
        "uniqueplot": "20",
        "plotactiva": null,
        "plotupdate": null,
        "plot_yesno": "Yes",
        "category_i": "INDUSTRIAL PLOT-ALLOTED",
        "quest": null,
        "status_inf": "ALLOTTED",
        "applied_ti": null,
        "alloted_ti": null,
        "allotmentr": null,
        "industri_1": "Industrial Area Shyamtarai",
        "industri_2": "Industrial Area Shyamtarai",
        "gis_tid": null,
        "st_area_sh": 2.6089746e-08,
        "st_length_": 0.000647375934868,
        "uidv1": null,
        "status_from_csidc": "ALLOTTED",
        "uid": "IA-1997"
      }
    },
    {
      "type": "Feature",
      "id": "csidc_industrial_area_with_plots.fid-23377b7a_19c5672bde0_7026",
      "geometry": {
        "type": "Polygon",
        "coordinates": [
          [
            [
              81.69557865,
              20.97023502
            ],
            [
              81.69553662,
              20.97015809
            ],
            [
              81.6954058,
              20.96992239
            ],
            [
              81.69494502,
              20.97015307
            ],
            [
              81.69512053,
              20.97046436
            ],
            [
              81.69557865,
              20.97023502
            ]
          ]
        ]
      },
      "geometry_name": "geom",
      "properties": {
        "gid": 71,
        "objectid": 1,
        "district": "Dhamtari",
        "plot_type": "INDUSTRIAL PURPOSE",
        "total_area": 2223,
        "reservatio": "No",
        "plot_munci": "No",
        "corner_plo": "Yes",
        "premium_ba": 10000000,
        "addi_premi": 1000000,
        "total_prem": 11000000,
        "label": null,
        "tot_premiu": 0.0,
        "location": "G-Jamgoan",
        "remark": null,
        "sector_inf": null,
        "industrial": "Industrial Area G-Jamgoan",
        "district_i": "Dhamtari",
        "plotno_inf": "1",
        "uniqueplot": "1",
        "plotactiva": null,
        "plotupdate": null,
        "plot_yesno": "YES",
        "category_i": "INDUSTRIAL PLOT-ALLOTED",
        "quest": null,
        "status_inf": "ALLOTTED",
        "applied_ti": null,
        "alloted_ti": null,
        "allotmentr": null,
        "industri_1": "Industrial Area G-Jamgoan",
        "industri_2": "Industrial Area G-Jamgoan",
        "gis_tid": null,
        "st_area_sh": 0.0,
        "st_length_": 0.0,
        "uidv1": null,
        "status_from_csidc": "BOOKED",
        "uid": "IA-1992"
      }
    },
    {
      "type": "Feature",
      "id": "csidc_industrial_area_with_plots.fid-23377b7a_19c5672bde0_7027",
      "geometry": {
        "type": "Polygon",
        "coordinates": [
          [
            [
              83.5083778,
              22.6771772
            ],
            [
              83.50810956,
              22.67688435
            ],
            [
              83.50792601,
              22.67702566
            ],
            [
              83.50818547,
              22.67732162
            ],
            [
              83.5083778,
              22.6771772
            ]
          ]
        ]
      },
      "geometry_name": "geom",
      "properties": {
        "gid": 72,
        "objectid": 0,
        "district": "SURGUJA",
        "plot_type": "INDUSTRIAL PURPOSE",
        "total_area": 1000,
        "reservatio": null,
        "plot_munci": "No.",
        "corner_plo": null,
        "premium_ba": 4800000,
        "addi_premi": 0.0,
        "total_prem": 4800000,
        "label": null,
        "tot_premiu": 4800000,
        "location": "ULAKIYA FOOD PARK SURGUJA",
        "remark": null,
        "sector_inf": "Block-C",
        "industrial": "Ulakiya Industrial Area and Food Park",
        "district_i": "RAIPUR",
        "plotno_inf": "4",
        "uniqueplot": "4",
        "plotactiva": null,
        "plotupdate": null,
        "plot_yesno": "YES",
        "category_i": "INDUSTRIAL PLOT-ALLOTED",
        "quest": null,
        "status_inf": "AVAILABLE",
        "applied_ti": null,
        "alloted_ti": null,
        "allotmentr": null,
        "industri_1": "FOOD PARK ULAKIYA",
        "industri_2": "FOOD PARK ULAKIYA",
        "gis_tid": null,
        "st_area_sh": 0.0,
        "st_length_": 0.0,
        "uidv1": "IA-2167",
        "status_from_csidc": "AVAILABLE",
        "uid": "IA-2167"
      }
    },
    {
      "type": "Feature",
      "id": "csidc_industrial_area_with_plots.fid-23377b7a_19c5672bde0_7028",
      "geometry": {
        "type": "Polygon",
        "coordinates": [
          [
            [
              81.52971917,
              20.68961509
            ],
            [
              81.52968082,
              20.68946768
            ],
            [
              81.5295137,
              20.68950559
            ],
            [
              81.52955205,
              20.68965299
            ],
            [
              81.52971917,
              20.68961509
            ]
          ]
        ]
      },
      "geometry_name": "geom",
      "properties": {
        "gid": 73,
        "objectid": 19,
        "district": "Dhamtari",
        "plot_type": "INDUSTRIAL PURPOSE",
        "total_area": 390.96,
        "reservatio": "Yes",
        "plot_munci": "YES",
        "corner_plo": "No",
        "premium_ba": 4000000,
        "addi_premi": 400000,
        "total_prem": 4400000,
        "label": null,
        "tot_premiu": 0.0,
        "location": "Shyamtarai",
        "remark": null,
        "sector_inf": null,
        "industrial": "Inustrial Area Shyamtarai",
        "district_i": "Dhamtari",
        "plotno_inf": "19",
        "uniqueplot": "19",
        "plotactiva": null,
        "plotupdate": null,
        "plot_yesno": "Yes",
        "category_i": "INDUSTRIAL PLOT-ALLOTED",
        "quest": null,
        "status_inf": "AVAILABLE",
        "applied_ti": null,
        "alloted_ti": null,
        "allotmentr": null,
        "industri_1": "Industrial Area Shyamtarai",
        "industri_2": "Industrial Area Shyamtarai",
        "gis_tid": null,
        "st_area_sh": 2.6089605e-08,
        "st_length_": 0.000647374159926,
        "uidv1": null,
        "status_from_csidc": "AVAILABLE",
        "uid": "IA-1998"
      }
    },
    {
      "type": "Feature",
      "id": "csidc_industrial_area_with_plots.fid-23377b7a_19c5672bde0_7029",
      "geometry": {
        "type": "Polygon",
        "coordinates": [
          [
            [
              81.52955205,
              20.68965299
            ],
            [
              81.5295137,
              20.68950559
            ],
            [
              81.52934657,
              20.68954349
            ],
            [
              81.52938492,
              20.6896909
            ],
            [
              81.52955205,
              20.68965299
            ]
          ]
        ]
      },
      "geometry_name": "geom",
      "properties": {
        "gid": 74,
        "objectid": 18,
        "district": "Dhamtari",
        "plot_type": "INDUSTRIAL PURPOSE",
        "total_area": 390.96,
        "reservatio": "Yes",
        "plot_munci": "YES",
        "corner_plo": "No",
        "premium_ba": 4000000,
        "addi_premi": 400000,
        "total_prem": 4400000,
        "label": null,
        "tot_premiu": 0.0,
        "location": "Shyamtarai",
        "remark": null,
        "sector_inf": null,
        "industrial": "Inustrial Area Shyamtarai",
        "district_i": "Dhamtari",
        "plotno_inf": "18",
        "uniqueplot": "18",
        "plotactiva": null,
        "plotupdate": null,
        "plot_yesno": "Yes",
        "category_i": "INDUSTRIAL PLOT-ALLOTED",
        "quest": null,
        "status_inf": "AVAILABLE",
        "applied_ti": null,
        "alloted_ti": null,
        "allotmentr": null,
        "industri_1": "Industrial Area Shyamtarai",
        "industri_2": "Industrial Area Shyamtarai",
        "gis_tid": null,
        "st_area_sh": 2.6089827e-08,
        "st_length_": 0.000647377249406,
        "uidv1": null,
        "status_from_csidc": "AVAILABLE",
        "uid": "IA-1999"
      }
    },
    {
      "type": "Feature",
      "id": "csidc_industrial_area_with_plots.fid-23377b7a_19c5672bde0_702a",
      "geometry": {
        "type": "Polygon",
        "coordinates": [
          [
            [
              81.52938492,
              20.6896909
            ],
            [
              81.52934657,
              20.68954349
            ],
            [
              81.52917944,
              20.6895814
            ],
            [
              81.52921779,
              20.68972881
            ],
            [
              81.52938492,
              20.6896909
            ]
          ]
        ]
      },
      "geometry_name": "geom",
      "properties": {
        "gid": 75,
        "objectid": 17,
        "district": "Dhamtari",
        "plot_type": "INDUSTRIAL PURPOSE",
        "total_area": 390.96,
        "reservatio": "Yes",
        "plot_munci": "YES",
        "corner_plo": "No",
        "premium_ba": 4000000,
        "addi_premi": 400000,
        "total_prem": 4400000,
        "label": null,
        "tot_premiu": 0.0,
        "location": "Shyamtarai",
        "remark": null,
        "sector_inf": null,
        "industrial": "Inustrial Area Shyamtarai",
        "district_i": "Dhamtari",
        "plotno_inf": "17",
        "uniqueplot": "17",
        "plotactiva": null,
        "plotupdate": null,
        "plot_yesno": "Yes",
        "category_i": "INDUSTRIAL PLOT-ALLOTED",
        "quest": null,
        "status_inf": "AVAILABLE",
        "applied_ti": null,
        "alloted_ti": null,
        "allotmentr": null,
        "industri_1": "Industrial Area Shyamtarai",
        "industri_2": "Industrial Area Shyamtarai",
        "gis_tid": null,
        "st_area_sh": 2.6089411e-08,
        "st_length_": 0.000647372000636,
        "uidv1": null,
        "status_from_csidc": "AVAILABLE",
        "uid": "IA-2000"
      }
    },
    {
      "type": "Feature",
      "id": "csidc_industrial_area_with_plots.fid-23377b7a_19c5672bde0_702b",
      "geometry": {
        "type": "Polygon",
        "coordinates": [
          [
            [
              81.69380195,
              20.96963064
            ],
            [
              81.69358257,
              20.96924152
            ],
            [
              81.69337577,
              20.96934505
            ],
            [
              81.69359515,
              20.96973417
            ],
            [
              81.69380195,
              20.96963064
            ]
          ]
        ]
      },
      "geometry_name": "geom",
      "properties": {
        "gid": 61,
        "objectid": 14,
        "district": "Dhamtari",
        "plot_type": "INDUSTRIAL PURPOSE",
        "total_area": 1250,
        "reservatio": "No",
        "plot_munci": "No",
        "corner_plo": "No",
        "premium_ba": 10000000,
        "addi_premi": 0.0,
        "total_prem": 10000000,
        "label": null,
        "tot_premiu": 0.0,
        "location": "G-Jamgoan",
        "remark": null,
        "sector_inf": null,
        "industrial": "Industrial Area G-Jamgoan",
        "district_i": "Dhamtari",
        "plotno_inf": "14",
        "uniqueplot": "14",
        "plotactiva": null,
        "plotupdate": null,
        "plot_yesno": "YES",
        "category_i": "INDUSTRIAL PLOT-ALLOTED",
        "quest": null,
        "status_inf": "AVAILABLE",
        "applied_ti": null,
        "alloted_ti": null,
        "allotmentr": null,
        "industri_1": "Industrial Area G-Jamgoan",
        "industri_2": "Industrial Area G-Jamgoan",
        "gis_tid": null,
        "st_area_sh": 0.0,
        "st_length_": 0.0,
        "uidv1": null,
        "status_from_csidc": "AVAILABLE",
        "uid": "IA-1983"
      }
    },
    {
      "type": "Feature",
      "id": "csidc_industrial_area_with_plots.fid-23377b7a_19c5672bde0_702c",
      "geometry": {
        "type": "Polygon",
        "coordinates": [
          [
            [
              81.5296261,
              20.68935074
            ],
            [
              81.52954666,
              20.68904537
            ],
            [
              81.52929597,
              20.68910223
            ],
            [
              81.52937541,
              20.6894076
            ],
            [
              81.5296261,
              20.68935074
            ]
          ]
        ]
      },
      "geometry_name": "geom",
      "properties": {
        "gid": 65,
        "objectid": 21,
        "district": "Dhamtari",
        "plot_type": "INDUSTRIAL PURPOSE",
        "total_area": 1215,
        "reservatio": "No",
        "plot_munci": "YES",
        "corner_plo": "No",
        "premium_ba": 4000000,
        "addi_premi": 400000,
        "total_prem": 4400000,
        "label": null,
        "tot_premiu": 0.0,
        "location": "Shyamtarai",
        "remark": null,
        "sector_inf": null,
        "industrial": "Inustrial Area Shyamtarai",
        "district_i": "Dhamtari",
        "plotno_inf": "21",
        "uniqueplot": "21",
        "plotactiva": null,
        "plotupdate": null,
        "plot_yesno": "Yes",
        "category_i": "INDUSTRIAL PLOT-ALLOTED",
        "quest": null,
        "status_inf": "AVAILABLE",
        "applied_ti": null,
        "alloted_ti": null,
        "allotmentr": null,
        "industri_1": "Industrial Area Shyamtarai",
        "industri_2": "Industrial Area Shyamtarai",
        "gis_tid": null,
        "st_area_sh": 8.106916e-08,
        "st_length_": 0.00114517455502,
        "uidv1": null,
        "status_from_csidc": "AVAILABLE",
        "uid": "IA-1994"
      }
    },
    {
      "type": "Feature",
      "id": "csidc_industrial_area_with_plots.fid-23377b7a_19c5672bde0_702d",
      "geometry": {
        "type": "Polygon",
        "coordinates": [
          [
            [
              83.49453247,
              21.86942615
            ],
            [
              83.4945324,
              21.86942564
            ],
            [
              83.49450867,
              21.86924923
            ],
            [
              83.49425514,
              21.86928368
            ],
            [
              83.49427995,
              21.86945583
            ],
            [
              83.4942809,
              21.86946238
            ],
            [
              83.49450601,
              21.86942955
            ],
            [
              83.49453247,
              21.86942615
            ]
          ]
        ]
      },
      "geometry_name": "geom",
      "properties": {
        "gid": 76,
        "objectid": 3659,
        "district": "RAIGARH",
        "plot_type": "Industrial  Purpose",
        "total_area": 475,
        "reservatio": null,
        "plot_munci": "No.",
        "corner_plo": "No",
        "premium_ba": 0.0,
        "addi_premi": 0.0,
        "total_prem": 12000000,
        "label": null,
        "tot_premiu": 12000000,
        "location": "SIYARPALI-MAHUAPALI",
        "remark": null,
        "sector_inf": null,
        "industrial": "INDUSTRIAL AREA SIYARPALI-MAHUAPALI",
        "district_i": "RAIGARH",
        "plotno_inf": "43",
        "uniqueplot": "43",
        "plotactiva": "1899-12-29Z",
        "plotupdate": null,
        "plot_yesno": "YES",
        "category_i": "INDUSTRIAL PLOT-ALLOTED",
        "quest": null,
        "status_inf": "AVAILABLE",
        "applied_ti": "1899-12-29Z",
        "alloted_ti": "1899-12-29Z",
        "allotmentr": null,
        "industri_1": "INDUSTRIAL AREA SIYARPALI-MAHUAPALI",
        "industri_2": "INDUSTRIAL AREA SIYARPALI-MAHUAPALI",
        "gis_tid": null,
        "st_area_sh": 4.5728883e-08,
        "st_length_": 0.000869075531559,
        "uidv1": "IA-1349",
        "status_from_csidc": "AVAILABLE",
        "uid": "IA-1349"
      }
    },
    {
      "type": "Feature",
      "id": "csidc_industrial_area_with_plots.fid-23377b7a_19c5672bde0_702e",
      "geometry": {
        "type": "Polygon",
        "coordinates": [
          [
            [
              81.59544109,
              21.28734228
            ],
            [
              81.59542406,
              21.28711059
            ],
            [
              81.59510161,
              21.28742203
            ],
            [
              81.59522723,
              21.28753297
            ],
            [
              81.59544109,
              21.28734228
            ]
          ]
        ]
      },
      "geometry_name": "geom",
      "properties": {
        "gid": 77,
        "objectid": 0,
        "district": "RAIPUR",
        "plot_type": "INDUSTRIAL PURPOSE",
        "total_area": 1344.718,
        "reservatio": null,
        "plot_munci": "YES",
        "corner_plo": "NO",
        "premium_ba": 0.0,
        "addi_premi": 0.0,
        "total_prem": 0.0,
        "label": null,
        "tot_premiu": 0.0,
        "location": "Sarora",
        "remark": null,
        "sector_inf": null,
        "industrial": "PLASTIC PARK",
        "district_i": "RAIPUR",
        "plotno_inf": "44",
        "uniqueplot": "44",
        "plotactiva": null,
        "plotupdate": null,
        "plot_yesno": "YES",
        "category_i": "INDUSTRIAL PLOT-ALLOTED",
        "quest": null,
        "status_inf": "UNAVAILABLE",
        "applied_ti": null,
        "alloted_ti": null,
        "allotmentr": null,
        "industri_1": "PLASTIC PARK",
        "industri_2": "PLASTIC PARK",
        "gis_tid": null,
        "st_area_sh": 0.0,
        "st_length_": 0.0,
        "uidv1": "IA-1355",
        "status_from_csidc": null,
        "uid": "IA-1355"
      }
    },
    {
      "type": "Feature",
      "id": "csidc_industrial_area_with_plots.fid-23377b7a_19c5672bde0_702f",
      "geometry": {
        "type": "Polygon",
        "coordinates": [
          [
            [
              81.52888353,
              20.68980462
            ],
            [
              81.52884518,
              20.68965721
            ],
            [
              81.52867806,
              20.68969512
            ],
            [
              81.52871641,
              20.68984253
            ],
            [
              81.52888353,
              20.68980462
            ]
          ]
        ]
      },
      "geometry_name": "geom",
      "properties": {
        "gid": 78,
        "objectid": 14,
        "district": "Dhamtari",
        "plot_type": "INDUSTRIAL PURPOSE",
        "total_area": 390.96,
        "reservatio": "Yes",
        "plot_munci": "YES",
        "corner_plo": "No",
        "premium_ba": 4000000,
        "addi_premi": 400000,
        "total_prem": 4400000,
        "label": null,
        "tot_premiu": 0.0,
        "location": "Shyamtarai",
        "remark": null,
        "sector_inf": null,
        "industrial": "Inustrial Area Shyamtarai",
        "district_i": "Dhamtari",
        "plotno_inf": "14",
        "uniqueplot": "14",
        "plotactiva": null,
        "plotupdate": null,
        "plot_yesno": "Yes",
        "category_i": "INDUSTRIAL PLOT-ALLOTED",
        "quest": null,
        "status_inf": "AVAILABLE",
        "applied_ti": null,
        "alloted_ti": null,
        "allotmentr": null,
        "industri_1": "Industrial Area Shyamtarai",
        "industri_2": "Industrial Area Shyamtarai",
        "gis_tid": null,
        "st_area_sh": 2.6089518e-08,
        "st_length_": 0.000647373322575,
        "uidv1": null,
        "status_from_csidc": "AVAILABLE",
        "uid": "IA-2004"
      }
    },
    {
      "type": "Feature",
      "id": "csidc_industrial_area_with_plots.fid-23377b7a_19c5672bde0_7030",
      "geometry": {
        "type": "Polygon",
        "coordinates": [
          [
            [
              81.52871641,
              20.68984253
            ],
            [
              81.52867806,
              20.68969512
            ],
            [
              81.52851093,
              20.68973302
            ],
            [
              81.52854928,
              20.68988043
            ],
            [
              81.52871641,
              20.68984253
            ]
          ]
        ]
      },
      "geometry_name": "geom",
      "properties": {
        "gid": 79,
        "objectid": 13,
        "district": "Dhamtari",
        "plot_type": "INDUSTRIAL PURPOSE",
        "total_area": 390.96,
        "reservatio": "Yes",
        "plot_munci": "YES",
        "corner_plo": "No",
        "premium_ba": 4000000,
        "addi_premi": 400000,
        "total_prem": 4400000,
        "label": null,
        "tot_premiu": 0.0,
        "location": "Shyamtarai",
        "remark": null,
        "sector_inf": null,
        "industrial": "Inustrial Area Shyamtarai",
        "district_i": "Dhamtari",
        "plotno_inf": "13",
        "uniqueplot": "13",
        "plotactiva": null,
        "plotupdate": null,
        "plot_yesno": "Yes",
        "category_i": "INDUSTRIAL PLOT-ALLOTED",
        "quest": null,
        "status_inf": "AVAILABLE",
        "applied_ti": null,
        "alloted_ti": null,
        "allotmentr": null,
        "industri_1": "Industrial Area Shyamtarai",
        "industri_2": "Industrial Area Shyamtarai",
        "gis_tid": null,
        "st_area_sh": 2.6089827e-08,
        "st_length_": 0.000647377249431,
        "uidv1": null,
        "status_from_csidc": "AVAILABLE",
        "uid": "IA-2005"
      }
    },
    {
      "type": "Feature",
      "id": "csidc_industrial_area_with_plots.fid-23377b7a_19c5672bde0_7031",
      "geometry": {
        "type": "Polygon",
        "coordinates": [
          [
            [
              81.52854928,
              20.68988043
            ],
            [
              81.52851093,
              20.68973302
            ],
            [
              81.5283438,
              20.68977093
            ],
            [
              81.52838215,
              20.68991834
            ],
            [
              81.52854928,
              20.68988043
            ]
          ]
        ]
      },
      "geometry_name": "geom",
      "properties": {
        "gid": 80,
        "objectid": 12,
        "district": "Dhamtari",
        "plot_type": "INDUSTRIAL PURPOSE",
        "total_area": 390.96,
        "reservatio": "Yes",
        "plot_munci": "YES",
        "corner_plo": "No",
        "premium_ba": 4000000,
        "addi_premi": 400000,
        "total_prem": 4400000,
        "label": null,
        "tot_premiu": 0.0,
        "location": "Shyamtarai",
        "remark": null,
        "sector_inf": null,
        "industrial": "Inustrial Area Shyamtarai",
        "district_i": "Dhamtari",
        "plotno_inf": "12",
        "uniqueplot": "12",
        "plotactiva": null,
        "plotupdate": null,
        "plot_yesno": "Yes",
        "category_i": "INDUSTRIAL PLOT-ALLOTED",
        "quest": null,
        "status_inf": "AVAILABLE",
        "applied_ti": null,
        "alloted_ti": null,
        "allotmentr": null,
        "industri_1": "Industrial Area Shyamtarai",
        "industri_2": "Industrial Area Shyamtarai",
        "gis_tid": null,
        "st_area_sh": 2.6089484e-08,
        "st_length_": 0.000647372924798,
        "uidv1": null,
        "status_from_csidc": "AVAILABLE",
        "uid": "IA-2006"
      }
    },
    {
      "type": "Feature",
      "id": "csidc_industrial_area_with_plots.fid-23377b7a_19c5672bde0_7032",
      "geometry": {
        "type": "Polygon",
        "coordinates": [
          [
            [
              81.52960501,
              20.68985657
            ],
            [
              81.52955205,
              20.68965299
            ],
            [
              81.52938492,
              20.6896909
            ],
            [
              81.52943782,
              20.68989422
            ],
            [
              81.52943788,
              20.68989447
            ],
            [
              81.52960501,
              20.68985657
            ]
          ]
        ]
      },
      "geometry_name": "geom",
      "properties": {
        "gid": 84,
        "objectid": 3,
        "district": "Dhamtari",
        "plot_type": "INDUSTRIAL PURPOSE",
        "total_area": 540,
        "reservatio": "No",
        "plot_munci": "YES",
        "corner_plo": "No",
        "premium_ba": 4000000,
        "addi_premi": 400000,
        "total_prem": 4400000,
        "label": null,
        "tot_premiu": 0.0,
        "location": "Shyamtarai",
        "remark": null,
        "sector_inf": null,
        "industrial": "Inustrial Area Shyamtarai",
        "district_i": "Dhamtari",
        "plotno_inf": "3",
        "uniqueplot": "3",
        "plotactiva": null,
        "plotupdate": null,
        "plot_yesno": "Yes",
        "category_i": "INDUSTRIAL PLOT-ALLOTED",
        "quest": null,
        "status_inf": "ALLOTTED",
        "applied_ti": null,
        "alloted_ti": null,
        "allotmentr": null,
        "industri_1": "Industrial Area Shyamtarai",
        "industri_2": "Industrial Area Shyamtarai",
        "gis_tid": null,
        "st_area_sh": 3.6030505e-08,
        "st_length_": 0.000763446878635,
        "uidv1": null,
        "status_from_csidc": "BOOKED",
        "uid": "IA-2010"
      }
    },
    {
      "type": "Feature",
      "id": "csidc_industrial_area_with_plots.fid-23377b7a_19c5672bde0_7033",
      "geometry": {
        "type": "Polygon",
        "coordinates": [
          [
            [
              81.52801258,
              20.68985843
            ],
            [
              81.52796845,
              20.68968879
            ],
            [
              81.52763241,
              20.689765
            ],
            [
              81.52759705,
              20.68977302
            ],
            [
              81.52764119,
              20.68994267
            ],
            [
              81.52801258,
              20.68985843
            ]
          ]
        ]
      },
      "geometry_name": "geom",
      "properties": {
        "gid": 86,
        "objectid": 24,
        "district": "Dhamtari",
        "plot_type": "INDUSTRIAL PURPOSE",
        "total_area": 1000,
        "reservatio": "No",
        "plot_munci": "YES",
        "corner_plo": "No",
        "premium_ba": 4000000,
        "addi_premi": 400000,
        "total_prem": 4400000,
        "label": null,
        "tot_premiu": 0.0,
        "location": "Shyamtarai",
        "remark": null,
        "sector_inf": null,
        "industrial": "Inustrial Area Shyamtarai",
        "district_i": "Dhamtari",
        "plotno_inf": "24",
        "uniqueplot": "24",
        "plotactiva": null,
        "plotupdate": null,
        "plot_yesno": "Yes",
        "category_i": "INDUSTRIAL PLOT-ALLOTED",
        "quest": null,
        "status_inf": "ALLOTTED",
        "applied_ti": null,
        "alloted_ti": null,
        "allotmentr": null,
        "industri_1": "Industrial Area Shyamtarai",
        "industri_2": "Industrial Area Shyamtarai",
        "gis_tid": null,
        "st_area_sh": 6.67235e-08,
        "st_length_": 0.00111224416471,
        "uidv1": null,
        "status_from_csidc": "BOOKED",
        "uid": "IA-2003"
      }
    },
    {
      "type": "Feature",
      "id": "csidc_industrial_area_with_plots.fid-23377b7a_19c5672bde0_7034",
      "geometry": {
        "type": "Polygon",
        "coordinates": [
          [
            [
              81.52921779,
              20.68972881
            ],
            [
              81.52917944,
              20.6895814
            ],
            [
              81.52901231,
              20.68961931
            ],
            [
              81.52905066,
              20.68976671
            ],
            [
              81.52921779,
              20.68972881
            ]
          ]
        ]
      },
      "geometry_name": "geom",
      "properties": {
        "gid": 87,
        "objectid": 16,
        "district": "Dhamtari",
        "plot_type": "INDUSTRIAL PURPOSE",
        "total_area": 390.96,
        "reservatio": "Yes",
        "plot_munci": "YES",
        "corner_plo": "No",
        "premium_ba": 4000000,
        "addi_premi": 400000,
        "total_prem": 4400000,
        "label": null,
        "tot_premiu": 0.0,
        "location": "Shyamtarai",
        "remark": null,
        "sector_inf": null,
        "industrial": "Inustrial Area Shyamtarai",
        "district_i": "Dhamtari",
        "plotno_inf": "16",
        "uniqueplot": "16",
        "plotactiva": null,
        "plotupdate": null,
        "plot_yesno": "Yes",
        "category_i": "INDUSTRIAL PLOT-ALLOTED",
        "quest": null,
        "status_inf": "AVAILABLE",
        "applied_ti": null,
        "alloted_ti": null,
        "allotmentr": null,
        "industri_1": "Industrial Area Shyamtarai",
        "industri_2": "Industrial Area Shyamtarai",
        "gis_tid": null,
        "st_area_sh": 2.6089334e-08,
        "st_length_": 0.000647371183994,
        "uidv1": null,
        "status_from_csidc": "AVAILABLE",
        "uid": "IA-2001"
      }
    },
    {
      "type": "Feature",
      "id": "csidc_industrial_area_with_plots.fid-23377b7a_19c5672bde0_7035",
      "geometry": {
        "type": "Polygon",
        "coordinates": [
          [
            [
              81.52905066,
              20.68976671
            ],
            [
              81.52901231,
              20.68961931
            ],
            [
              81.52884518,
              20.68965721
            ],
            [
              81.52888353,
              20.68980462
            ],
            [
              81.52905066,
              20.68976671
            ]
          ]
        ]
      },
      "geometry_name": "geom",
      "properties": {
        "gid": 88,
        "objectid": 15,
        "district": "Dhamtari",
        "plot_type": "INDUSTRIAL PURPOSE",
        "total_area": 390.96,
        "reservatio": "Yes",
        "plot_munci": "YES",
        "corner_plo": "No",
        "premium_ba": 4000000,
        "addi_premi": 400000,
        "total_prem": 4400000,
        "label": null,
        "tot_premiu": 0.0,
        "location": "Shyamtarai",
        "remark": null,
        "sector_inf": null,
        "industrial": "Inustrial Area Shyamtarai",
        "district_i": "Dhamtari",
        "plotno_inf": "15",
        "uniqueplot": "15",
        "plotactiva": null,
        "plotupdate": null,
        "plot_yesno": "Yes",
        "category_i": "INDUSTRIAL PLOT-ALLOTED",
        "quest": null,
        "status_inf": "AVAILABLE",
        "applied_ti": null,
        "alloted_ti": null,
        "allotmentr": null,
        "industri_1": "Industrial Area Shyamtarai",
        "industri_2": "Industrial Area Shyamtarai",
        "gis_tid": null,
        "st_area_sh": 2.608955e-08,
        "st_length_": 0.000647373986667,
        "uidv1": null,
        "status_from_csidc": "AVAILABLE",
        "uid": "IA-2002"
      }
    },
    {
      "type": "Feature",
      "id": "csidc_industrial_area_with_plots.fid-23377b7a_19c5672bde0_7036",
      "geometry": {
        "type": "Polygon",
        "coordinates": [
          [
            [
              81.70713375,
              18.39508829
            ],
            [
              81.70709729,
              18.3949127
            ],
            [
              81.70690703,
              18.39494959
            ],
            [
              81.70694349,
              18.39512517
            ],
            [
              81.70713375,
              18.39508829
            ]
          ]
        ]
      },
      "geometry_name": "geom",
      "properties": {
        "gid": 90,
        "objectid": 37,
        "district": "SUKMA",
        "plot_type": "Industrial Purpose",
        "total_area": 400,
        "reservatio": "NO",
        "plot_munci": "YES",
        "corner_plo": "NO",
        "premium_ba": 4000000,
        "addi_premi": 800000,
        "total_prem": 4800000,
        "label": null,
        "tot_premiu": 0.0,
        "location": "SUKMA",
        "remark": null,
        "sector_inf": null,
        "industrial": "Food Park Sukma",
        "district_i": "Sukma",
        "plotno_inf": "37",
        "uniqueplot": "37",
        "plotactiva": null,
        "plotupdate": null,
        "plot_yesno": "Yes",
        "category_i": "INDUSTRIAL PLOT-ALLOTED",
        "quest": null,
        "status_inf": "ALLOTTED",
        "applied_ti": null,
        "alloted_ti": null,
        "allotmentr": null,
        "industri_1": "Food Park Sukma",
        "industri_2": "Food Park Sukma",
        "gis_tid": null,
        "st_area_sh": 0.0,
        "st_length_": 0.0,
        "uidv1": null,
        "status_from_csidc": "BOOKED",
        "uid": "IA-2022"
      }
    },
    {
      "type": "Feature",
      "id": "csidc_industrial_area_with_plots.fid-23377b7a_19c5672bde0_7037",
      "geometry": {
        "type": "Polygon",
        "coordinates": [
          [
            [
              81.52830334,
              20.6901518
            ],
            [
              81.52843511,
              20.69012191
            ],
            [
              81.52838215,
              20.68991834
            ],
            [
              81.52821502,
              20.68995624
            ],
            [
              81.52826799,
              20.69015982
            ],
            [
              81.52830334,
              20.6901518
            ]
          ]
        ]
      },
      "geometry_name": "geom",
      "properties": {
        "gid": 89,
        "objectid": 10,
        "district": "Dhamtari",
        "plot_type": "INDUSTRIAL PURPOSE",
        "total_area": 540,
        "reservatio": "No",
        "plot_munci": "YES",
        "corner_plo": "Yes",
        "premium_ba": 4000000,
        "addi_premi": 800000,
        "total_prem": 4800000,
        "label": null,
        "tot_premiu": 0.0,
        "location": "Shyamtarai",
        "remark": null,
        "sector_inf": null,
        "industrial": "Inustrial Area Shyamtarai",
        "district_i": "Dhamtari",
        "plotno_inf": "10",
        "uniqueplot": "10",
        "plotactiva": null,
        "plotupdate": null,
        "plot_yesno": "Yes",
        "category_i": "INDUSTRIAL PLOT-ALLOTED",
        "quest": null,
        "status_inf": "ALLOTTED",
        "applied_ti": null,
        "alloted_ti": null,
        "allotmentr": null,
        "industri_1": "Industrial Area Shyamtarai",
        "industri_2": "Industrial Area Shyamtarai",
        "gis_tid": null,
        "st_area_sh": 3.6030814e-08,
        "st_length_": 0.000763450128123,
        "uidv1": null,
        "status_from_csidc": "ALLOTTED",
        "uid": "IA-2018"
      }
    },
    {
      "type": "Feature",
      "id": "csidc_industrial_area_with_plots.fid-23377b7a_19c5672bde0_7038",
      "geometry": {
        "type": "Polygon",
        "coordinates": [
          [
            [
              81.52977214,
              20.68981866
            ],
            [
              81.52971917,
              20.68961509
            ],
            [
              81.52955205,
              20.68965299
            ],
            [
              81.52960501,
              20.68985657
            ],
            [
              81.52977214,
              20.68981866
            ]
          ]
        ]
      },
      "geometry_name": "geom",
      "properties": {
        "gid": 83,
        "objectid": 2,
        "district": "Dhamtari",
        "plot_type": "INDUSTRIAL PURPOSE",
        "total_area": 540,
        "reservatio": "No",
        "plot_munci": "YES",
        "corner_plo": "No",
        "premium_ba": 4000000,
        "addi_premi": 400000,
        "total_prem": 4400000,
        "label": null,
        "tot_premiu": 0.0,
        "location": "Shyamtarai",
        "remark": null,
        "sector_inf": null,
        "industrial": "Inustrial Area Shyamtarai",
        "district_i": "Dhamtari",
        "plotno_inf": "2",
        "uniqueplot": "2",
        "plotactiva": null,
        "plotupdate": null,
        "plot_yesno": "Yes",
        "category_i": "INDUSTRIAL PLOT-ALLOTED",
        "quest": null,
        "status_inf": "AVAILABLE",
        "applied_ti": null,
        "alloted_ti": null,
        "allotmentr": null,
        "industri_1": "Industrial Area Shyamtarai",
        "industri_2": "Industrial Area Shyamtarai",
        "gis_tid": null,
        "st_area_sh": 3.603077e-08,
        "st_length_": 0.000763449449354,
        "uidv1": null,
        "status_from_csidc": "AVAILABLE",
        "uid": "IA-2009"
      }
    },
    {
      "type": "Feature",
      "id": "csidc_industrial_area_with_plots.fid-23377b7a_19c5672bde0_7039",
      "geometry": {
        "type": "Polygon",
        "coordinates": [
          [
            [
              81.52993927,
              20.68978075
            ],
            [
              81.5298863,
              20.68957718
            ],
            [
              81.52971917,
              20.68961509
            ],
            [
              81.52977214,
              20.68981866
            ],
            [
              81.52993927,
              20.68978075
            ]
          ]
        ]
      },
      "geometry_name": "geom",
      "properties": {
        "gid": 81,
        "objectid": 1,
        "district": "Dhamtari",
        "plot_type": "INDUSTRIAL PURPOSE",
        "total_area": 540,
        "reservatio": "No",
        "plot_munci": "YES",
        "corner_plo": "Yes",
        "premium_ba": 4000000,
        "addi_premi": 800000,
        "total_prem": 4800000,
        "label": null,
        "tot_premiu": 0.0,
        "location": "Shyamtarai",
        "remark": null,
        "sector_inf": null,
        "industrial": "Inustrial Area Shyamtarai",
        "district_i": "Dhamtari",
        "plotno_inf": "1",
        "uniqueplot": "1",
        "plotactiva": null,
        "plotupdate": null,
        "plot_yesno": "Yes",
        "category_i": "INDUSTRIAL PLOT-ALLOTED",
        "quest": null,
        "status_inf": "AVAILABLE",
        "applied_ti": null,
        "alloted_ti": null,
        "allotmentr": null,
        "industri_1": "Industrial Area Shyamtarai",
        "industri_2": "Industrial Area Shyamtarai",
        "gis_tid": null,
        "st_area_sh": 3.6030551e-08,
        "st_length_": 0.000763447770968,
        "uidv1": null,
        "status_from_csidc": "AVAILABLE",
        "uid": "IA-2008"
      }
    },
    {
      "type": "Feature",
      "id": "csidc_industrial_area_with_plots.fid-23377b7a_19c5672bde0_703a",
      "geometry": {
        "type": "Polygon",
        "coordinates": [
          [
            [
              81.52943788,
              20.68989447
            ],
            [
              81.52943782,
              20.68989422
            ],
            [
              81.52938492,
              20.6896909
            ],
            [
              81.52921779,
              20.68972881
            ],
            [
              81.52927062,
              20.68993187
            ],
            [
              81.52927075,
              20.68993238
            ],
            [
              81.52943788,
              20.68989447
            ]
          ]
        ]
      },
      "geometry_name": "geom",
      "properties": {
        "gid": 85,
        "objectid": 4,
        "district": "Dhamtari",
        "plot_type": "INDUSTRIAL PURPOSE",
        "total_area": 540,
        "reservatio": "No",
        "plot_munci": "YES",
        "corner_plo": "No",
        "premium_ba": 4000000,
        "addi_premi": 400000,
        "total_prem": 4400000,
        "label": null,
        "tot_premiu": 0.0,
        "location": "Shyamtarai",
        "remark": null,
        "sector_inf": null,
        "industrial": "Inustrial Area Shyamtarai",
        "district_i": "Dhamtari",
        "plotno_inf": "4",
        "uniqueplot": "4",
        "plotactiva": null,
        "plotupdate": null,
        "plot_yesno": "Yes",
        "category_i": "INDUSTRIAL PLOT-ALLOTED",
        "quest": null,
        "status_inf": "AVAILABLE",
        "applied_ti": null,
        "alloted_ti": null,
        "allotmentr": null,
        "industri_1": "Industrial Area Shyamtarai",
        "industri_2": "Industrial Area Shyamtarai",
        "gis_tid": null,
        "st_area_sh": 3.6030539e-08,
        "st_length_": 0.000763445976557,
        "uidv1": null,
        "status_from_csidc": "AVAILABLE",
        "uid": "IA-2011"
      }
    },
    {
      "type": "Feature",
      "id": "csidc_industrial_area_with_plots.fid-23377b7a_19c5672bde0_703b",
      "geometry": {
        "type": "Polygon",
        "coordinates": [
          [
            [
              81.52860224,
              20.69008401
            ],
            [
              81.52854928,
              20.68988043
            ],
            [
              81.52838215,
              20.68991834
            ],
            [
              81.52843511,
              20.69012191
            ],
            [
              81.52860224,
              20.69008401
            ]
          ]
        ]
      },
      "geometry_name": "geom",
      "properties": {
        "gid": 91,
        "objectid": 9,
        "district": "Dhamtari",
        "plot_type": "INDUSTRIAL PURPOSE",
        "total_area": 540,
        "reservatio": "No",
        "plot_munci": "YES",
        "corner_plo": "No",
        "premium_ba": 4000000,
        "addi_premi": 400000,
        "total_prem": 4400000,
        "label": null,
        "tot_premiu": 0.0,
        "location": "Shyamtarai",
        "remark": null,
        "sector_inf": null,
        "industrial": "Inustrial Area Shyamtarai",
        "district_i": "Dhamtari",
        "plotno_inf": "9",
        "uniqueplot": "9",
        "plotactiva": null,
        "plotupdate": null,
        "plot_yesno": "Yes",
        "category_i": "INDUSTRIAL PLOT-ALLOTED",
        "quest": null,
        "status_inf": "ALLOTTED",
        "applied_ti": null,
        "alloted_ti": null,
        "allotmentr": null,
        "industri_1": "Industrial Area Shyamtarai",
        "industri_2": "Industrial Area Shyamtarai",
        "gis_tid": null,
        "st_area_sh": 3.6030741e-08,
        "st_length_": 0.000763449709434,
        "uidv1": null,
        "status_from_csidc": "ALLOTTED",
        "uid": "IA-2017"
      }
    },
    {
      "type": "Feature",
      "id": "csidc_industrial_area_with_plots.fid-23377b7a_19c5672bde0_703c",
      "geometry": {
        "type": "Polygon",
        "coordinates": [
          [
            [
              81.5289365,
              20.69000819
            ],
            [
              81.52888353,
              20.68980462
            ],
            [
              81.52871641,
              20.68984253
            ],
            [
              81.52876937,
              20.6900461
            ],
            [
              81.5289365,
              20.69000819
            ]
          ]
        ]
      },
      "geometry_name": "geom",
      "properties": {
        "gid": 93,
        "objectid": 7,
        "district": "Dhamtari",
        "plot_type": "INDUSTRIAL PURPOSE",
        "total_area": 540,
        "reservatio": "No",
        "plot_munci": "YES",
        "corner_plo": "No",
        "premium_ba": 4000000,
        "addi_premi": 400000,
        "total_prem": 4400000,
        "label": null,
        "tot_premiu": 0.0,
        "location": "Shyamtarai",
        "remark": null,
        "sector_inf": null,
        "industrial": "Inustrial Area Shyamtarai",
        "district_i": "Dhamtari",
        "plotno_inf": "7",
        "uniqueplot": "7",
        "plotactiva": null,
        "plotupdate": null,
        "plot_yesno": "Yes",
        "category_i": "INDUSTRIAL PLOT-ALLOTED",
        "quest": null,
        "status_inf": "ALLOTTED",
        "applied_ti": null,
        "alloted_ti": null,
        "allotmentr": null,
        "industri_1": "Industrial Area Shyamtarai",
        "industri_2": "Industrial Area Shyamtarai",
        "gis_tid": null,
        "st_area_sh": 3.6030564e-08,
        "st_length_": 0.000763447716049,
        "uidv1": null,
        "status_from_csidc": "BOOKED",
        "uid": "IA-2015"
      }
    },
    {
      "type": "Feature",
      "id": "csidc_industrial_area_with_plots.fid-23377b7a_19c5672bde0_703d",
      "geometry": {
        "type": "Polygon",
        "coordinates": [
          [
            [
              81.707324,
              18.3950514
            ],
            [
              81.70728754,
              18.39487581
            ],
            [
              81.70724041,
              18.39488495
            ],
            [
              81.70709729,
              18.3949127
            ],
            [
              81.70713375,
              18.39508829
            ],
            [
              81.707324,
              18.3950514
            ]
          ]
        ]
      },
      "geometry_name": "geom",
      "properties": {
        "gid": 94,
        "objectid": 38,
        "district": "SUKMA",
        "plot_type": "Industrial Purpose",
        "total_area": 400,
        "reservatio": "YES",
        "plot_munci": "YES",
        "corner_plo": "NO",
        "premium_ba": 4000000,
        "addi_premi": 800000,
        "total_prem": 4800000,
        "label": null,
        "tot_premiu": 0.0,
        "location": "SUKMA",
        "remark": null,
        "sector_inf": null,
        "industrial": "Food Park Sukma",
        "district_i": "Sukma",
        "plotno_inf": "38",
        "uniqueplot": "38",
        "plotactiva": null,
        "plotupdate": null,
        "plot_yesno": "Yes",
        "category_i": "INDUSTRIAL PLOT-ALLOTED",
        "quest": null,
        "status_inf": "AVAILABLE",
        "applied_ti": null,
        "alloted_ti": null,
        "allotmentr": null,
        "industri_1": "Food Park Sukma",
        "industri_2": "Food Park Sukma",
        "gis_tid": null,
        "st_area_sh": 0.0,
        "st_length_": 0.0,
        "uidv1": null,
        "status_from_csidc": "AVAILABLE",
        "uid": "IA-2021"
      }
    },
    {
      "type": "Feature",
      "id": "csidc_industrial_area_with_plots.fid-23377b7a_19c5672bde0_703e",
      "geometry": {
        "type": "Polygon",
        "coordinates": [
          [
            [
              81.70651946,
              18.39517999
            ],
            [
              81.70648847,
              18.39503075
            ],
            [
              81.70629821,
              18.39506763
            ],
            [
              81.70633467,
              18.39524322
            ],
            [
              81.70649639,
              18.39521186
            ],
            [
              81.70650126,
              18.3952105
            ],
            [
              81.70650582,
              18.39520838
            ],
            [
              81.70650992,
              18.39520557
            ],
            [
              81.70651345,
              18.39520214
            ],
            [
              81.70651629,
              18.39519822
            ],
            [
              81.70651837,
              18.3951939
            ],
            [
              81.70651961,
              18.39518933
            ],
            [
              81.70651997,
              18.39518465
            ],
            [
              81.70651946,
              18.39517999
            ]
          ]
        ]
      },
      "geometry_name": "geom",
      "properties": {
        "gid": 95,
        "objectid": 35,
        "district": "SUKMA",
        "plot_type": "Industrial Purpose",
        "total_area": 398.07,
        "reservatio": "YES",
        "plot_munci": "YES",
        "corner_plo": "YES",
        "premium_ba": 4000000,
        "addi_premi": 1200000,
        "total_prem": 5200000,
        "label": null,
        "tot_premiu": 0.0,
        "location": "SUKMA",
        "remark": null,
        "sector_inf": null,
        "industrial": "Food Park Sukma",
        "district_i": "Sukma",
        "plotno_inf": "35",
        "uniqueplot": "35",
        "plotactiva": null,
        "plotupdate": null,
        "plot_yesno": "Yes",
        "category_i": "INDUSTRIAL PLOT-ALLOTED",
        "quest": null,
        "status_inf": "AVAILABLE",
        "applied_ti": null,
        "alloted_ti": null,
        "allotmentr": null,
        "industri_1": "Food Park Sukma",
        "industri_2": "Food Park Sukma",
        "gis_tid": null,
        "st_area_sh": 0.0,
        "st_length_": 0.0,
        "uidv1": null,
        "status_from_csidc": "AVAILABLE",
        "uid": "IA-2023"
      }
    },
    {
      "type": "Feature",
      "id": "csidc_industrial_area_with_plots.fid-23377b7a_19c5672bde0_703f",
      "geometry": {
        "type": "Polygon",
        "coordinates": [
          [
            [
              81.70614441,
              18.39528011
            ],
            [
              81.70610795,
              18.39510452
            ],
            [
              81.7059177,
              18.39514141
            ],
            [
              81.70595415,
              18.39531699
            ],
            [
              81.70614441,
              18.39528011
            ]
          ]
        ]
      },
      "geometry_name": "geom",
      "properties": {
        "gid": 96,
        "objectid": 33,
        "district": "SUKMA",
        "plot_type": "Industrial Purpose",
        "total_area": 400,
        "reservatio": "YES",
        "plot_munci": "YES",
        "corner_plo": "NO",
        "premium_ba": 4000000,
        "addi_premi": 800000,
        "total_prem": 4800000,
        "label": null,
        "tot_premiu": 0.0,
        "location": "SUKMA",
        "remark": null,
        "sector_inf": null,
        "industrial": "Food Park Sukma",
        "district_i": "Sukma",
        "plotno_inf": "33",
        "uniqueplot": "33",
        "plotactiva": null,
        "plotupdate": null,
        "plot_yesno": "Yes",
        "category_i": "INDUSTRIAL PLOT-ALLOTED",
        "quest": null,
        "status_inf": "AVAILABLE",
        "applied_ti": null,
        "alloted_ti": null,
        "allotmentr": null,
        "industri_1": "Food Park Sukma",
        "industri_2": "Food Park Sukma",
        "gis_tid": null,
        "st_area_sh": 0.0,
        "st_length_": 0.0,
        "uidv1": null,
        "status_from_csidc": "AVAILABLE",
        "uid": "IA-2020"
      }
    },
    {
      "type": "Feature",
      "id": "csidc_industrial_area_with_plots.fid-23377b7a_19c5672bde0_7040",
      "geometry": {
        "type": "Polygon",
        "coordinates": [
          [
            [
              81.52810086,
              20.69019773
            ],
            [
              81.52805672,
              20.69002808
            ],
            [
              81.52768532,
              20.69011232
            ],
            [
              81.52772946,
              20.69028196
            ],
            [
              81.52810086,
              20.69019773
            ]
          ]
        ]
      },
      "geometry_name": "geom",
      "properties": {
        "gid": 97,
        "objectid": 26,
        "district": "Dhamtari",
        "plot_type": "INDUSTRIAL PURPOSE",
        "total_area": 1000,
        "reservatio": "No",
        "plot_munci": "YES",
        "corner_plo": "Yes",
        "premium_ba": 4000000,
        "addi_premi": 800000,
        "total_prem": 4800000,
        "label": null,
        "tot_premiu": 0.0,
        "location": "Shyamtarai",
        "remark": null,
        "sector_inf": null,
        "industrial": "Inustrial Area Shyamtarai",
        "district_i": "Dhamtari",
        "plotno_inf": "26",
        "uniqueplot": "26",
        "plotactiva": null,
        "plotupdate": null,
        "plot_yesno": "Yes",
        "category_i": "INDUSTRIAL PLOT-ALLOTED",
        "quest": null,
        "status_inf": "ALLOTTED",
        "applied_ti": null,
        "alloted_ti": null,
        "allotmentr": null,
        "industri_1": "Industrial Area Shyamtarai",
        "industri_2": "Industrial Area Shyamtarai",
        "gis_tid": null,
        "st_area_sh": 6.6723343e-08,
        "st_length_": 0.00111224241063,
        "uidv1": null,
        "status_from_csidc": "ALLOTTED",
        "uid": "IA-2019"
      }
    },
    {
      "type": "Feature",
      "id": "csidc_industrial_area_with_plots.fid-23377b7a_19c5672bde0_7041",
      "geometry": {
        "type": "Polygon",
        "coordinates": [
          [
            [
              81.70694349,
              18.39512517
            ],
            [
              81.70690703,
              18.39494959
            ],
            [
              81.70671677,
              18.39498648
            ],
            [
              81.70674776,
              18.39513573
            ],
            [
              81.70674915,
              18.39514021
            ],
            [
              81.70675136,
              18.3951444
            ],
            [
              81.70675432,
              18.39514815
            ],
            [
              81.70675796,
              18.39515136
            ],
            [
              81.70676215,
              18.39515393
            ],
            [
              81.70676677,
              18.39515577
            ],
            [
              81.70677168,
              18.39515683
            ],
            [
              81.70677673,
              18.39515709
            ],
            [
              81.70678177,
              18.39515653
            ],
            [
              81.70694349,
              18.39512517
            ]
          ]
        ]
      },
      "geometry_name": "geom",
      "properties": {
        "gid": 98,
        "objectid": 36,
        "district": "SUKMA",
        "plot_type": "Industrial Purpose",
        "total_area": 398.07,
        "reservatio": "NO",
        "plot_munci": "YES",
        "corner_plo": "YES",
        "premium_ba": 4000000,
        "addi_premi": 1200000,
        "total_prem": 5200000,
        "label": null,
        "tot_premiu": 0.0,
        "location": "SUKMA",
        "remark": null,
        "sector_inf": null,
        "industrial": "Food Park Sukma",
        "district_i": "Sukma",
        "plotno_inf": "36",
        "uniqueplot": "36",
        "plotactiva": null,
        "plotupdate": null,
        "plot_yesno": "Yes",
        "category_i": "INDUSTRIAL PLOT-ALLOTED",
        "quest": null,
        "status_inf": "AVAILABLE",
        "applied_ti": null,
        "alloted_ti": null,
        "allotmentr": null,
        "industri_1": "Food Park Sukma",
        "industri_2": "Food Park Sukma",
        "gis_tid": null,
        "st_area_sh": 0.0,
        "st_length_": 0.0,
        "uidv1": null,
        "status_from_csidc": "AVAILABLE",
        "uid": "IA-2024"
      }
    },
    {
      "type": "Feature",
      "id": "csidc_industrial_area_with_plots.fid-23377b7a_19c5672bde0_7042",
      "geometry": {
        "type": "Polygon",
        "coordinates": [
          [
            [
              81.52805672,
              20.69002808
            ],
            [
              81.52801258,
              20.68985843
            ],
            [
              81.52764119,
              20.68994267
            ],
            [
              81.52768532,
              20.69011232
            ],
            [
              81.52805672,
              20.69002808
            ]
          ]
        ]
      },
      "geometry_name": "geom",
      "properties": {
        "gid": 99,
        "objectid": 25,
        "district": "Dhamtari",
        "plot_type": "INDUSTRIAL PURPOSE",
        "total_area": 1000,
        "reservatio": "No",
        "plot_munci": "YES",
        "corner_plo": "No",
        "premium_ba": 4000000,
        "addi_premi": 400000,
        "total_prem": 4400000,
        "label": null,
        "tot_premiu": 0.0,
        "location": "Shyamtarai",
        "remark": null,
        "sector_inf": null,
        "industrial": "Inustrial Area Shyamtarai",
        "district_i": "Dhamtari",
        "plotno_inf": "25",
        "uniqueplot": "25",
        "plotactiva": null,
        "plotupdate": null,
        "plot_yesno": "Yes",
        "category_i": "INDUSTRIAL PLOT-ALLOTED",
        "quest": null,
        "status_inf": "ALLOTTED",
        "applied_ti": null,
        "alloted_ti": null,
        "allotmentr": null,
        "industri_1": "Industrial Area Shyamtarai",
        "industri_2": "Industrial Area Shyamtarai",
        "gis_tid": null,
        "st_area_sh": 6.6723867e-08,
        "st_length_": 0.00111224570773,
        "uidv1": null,
        "status_from_csidc": "BOOKED",
        "uid": "IA-2012"
      }
    },
    {
      "type": "Feature",
      "id": "csidc_industrial_area_with_plots.fid-23377b7a_19c5672bde0_7043",
      "geometry": {
        "type": "Polygon",
        "coordinates": [
          [
            [
              80.85441585,
              20.91441161
            ],
            [
              80.85428864,
              20.91412153
            ],
            [
              80.85375405,
              20.91432878
            ],
            [
              80.85388126,
              20.91461886
            ],
            [
              80.85441585,
              20.91441161
            ]
          ]
        ]
      },
      "geometry_name": "geom",
      "properties": {
        "gid": 100,
        "objectid": 2962,
        "district": "Rajnandgaon",
        "plot_type": "Industrial  Purpose",
        "total_area": 1750,
        "reservatio": null,
        "plot_munci": "NO",
        "corner_plo": "YES",
        "premium_ba": 2100000,
        "addi_premi": 210000,
        "total_prem": 2310000,
        "label": "C",
        "tot_premiu": 2310000,
        "location": "Pangrikhurd",
        "remark": null,
        "sector_inf": "BLOCK - C",
        "industrial": "RAJNANDGAON",
        "district_i": "RAJNANDGAON",
        "plotno_inf": "44",
        "uniqueplot": "44",
        "plotactiva": null,
        "plotupdate": null,
        "plot_yesno": "YES",
        "category_i": "INDUSTRIAL PLOT-ALLOTED",
        "quest": null,
        "status_inf": "ALLOTTED",
        "applied_ti": null,
        "alloted_ti": null,
        "allotmentr": null,
        "industri_1": "INDUSTRIAL AREA PANGRIKHURD_BLOCK - C",
        "industri_2": "INDUSTRIAL AREA PANGRIKHURD",
        "gis_tid": null,
        "st_area_sh": 1.81437725e-07,
        "st_length_": 0.00178020704337,
        "uidv1": "IA-1354",
        "status_from_csidc": "ALLOTTED",
        "uid": "IA-1354"
      }
    },
    {
      "type": "Feature",
      "id": "csidc_industrial_area_with_plots.fid-23377b7a_19c5672bde0_7044",
      "geometry": {
        "type": "Polygon",
        "coordinates": [
          [
            [
              81.52876937,
              20.6900461
            ],
            [
              81.52871641,
              20.68984253
            ],
            [
              81.52854928,
              20.68988043
            ],
            [
              81.52860224,
              20.69008401
            ],
            [
              81.52876937,
              20.6900461
            ]
          ]
        ]
      },
      "geometry_name": "geom",
      "properties": {
        "gid": 101,
        "objectid": 8,
        "district": "Dhamtari",
        "plot_type": "INDUSTRIAL PURPOSE",
        "total_area": 540,
        "reservatio": "No",
        "plot_munci": "YES",
        "corner_plo": "No",
        "premium_ba": 4000000,
        "addi_premi": 400000,
        "total_prem": 4400000,
        "label": null,
        "tot_premiu": 0.0,
        "location": "Shyamtarai",
        "remark": null,
        "sector_inf": null,
        "industrial": "Inustrial Area Shyamtarai",
        "district_i": "Dhamtari",
        "plotno_inf": "8",
        "uniqueplot": "8",
        "plotactiva": null,
        "plotupdate": null,
        "plot_yesno": "Yes",
        "category_i": "INDUSTRIAL PLOT-ALLOTED",
        "quest": null,
        "status_inf": "ALLOTTED",
        "applied_ti": null,
        "alloted_ti": null,
        "allotmentr": null,
        "industri_1": "Industrial Area Shyamtarai",
        "industri_2": "Industrial Area Shyamtarai",
        "gis_tid": null,
        "st_area_sh": 3.6031005e-08,
        "st_length_": 0.000763451874786,
        "uidv1": null,
        "status_from_csidc": "ALLOTTED",
        "uid": "IA-2016"
      }
    },
    {
      "type": "Feature",
      "id": "csidc_industrial_area_with_plots.fid-23377b7a_19c5672bde0_7045",
      "geometry": {
        "type": "Polygon",
        "coordinates": [
          [
            [
              82.18723457,
              22.02244347
            ],
            [
              82.18660488,
              22.02244545
            ],
            [
              82.18660699,
              22.02303258
            ],
            [
              82.18723669,
              22.02303061
            ],
            [
              82.18723457,
              22.02244347
            ]
          ]
        ]
      },
      "geometry_name": "geom",
      "properties": {
        "gid": 102,
        "objectid": 1900,
        "district": "BILASPUR",
        "plot_type": "INDUSTRIAL PURPOSE",
        "total_area": 4225,
        "reservatio": null,
        "plot_munci": "YES",
        "corner_plo": "YES",
        "premium_ba": 2957500,
        "addi_premi": 591500,
        "total_prem": 3549000,
        "label": null,
        "tot_premiu": 3549000,
        "location": "SILPAHARI",
        "remark": null,
        "sector_inf": "BLOCK-C",
        "industrial": "SILPAHARI INDUSTRIAL AREA",
        "district_i": "BILASPUR",
        "plotno_inf": "1",
        "uniqueplot": "1",
        "plotactiva": "2018-01-09Z",
        "plotupdate": null,
        "plot_yesno": "YES",
        "category_i": "INDUSTRIAL PLOT-ALLOTED",
        "quest": null,
        "status_inf": "ALLOTTED",
        "applied_ti": null,
        "alloted_ti": null,
        "allotmentr": null,
        "industri_1": "SILPAHARI BLOCK-C",
        "industri_2": "SILPAHARI BLOCK-C",
        "gis_tid": null,
        "st_area_sh": 3.69720643e-07,
        "st_length_": 0.00243367578089,
        "uidv1": "IA-60",
        "status_from_csidc": "ALLOTTED",
        "uid": "IA-60"
      }
    },
    {
      "type": "Feature",
      "id": "csidc_industrial_area_with_plots.fid-23377b7a_19c5672bde0_7046",
      "geometry": {
        "type": "Polygon",
        "coordinates": [
          [
            [
              82.24898749,
              22.1769856
            ],
            [
              82.24884454,
              22.17666301
            ],
            [
              82.24838392,
              22.17679652
            ],
            [
              82.24852623,
              22.17712697
            ],
            [
              82.24898749,
              22.1769856
            ]
          ]
        ]
      },
      "geometry_name": "geom",
      "properties": {
        "gid": 103,
        "objectid": 0,
        "district": "BILASPUR",
        "plot_type": "INDUSTRIAL PURPOSE",
        "total_area": 2000,
        "reservatio": null,
        "plot_munci": "No",
        "corner_plo": "No",
        "premium_ba": 14400000,
        "addi_premi": 0.0,
        "total_prem": 2880000,
        "label": null,
        "tot_premiu": 0.0,
        "location": "Selar",
        "remark": null,
        "sector_inf": "BLOCK - I",
        "industrial": "Industrial Area Selar",
        "district_i": "BILASPUR",
        "plotno_inf": "1",
        "uniqueplot": "1",
        "plotactiva": null,
        "plotupdate": null,
        "plot_yesno": "YES",
        "category_i": "INDUSTRIAL PLOT-ALLOTED",
        "quest": null,
        "status_inf": "AVAILABLE",
        "applied_ti": null,
        "alloted_ti": null,
        "allotmentr": null,
        "industri_1": "Industrial Area Selar",
        "industri_2": "Industrial Area Selar",
        "gis_tid": null,
        "st_area_sh": 0.0,
        "st_length_": 0.0,
        "uidv1": "IA-62",
        "status_from_csidc": "AVAILABLE",
        "uid": "IA-62"
      }
    },
    {
      "type": "Feature",
      "id": "csidc_industrial_area_with_plots.fid-23377b7a_19c5672bde0_7047",
      "geometry": {
        "type": "Polygon",
        "coordinates": [
          [
            [
              81.70661243,
              18.39562773
            ],
            [
              81.70658508,
              18.39549604
            ],
            [
              81.7062997,
              18.39555137
            ],
            [
              81.70632704,
              18.39568306
            ],
            [
              81.70661243,
              18.39562773
            ]
          ]
        ]
      },
      "geometry_name": "geom",
      "properties": {
        "gid": 104,
        "objectid": 23,
        "district": "SUKMA",
        "plot_type": "Industrial Purpose",
        "total_area": 450,
        "reservatio": "NO",
        "plot_munci": "YES",
        "corner_plo": "YES",
        "premium_ba": 4000000,
        "addi_premi": 1200000,
        "total_prem": 5200000,
        "label": null,
        "tot_premiu": 0.0,
        "location": "SUKMA",
        "remark": null,
        "sector_inf": null,
        "industrial": "Food Park Sukma",
        "district_i": "Sukma",
        "plotno_inf": "23",
        "uniqueplot": "23",
        "plotactiva": null,
        "plotupdate": null,
        "plot_yesno": "Yes",
        "category_i": "INDUSTRIAL PLOT-ALLOTED",
        "quest": null,
        "status_inf": "AVAILABLE",
        "applied_ti": null,
        "alloted_ti": null,
        "allotmentr": null,
        "industri_1": "Food Park Sukma",
        "industri_2": "Food Park Sukma",
        "gis_tid": null,
        "st_area_sh": 0.0,
        "st_length_": 0.0,
        "uidv1": null,
        "status_from_csidc": "AVAILABLE",
        "uid": "IA-2029"
      }
    },
    {
      "type": "Feature",
      "id": "csidc_industrial_area_with_plots.fid-23377b7a_19c5672bde0_7048",
      "geometry": {
        "type": "Polygon",
        "coordinates": [
          [
            [
              81.70663977,
              18.39575941
            ],
            [
              81.70661243,
              18.39562773
            ],
            [
              81.70632704,
              18.39568306
            ],
            [
              81.70635438,
              18.39581475
            ],
            [
              81.70663977,
              18.39575941
            ]
          ]
        ]
      },
      "geometry_name": "geom",
      "properties": {
        "gid": 105,
        "objectid": 22,
        "district": "SUKMA",
        "plot_type": "Industrial Purpose",
        "total_area": 450,
        "reservatio": "NO",
        "plot_munci": "YES",
        "corner_plo": "YES",
        "premium_ba": 4000000,
        "addi_premi": 1200000,
        "total_prem": 5200000,
        "label": null,
        "tot_premiu": 0.0,
        "location": "SUKMA",
        "remark": null,
        "sector_inf": null,
        "industrial": "Food Park Sukma",
        "district_i": "Sukma",
        "plotno_inf": "22",
        "uniqueplot": "22",
        "plotactiva": null,
        "plotupdate": null,
        "plot_yesno": "Yes",
        "category_i": "INDUSTRIAL PLOT-ALLOTED",
        "quest": null,
        "status_inf": "AVAILABLE",
        "applied_ti": null,
        "alloted_ti": null,
        "allotmentr": null,
        "industri_1": "Food Park Sukma",
        "industri_2": "Food Park Sukma",
        "gis_tid": null,
        "st_area_sh": 0.0,
        "st_length_": 0.0,
        "uidv1": null,
        "status_from_csidc": "AVAILABLE",
        "uid": "IA-2032"
      }
    },
    {
      "type": "Feature",
      "id": "csidc_industrial_area_with_plots.fid-23377b7a_19c5672bde0_7049",
      "geometry": {
        "type": "Polygon",
        "coordinates": [
          [
            [
              81.70666711,
              18.3958911
            ],
            [
              81.70663977,
              18.39575941
            ],
            [
              81.70635438,
              18.39581475
            ],
            [
              81.70638173,
              18.39594643
            ],
            [
              81.70666711,
              18.3958911
            ]
          ]
        ]
      },
      "geometry_name": "geom",
      "properties": {
        "gid": 106,
        "objectid": 21,
        "district": "SUKMA",
        "plot_type": "Industrial Purpose",
        "total_area": 450,
        "reservatio": "NO",
        "plot_munci": "YES",
        "corner_plo": "YES",
        "premium_ba": 4000000,
        "addi_premi": 1200000,
        "total_prem": 5200000,
        "label": null,
        "tot_premiu": 0.0,
        "location": "SUKMA",
        "remark": null,
        "sector_inf": null,
        "industrial": "Food Park Sukma",
        "district_i": "Sukma",
        "plotno_inf": "21",
        "uniqueplot": "21",
        "plotactiva": null,
        "plotupdate": null,
        "plot_yesno": "Yes",
        "category_i": "INDUSTRIAL PLOT-ALLOTED",
        "quest": null,
        "status_inf": "AVAILABLE",
        "applied_ti": null,
        "alloted_ti": null,
        "allotmentr": null,
        "industri_1": "Food Park Sukma",
        "industri_2": "Food Park Sukma",
        "gis_tid": null,
        "st_area_sh": 0.0,
        "st_length_": 0.0,
        "uidv1": null,
        "status_from_csidc": "AVAILABLE",
        "uid": "IA-2033"
      }
    },
    {
      "type": "Feature",
      "id": "csidc_industrial_area_with_plots.fid-23377b7a_19c5672bde0_704a",
      "geometry": {
        "type": "Polygon",
        "coordinates": [
          [
            [
              81.70730328,
              18.39590474
            ],
            [
              81.70725771,
              18.39568527
            ],
            [
              81.70687719,
              18.39575904
            ],
            [
              81.70692277,
              18.39597852
            ],
            [
              81.70730328,
              18.39590474
            ]
          ]
        ]
      },
      "geometry_name": "geom",
      "properties": {
        "gid": 107,
        "objectid": 3,
        "district": "SUKMA",
        "plot_type": "Industrial Purpose",
        "total_area": 1000,
        "reservatio": "NO",
        "plot_munci": "YES",
        "corner_plo": "YES",
        "premium_ba": 4000000,
        "addi_premi": 1200000,
        "total_prem": 5200000,
        "label": null,
        "tot_premiu": 0.0,
        "location": "SUKMA",
        "remark": null,
        "sector_inf": null,
        "industrial": "Food Park Sukma",
        "district_i": "Sukma",
        "plotno_inf": "3",
        "uniqueplot": "3",
        "plotactiva": null,
        "plotupdate": null,
        "plot_yesno": "Yes",
        "category_i": "INDUSTRIAL PLOT-ALLOTED",
        "quest": null,
        "status_inf": "ALLOTTED",
        "applied_ti": null,
        "alloted_ti": null,
        "allotmentr": null,
        "industri_1": "Food Park Sukma",
        "industri_2": "Food Park Sukma",
        "gis_tid": null,
        "st_area_sh": 0.0,
        "st_length_": 0.0,
        "uidv1": null,
        "status_from_csidc": "ALLOTTED",
        "uid": "IA-2035"
      }
    },
    {
      "type": "Feature",
      "id": "csidc_industrial_area_with_plots.fid-23377b7a_19c5672bde0_704b",
      "geometry": {
        "type": "Polygon",
        "coordinates": [
          [
            [
              81.70669446,
              18.39602279
            ],
            [
              81.70666711,
              18.3958911
            ],
            [
              81.70638173,
              18.39594643
            ],
            [
              81.70640907,
              18.39607812
            ],
            [
              81.70669446,
              18.39602279
            ]
          ]
        ]
      },
      "geometry_name": "geom",
      "properties": {
        "gid": 108,
        "objectid": 20,
        "district": "SUKMA",
        "plot_type": "Industrial Purpose",
        "total_area": 450,
        "reservatio": "NO",
        "plot_munci": "YES",
        "corner_plo": "YES",
        "premium_ba": 4000000,
        "addi_premi": 1200000,
        "total_prem": 5200000,
        "label": null,
        "tot_premiu": 0.0,
        "location": "SUKMA",
        "remark": null,
        "sector_inf": null,
        "industrial": "Food Park Sukma",
        "district_i": "Sukma",
        "plotno_inf": "20",
        "uniqueplot": "20",
        "plotactiva": null,
        "plotupdate": null,
        "plot_yesno": "Yes",
        "category_i": "INDUSTRIAL PLOT-ALLOTED",
        "quest": null,
        "status_inf": "AVAILABLE",
        "applied_ti": null,
        "alloted_ti": null,
        "allotmentr": null,
        "industri_1": "Food Park Sukma",
        "industri_2": "Food Park Sukma",
        "gis_tid": null,
        "st_area_sh": 0.0,
        "st_length_": 0.0,
        "uidv1": null,
        "status_from_csidc": "AVAILABLE",
        "uid": "IA-2036"
      }
    },
    {
      "type": "Feature",
      "id": "csidc_industrial_area_with_plots.fid-23377b7a_19c5672bde0_704c",
      "geometry": {
        "type": "Polygon",
        "coordinates": [
          [
            [
              81.70640907,
              18.39607812
            ],
            [
              81.70638173,
              18.39594643
            ],
            [
              81.70609634,
              18.39600177
            ],
            [
              81.70612368,
              18.39613345
            ],
            [
              81.70640907,
              18.39607812
            ]
          ]
        ]
      },
      "geometry_name": "geom",
      "properties": {
        "gid": 109,
        "objectid": 29,
        "district": "SUKMA",
        "plot_type": "Industrial Purpose",
        "total_area": 450,
        "reservatio": "YES",
        "plot_munci": "YES",
        "corner_plo": "NO",
        "premium_ba": 4000000,
        "addi_premi": 800000,
        "total_prem": 4800000,
        "label": null,
        "tot_premiu": 0.0,
        "location": "SUKMA",
        "remark": null,
        "sector_inf": null,
        "industrial": "Food Park Sukma",
        "district_i": "Sukma",
        "plotno_inf": "29",
        "uniqueplot": "29",
        "plotactiva": null,
        "plotupdate": null,
        "plot_yesno": "Yes",
        "category_i": "INDUSTRIAL PLOT-ALLOTED",
        "quest": null,
        "status_inf": "AVAILABLE",
        "applied_ti": null,
        "alloted_ti": null,
        "allotmentr": null,
        "industri_1": "Food Park Sukma",
        "industri_2": "Food Park Sukma",
        "gis_tid": null,
        "st_area_sh": 0.0,
        "st_length_": 0.0,
        "uidv1": null,
        "status_from_csidc": "AVAILABLE",
        "uid": "IA-2037"
      }
    },
    {
      "type": "Feature",
      "id": "csidc_industrial_area_with_plots.fid-23377b7a_19c5672bde0_704d",
      "geometry": {
        "type": "Polygon",
        "coordinates": [
          [
            [
              81.70638173,
              18.39594643
            ],
            [
              81.70635438,
              18.39581475
            ],
            [
              81.706069,
              18.39587008
            ],
            [
              81.70609634,
              18.39600177
            ],
            [
              81.70638173,
              18.39594643
            ]
          ]
        ]
      },
      "geometry_name": "geom",
      "properties": {
        "gid": 110,
        "objectid": 28,
        "district": "SUKMA",
        "plot_type": "Industrial Purpose",
        "total_area": 450,
        "reservatio": "YES",
        "plot_munci": "YES",
        "corner_plo": "NO",
        "premium_ba": 4000000,
        "addi_premi": 800000,
        "total_prem": 4800000,
        "label": null,
        "tot_premiu": 0.0,
        "location": "SUKMA",
        "remark": null,
        "sector_inf": null,
        "industrial": "Food Park Sukma",
        "district_i": "Sukma",
        "plotno_inf": "28",
        "uniqueplot": "28",
        "plotactiva": null,
        "plotupdate": null,
        "plot_yesno": "Yes",
        "category_i": "INDUSTRIAL PLOT-ALLOTED",
        "quest": null,
        "status_inf": "AVAILABLE",
        "applied_ti": null,
        "alloted_ti": null,
        "allotmentr": null,
        "industri_1": "Food Park Sukma",
        "industri_2": "Food Park Sukma",
        "gis_tid": null,
        "st_area_sh": 0.0,
        "st_length_": 0.0,
        "uidv1": null,
        "status_from_csidc": "AVAILABLE",
        "uid": "IA-2034"
      }
    },
    {
      "type": "Feature",
      "id": "csidc_industrial_area_with_plots.fid-23377b7a_19c5672bde0_704e",
      "geometry": {
        "type": "Polygon",
        "coordinates": [
          [
            [
              81.70635438,
              18.39581475
            ],
            [
              81.70632704,
              18.39568306
            ],
            [
              81.70604165,
              18.39573839
            ],
            [
              81.706069,
              18.39587008
            ],
            [
              81.70635438,
              18.39581475
            ]
          ]
        ]
      },
      "geometry_name": "geom",
      "properties": {
        "gid": 111,
        "objectid": 27,
        "district": "SUKMA",
        "plot_type": "Industrial Purpose",
        "total_area": 450,
        "reservatio": "YES",
        "plot_munci": "YES",
        "corner_plo": "NO",
        "premium_ba": 4000000,
        "addi_premi": 800000,
        "total_prem": 4800000,
        "label": null,
        "tot_premiu": 0.0,
        "location": "SUKMA",
        "remark": null,
        "sector_inf": null,
        "industrial": "Food Park Sukma",
        "district_i": "Sukma",
        "plotno_inf": "27",
        "uniqueplot": "27",
        "plotactiva": null,
        "plotupdate": null,
        "plot_yesno": "Yes",
        "category_i": "INDUSTRIAL PLOT-ALLOTED",
        "quest": null,
        "status_inf": "AVAILABLE",
        "applied_ti": null,
        "alloted_ti": null,
        "allotmentr": null,
        "industri_1": "Food Park Sukma",
        "industri_2": "Food Park Sukma",
        "gis_tid": null,
        "st_area_sh": 0.0,
        "st_length_": 0.0,
        "uidv1": null,
        "status_from_csidc": "AVAILABLE",
        "uid": "IA-2031"
      }
    },
    {
      "type": "Feature",
      "id": "csidc_industrial_area_with_plots.fid-23377b7a_19c5672bde0_704f",
      "geometry": {
        "type": "Polygon",
        "coordinates": [
          [
            [
              81.70632704,
              18.39568306
            ],
            [
              81.7062997,
              18.39555137
            ],
            [
              81.70601431,
              18.3956067
            ],
            [
              81.70604165,
              18.39573839
            ],
            [
              81.70632704,
              18.39568306
            ]
          ]
        ]
      },
      "geometry_name": "geom",
      "properties": {
        "gid": 112,
        "objectid": 26,
        "district": "SUKMA",
        "plot_type": "Industrial Purpose",
        "total_area": 450,
        "reservatio": "YES",
        "plot_munci": "YES",
        "corner_plo": "NO",
        "premium_ba": 4000000,
        "addi_premi": 800000,
        "total_prem": 4800000,
        "label": null,
        "tot_premiu": 0.0,
        "location": "SUKMA",
        "remark": null,
        "sector_inf": null,
        "industrial": "Food Park Sukma",
        "district_i": "Sukma",
        "plotno_inf": "26",
        "uniqueplot": "26",
        "plotactiva": null,
        "plotupdate": null,
        "plot_yesno": "Yes",
        "category_i": "INDUSTRIAL PLOT-ALLOTED",
        "quest": null,
        "status_inf": "AVAILABLE",
        "applied_ti": null,
        "alloted_ti": null,
        "allotmentr": null,
        "industri_1": "Food Park Sukma",
        "industri_2": "Food Park Sukma",
        "gis_tid": null,
        "st_area_sh": 0.0,
        "st_length_": 0.0,
        "uidv1": null,
        "status_from_csidc": "AVAILABLE",
        "uid": "IA-2028"
      }
    },
    {
      "type": "Feature",
      "id": "csidc_industrial_area_with_plots.fid-23377b7a_19c5672bde0_7050",
      "geometry": {
        "type": "Polygon",
        "coordinates": [
          [
            [
              81.7062997,
              18.39555137
            ],
            [
              81.70627235,
              18.39541969
            ],
            [
              81.7060155,
              18.39546948
            ],
            [
              81.70601063,
              18.39547085
            ],
            [
              81.70600607,
              18.39547297
            ],
            [
              81.70600197,
              18.39547578
            ],
            [
              81.70599844,
              18.3954792
            ],
            [
              81.7059956,
              18.39548313
            ],
            [
              81.70599352,
              18.39548744
            ],
            [
              81.70599229,
              18.39549201
            ],
            [
              81.70599192,
              18.3954967
            ],
            [
              81.70599244,
              18.39550136
            ],
            [
              81.70601431,
              18.3956067
            ],
            [
              81.7062997,
              18.39555137
            ]
          ]
        ]
      },
      "geometry_name": "geom",
      "properties": {
        "gid": 113,
        "objectid": 25,
        "district": "SUKMA",
        "plot_type": "Industrial Purpose",
        "total_area": 448.07,
        "reservatio": "YES",
        "plot_munci": "YES",
        "corner_plo": "YES",
        "premium_ba": 4000000,
        "addi_premi": 1200000,
        "total_prem": 5200000,
        "label": null,
        "tot_premiu": 0.0,
        "location": "SUKMA",
        "remark": null,
        "sector_inf": null,
        "industrial": "Food Park Sukma",
        "district_i": "Sukma",
        "plotno_inf": "25",
        "uniqueplot": "25",
        "plotactiva": null,
        "plotupdate": null,
        "plot_yesno": "Yes",
        "category_i": "INDUSTRIAL PLOT-ALLOTED",
        "quest": null,
        "status_inf": "ALLOTTED",
        "applied_ti": null,
        "alloted_ti": null,
        "allotmentr": null,
        "industri_1": "Food Park Sukma",
        "industri_2": "Food Park Sukma",
        "gis_tid": null,
        "st_area_sh": 0.0,
        "st_length_": 0.0,
        "uidv1": null,
        "status_from_csidc": "ALLOTTED",
        "uid": "IA-2025"
      }
    },
    {
      "type": "Feature",
      "id": "csidc_industrial_area_with_plots.fid-23377b7a_19c5672bde0_7051",
      "geometry": {
        "type": "Polygon",
        "coordinates": [
          [
            [
              81.41799881,
              21.22614245
            ],
            [
              81.41777105,
              21.22605286
            ],
            [
              81.41766623,
              21.22630032
            ],
            [
              81.41788256,
              21.22638541
            ],
            [
              81.41799881,
              21.22614245
            ]
          ]
        ]
      },
      "geometry_name": "geom",
      "properties": {
        "gid": 115,
        "objectid": 1366,
        "district": "DURG",
        "plot_type": "Industrial  Purpose",
        "total_area": 720,
        "reservatio": "RESERVED",
        "plot_munci": "YES",
        "corner_plo": "YES",
        "premium_ba": 0.0,
        "addi_premi": 216000,
        "total_prem": 936000,
        "label": null,
        "tot_premiu": 720000,
        "location": null,
        "remark": null,
        "sector_inf": "Others",
        "industrial": "ENGINEERING PARK HATHKHOJ BHILAI",
        "district_i": "DURG",
        "plotno_inf": "140",
        "uniqueplot": "140",
        "plotactiva": "2018-01-31Z",
        "plotupdate": null,
        "plot_yesno": "YES",
        "category_i": "INDUSTRIAL PLOT-ALLOTED",
        "quest": "OK",
        "status_inf": "ALLOTTED",
        "applied_ti": null,
        "alloted_ti": null,
        "allotmentr": null,
        "industri_1": "ENGINEERING PARK HATHKHOJ BHILAI__Others",
        "industri_2": "ENGINEERING PARK",
        "gis_tid": null,
        "st_area_sh": 6.4101695e-08,
        "st_length_": 0.00101529302939,
        "uidv1": "IA-470",
        "status_from_csidc": "ALLOTTED",
        "uid": "IA-470"
      }
    },
    {
      "type": "Feature",
      "id": "csidc_industrial_area_with_plots.fid-23377b7a_19c5672bde0_7052",
      "geometry": {
        "type": "Polygon",
        "coordinates": [
          [
            [
              81.70677649,
              18.39641785
            ],
            [
              81.70674915,
              18.39628616
            ],
            [
              81.70646376,
              18.3963415
            ],
            [
              81.7064911,
              18.39647318
            ],
            [
              81.70677649,
              18.39641785
            ]
          ]
        ]
      },
      "geometry_name": "geom",
      "properties": {
        "gid": 116,
        "objectid": 17,
        "district": "SUKMA",
        "plot_type": "Industrial Purpose",
        "total_area": 450,
        "reservatio": "YES",
        "plot_munci": "YES",
        "corner_plo": "YES",
        "premium_ba": 4000000,
        "addi_premi": 1200000,
        "total_prem": 5200000,
        "label": null,
        "tot_premiu": 0.0,
        "location": "SUKMA",
        "remark": null,
        "sector_inf": null,
        "industrial": "Food Park Sukma",
        "district_i": "Sukma",
        "plotno_inf": "17",
        "uniqueplot": "17",
        "plotactiva": null,
        "plotupdate": null,
        "plot_yesno": "Yes",
        "category_i": "INDUSTRIAL PLOT-ALLOTED",
        "quest": null,
        "status_inf": "AVAILABLE",
        "applied_ti": null,
        "alloted_ti": null,
        "allotmentr": null,
        "industri_1": "Food Park Sukma",
        "industri_2": "Food Park Sukma",
        "gis_tid": null,
        "st_area_sh": 0.0,
        "st_length_": 0.0,
        "uidv1": null,
        "status_from_csidc": "AVAILABLE",
        "uid": "IA-2043"
      }
    },
    {
      "type": "Feature",
      "id": "csidc_industrial_area_with_plots.fid-23377b7a_19c5672bde0_7053",
      "geometry": {
        "type": "Polygon",
        "coordinates": [
          [
            [
              82.5944308,
              23.06608283
            ],
            [
              82.59433627,
              23.06587326
            ],
            [
              82.59415831,
              23.06594131
            ],
            [
              82.59425284,
              23.06615088
            ],
            [
              82.5944308,
              23.06608283
            ]
          ]
        ]
      },
      "geometry_name": "geom",
      "properties": {
        "gid": 117,
        "objectid": 3263,
        "district": "Surajpur",
        "plot_type": "Industrial  Purpose",
        "total_area": 500,
        "reservatio": null,
        "plot_munci": "NO",
        "corner_plo": "NO",
        "premium_ba": 240000,
        "addi_premi": 0.0,
        "total_prem": 240000,
        "label": "A",
        "tot_premiu": 240000,
        "location": "Barbaspur",
        "remark": null,
        "sector_inf": "BLOCK - A",
        "industrial": "SURAJPUR",
        "district_i": "SURAJPUR",
        "plotno_inf": "2",
        "uniqueplot": "2",
        "plotactiva": null,
        "plotupdate": null,
        "plot_yesno": "YES",
        "category_i": "INDUSTRIAL PLOT-ALLOTED",
        "quest": null,
        "status_inf": "AVAILABLE",
        "applied_ti": null,
        "alloted_ti": null,
        "allotmentr": null,
        "industri_1": "INDUSTRIAL AREA BARBASPUR_BLOCK - A",
        "industri_2": "INDUSTRIAL AREA BARBASPUR",
        "gis_tid": null,
        "st_area_sh": 4.3726944e-08,
        "st_length_": 0.000840853432011,
        "uidv1": "IA-730",
        "status_from_csidc": "AVAILABLE",
        "uid": "IA-730"
      }
    },
    {
      "type": "Feature",
      "id": "csidc_industrial_area_with_plots.fid-23377b7a_19c5672bde0_7054",
      "geometry": {
        "type": "Polygon",
        "coordinates": [
          [
            [
              81.70685446,
              18.39679332
            ],
            [
              81.70680384,
              18.39654954
            ],
            [
              81.70651845,
              18.39660487
            ],
            [
              81.70652528,
              18.39663779
            ],
            [
              81.70673784,
              18.39684944
            ],
            [
              81.70674645,
              18.39685662
            ],
            [
              81.70675629,
              18.39686231
            ],
            [
              81.70676707,
              18.39686633
            ],
            [
              81.70677846,
              18.39686857
            ],
            [
              81.70679014,
              18.39686895
            ],
            [
              81.70680175,
              18.39686746
            ],
            [
              81.70681294,
              18.39686416
            ],
            [
              81.70682339,
              18.39685913
            ],
            [
              81.70683279,
              18.39685253
            ],
            [
              81.70684084,
              18.39684455
            ],
            [
              81.70684733,
              18.39683543
            ],
            [
              81.70685204,
              18.39682544
            ],
            [
              81.70685485,
              18.39681489
            ],
            [
              81.70685566,
              18.39680407
            ],
            [
              81.70685446,
              18.39679332
            ]
          ]
        ]
      },
      "geometry_name": "geom",
      "properties": {
        "gid": 118,
        "objectid": 15,
        "district": "SUKMA",
        "plot_type": "Industrial Purpose",
        "total_area": 734.56,
        "reservatio": "YES",
        "plot_munci": "YES",
        "corner_plo": "YES",
        "premium_ba": 4000000,
        "addi_premi": 1200000,
        "total_prem": 5200000,
        "label": null,
        "tot_premiu": 0.0,
        "location": "SUKMA",
        "remark": null,
        "sector_inf": null,
        "industrial": "Food Park Sukma",
        "district_i": "Sukma",
        "plotno_inf": "15",
        "uniqueplot": "15",
        "plotactiva": null,
        "plotupdate": null,
        "plot_yesno": "Yes",
        "category_i": "INDUSTRIAL PLOT-ALLOTED",
        "quest": null,
        "status_inf": "AVAILABLE",
        "applied_ti": null,
        "alloted_ti": null,
        "allotmentr": null,
        "industri_1": "Food Park Sukma",
        "industri_2": "Food Park Sukma",
        "gis_tid": null,
        "st_area_sh": 0.0,
        "st_length_": 0.0,
        "uidv1": null,
        "status_from_csidc": "AVAILABLE",
        "uid": "IA-2044"
      }
    },
    {
      "type": "Feature",
      "id": "csidc_industrial_area_with_plots.fid-23377b7a_19c5672bde0_7055",
      "geometry": {
        "type": "Polygon",
        "coordinates": [
          [
            [
              81.7067218,
              18.39615448
            ],
            [
              81.70669446,
              18.39602279
            ],
            [
              81.70640907,
              18.39607812
            ],
            [
              81.70643642,
              18.39620981
            ],
            [
              81.7067218,
              18.39615448
            ]
          ]
        ]
      },
      "geometry_name": "geom",
      "properties": {
        "gid": 119,
        "objectid": 19,
        "district": "SUKMA",
        "plot_type": "Industrial Purpose",
        "total_area": 450,
        "reservatio": "YES",
        "plot_munci": "YES",
        "corner_plo": "YES",
        "premium_ba": 4000000,
        "addi_premi": 1200000,
        "total_prem": 5200000,
        "label": null,
        "tot_premiu": 0.0,
        "location": "SUKMA",
        "remark": null,
        "sector_inf": null,
        "industrial": "Food Park Sukma",
        "district_i": "Sukma",
        "plotno_inf": "19",
        "uniqueplot": "19",
        "plotactiva": null,
        "plotupdate": null,
        "plot_yesno": "Yes",
        "category_i": "INDUSTRIAL PLOT-ALLOTED",
        "quest": null,
        "status_inf": "AVAILABLE",
        "applied_ti": null,
        "alloted_ti": null,
        "allotmentr": null,
        "industri_1": "Food Park Sukma",
        "industri_2": "Food Park Sukma",
        "gis_tid": null,
        "st_area_sh": 0.0,
        "st_length_": 0.0,
        "uidv1": null,
        "status_from_csidc": "AVAILABLE",
        "uid": "IA-2038"
      }
    },
    {
      "type": "Feature",
      "id": "csidc_industrial_area_with_plots.fid-23377b7a_19c5672bde0_7056",
      "geometry": {
        "type": "Polygon",
        "coordinates": [
          [
            [
              81.70674915,
              18.39628616
            ],
            [
              81.7067218,
              18.39615448
            ],
            [
              81.70643642,
              18.39620981
            ],
            [
              81.70646376,
              18.3963415
            ],
            [
              81.70674915,
              18.39628616
            ]
          ]
        ]
      },
      "geometry_name": "geom",
      "properties": {
        "gid": 120,
        "objectid": 18,
        "district": "SUKMA",
        "plot_type": "Industrial Purpose",
        "total_area": 450,
        "reservatio": "YES",
        "plot_munci": "YES",
        "corner_plo": "YES",
        "premium_ba": 4000000,
        "addi_premi": 1200000,
        "total_prem": 5200000,
        "label": null,
        "tot_premiu": 0.0,
        "location": "SUKMA",
        "remark": null,
        "sector_inf": null,
        "industrial": "Food Park Sukma",
        "district_i": "Sukma",
        "plotno_inf": "18",
        "uniqueplot": "18",
        "plotactiva": null,
        "plotupdate": null,
        "plot_yesno": "Yes",
        "category_i": "INDUSTRIAL PLOT-ALLOTED",
        "quest": null,
        "status_inf": "AVAILABLE",
        "applied_ti": null,
        "alloted_ti": null,
        "allotmentr": null,
        "industri_1": "Food Park Sukma",
        "industri_2": "Food Park Sukma",
        "gis_tid": null,
        "st_area_sh": 0.0,
        "st_length_": 0.0,
        "uidv1": null,
        "status_from_csidc": "AVAILABLE",
        "uid": "IA-2041"
      }
    },
    {
      "type": "Feature",
      "id": "csidc_industrial_area_with_plots.fid-23377b7a_19c5672bde0_7057",
      "geometry": {
        "type": "Polygon",
        "coordinates": [
          [
            [
              81.70744001,
              18.39656318
            ],
            [
              81.70739443,
              18.3963437
            ],
            [
              81.70701392,
              18.39641748
            ],
            [
              81.70705949,
              18.39663696
            ],
            [
              81.70744001,
              18.39656318
            ]
          ]
        ]
      },
      "geometry_name": "geom",
      "properties": {
        "gid": 121,
        "objectid": 6,
        "district": "SUKMA",
        "plot_type": "Industrial Purpose",
        "total_area": 1000,
        "reservatio": "NO",
        "plot_munci": "YES",
        "corner_plo": "YES",
        "premium_ba": 4000000,
        "addi_premi": 1200000,
        "total_prem": 5200000,
        "label": null,
        "tot_premiu": 0.0,
        "location": "SUKMA",
        "remark": null,
        "sector_inf": null,
        "industrial": "Food Park Sukma",
        "district_i": "Sukma",
        "plotno_inf": "6",
        "uniqueplot": "6",
        "plotactiva": null,
        "plotupdate": null,
        "plot_yesno": "Yes",
        "category_i": "INDUSTRIAL PLOT-ALLOTED",
        "quest": null,
        "status_inf": "ALLOTTED",
        "applied_ti": null,
        "alloted_ti": null,
        "allotmentr": null,
        "industri_1": "Food Park Sukma",
        "industri_2": "Food Park Sukma",
        "gis_tid": null,
        "st_area_sh": 0.0,
        "st_length_": 0.0,
        "uidv1": null,
        "status_from_csidc": "BOOKED",
        "uid": "IA-2051"
      }
    },
    {
      "type": "Feature",
      "id": "csidc_industrial_area_with_plots.fid-23377b7a_19c5672bde0_7058",
      "geometry": {
        "type": "Polygon",
        "coordinates": [
          [
            [
              81.70646376,
              18.3963415
            ],
            [
              81.70643642,
              18.39620981
            ],
            [
              81.70615103,
              18.39626514
            ],
            [
              81.70626618,
              18.3963798
            ],
            [
              81.70646376,
              18.3963415
            ]
          ]
        ]
      },
      "geometry_name": "geom",
      "properties": {
        "gid": 122,
        "objectid": 31,
        "district": "SUKMA",
        "plot_type": "Industrial Purpose",
        "total_area": 380.77,
        "reservatio": "YES",
        "plot_munci": "YES",
        "corner_plo": "NO",
        "premium_ba": 4000000,
        "addi_premi": 800000,
        "total_prem": 4800000,
        "label": null,
        "tot_premiu": 0.0,
        "location": "SUKMA",
        "remark": null,
        "sector_inf": null,
        "industrial": "Food Park Sukma",
        "district_i": "Sukma",
        "plotno_inf": "31",
        "uniqueplot": "31",
        "plotactiva": null,
        "plotupdate": null,
        "plot_yesno": "Yes",
        "category_i": "INDUSTRIAL PLOT-ALLOTED",
        "quest": null,
        "status_inf": "AVAILABLE",
        "applied_ti": null,
        "alloted_ti": null,
        "allotmentr": null,
        "industri_1": "Food Park Sukma",
        "industri_2": "Food Park Sukma",
        "gis_tid": null,
        "st_area_sh": 0.0,
        "st_length_": 0.0,
        "uidv1": null,
        "status_from_csidc": "AVAILABLE",
        "uid": "IA-2042"
      }
    },
    {
      "type": "Feature",
      "id": "csidc_industrial_area_with_plots.fid-23377b7a_19c5672bde0_7059",
      "geometry": {
        "type": "Polygon",
        "coordinates": [
          [
            [
              81.70643642,
              18.39620981
            ],
            [
              81.70640907,
              18.39607812
            ],
            [
              81.70612368,
              18.39613345
            ],
            [
              81.70615103,
              18.39626514
            ],
            [
              81.70643642,
              18.39620981
            ]
          ]
        ]
      },
      "geometry_name": "geom",
      "properties": {
        "gid": 123,
        "objectid": 30,
        "district": "SUKMA",
        "plot_type": "Industrial Purpose",
        "total_area": 450,
        "reservatio": "YES",
        "plot_munci": "YES",
        "corner_plo": "NO",
        "premium_ba": 4000000,
        "addi_premi": 800000,
        "total_prem": 4800000,
        "label": null,
        "tot_premiu": 0.0,
        "location": "SUKMA",
        "remark": null,
        "sector_inf": null,
        "industrial": "Food Park Sukma",
        "district_i": "Sukma",
        "plotno_inf": "30",
        "uniqueplot": "30",
        "plotactiva": null,
        "plotupdate": null,
        "plot_yesno": "Yes",
        "category_i": "INDUSTRIAL PLOT-ALLOTED",
        "quest": null,
        "status_inf": "AVAILABLE",
        "applied_ti": null,
        "alloted_ti": null,
        "allotmentr": null,
        "industri_1": "Food Park Sukma",
        "industri_2": "Food Park Sukma",
        "gis_tid": null,
        "st_area_sh": 0.0,
        "st_length_": 0.0,
        "uidv1": null,
        "status_from_csidc": "AVAILABLE",
        "uid": "IA-2039"
      }
    },
    {
      "type": "Feature",
      "id": "csidc_industrial_area_with_plots.fid-23377b7a_19c5672bde0_705a",
      "geometry": {
        "type": "Polygon",
        "coordinates": [
          [
            [
              81.78942509,
              21.60407813
            ],
            [
              81.78941008,
              21.60390708
            ],
            [
              81.78916642,
              21.60392757
            ],
            [
              81.78918143,
              21.60409862
            ],
            [
              81.78942509,
              21.60407813
            ]
          ]
        ]
      },
      "geometry_name": "geom",
      "properties": {
        "gid": 124,
        "objectid": 3075,
        "district": "Baloda Bazar - Bhatapara",
        "plot_type": "Industrial  Purpose",
        "total_area": 500,
        "reservatio": null,
        "plot_munci": "NO",
        "corner_plo": "YES",
        "premium_ba": 600000,
        "addi_premi": 60000,
        "total_prem": 660000,
        "label": "C",
        "tot_premiu": 660000,
        "location": "Kesda",
        "remark": null,
        "sector_inf": "BLOCK - C",
        "industrial": "BALODA BAZAR - BHATAPARA",
        "district_i": "BALODA BAZAR - BHATAPARA",
        "plotno_inf": "1",
        "uniqueplot": "1",
        "plotactiva": null,
        "plotupdate": null,
        "plot_yesno": "YES",
        "category_i": "INDUSTRIAL PLOT-ALLOTED",
        "quest": null,
        "status_inf": "ALLOTTED",
        "applied_ti": null,
        "alloted_ti": null,
        "allotmentr": null,
        "industri_1": "INDUSTRIAL AREA KESDA_BLOCK - C",
        "industri_2": "INDUSTRIAL AREA KESDA",
        "gis_tid": null,
        "st_area_sh": 4.1984943e-08,
        "st_length_": 0.000832447235406,
        "uidv1": "IA-80",
        "status_from_csidc": "ALLOTTED",
        "uid": "IA-80"
      }
    },
    {
      "type": "Feature",
      "id": "csidc_industrial_area_with_plots.fid-23377b7a_19c5672bde0_705b",
      "geometry": {
        "type": "Polygon",
        "coordinates": [
          [
            [
              83.85670205,
              22.51805119
            ],
            [
              83.856408,
              22.51799934
            ],
            [
              83.85633407,
              22.51835092
            ],
            [
              83.85662638,
              22.51840246
            ],
            [
              83.85670205,
              22.51805119
            ]
          ]
        ]
      },
      "geometry_name": "geom",
      "properties": {
        "gid": 125,
        "objectid": 0,
        "district": "JASPUR",
        "plot_type": "INDUSTRIAL PURPOSE",
        "total_area": 1179,
        "reservatio": null,
        "plot_munci": "No",
        "corner_plo": "No",
        "premium_ba": 4800000,
        "addi_premi": 0.0,
        "total_prem": 4800000,
        "label": null,
        "tot_premiu": 4800000,
        "location": "Farshabahar Jaspur",
        "remark": null,
        "sector_inf": null,
        "industrial": "Farshabahar Industrial Area and Food Park",
        "district_i": "JASPUR",
        "plotno_inf": "15",
        "uniqueplot": "15",
        "plotactiva": null,
        "plotupdate": null,
        "plot_yesno": "YES",
        "category_i": "INDUSTRIAL PLOT-ALLOTED",
        "quest": null,
        "status_inf": "AVAILABLE",
        "applied_ti": null,
        "alloted_ti": null,
        "allotmentr": null,
        "industri_1": "Food Park Farshabahar",
        "industri_2": "Food Park Farshabahar",
        "gis_tid": null,
        "st_area_sh": 0.0,
        "st_length_": 0.0,
        "uidv1": "IA-2219",
        "status_from_csidc": "AVAILABLE",
        "uid": "IA-2219"
      }
    },
    {
      "type": "Feature",
      "id": "csidc_industrial_area_with_plots.fid-23377b7a_19c5672bde0_705c",
      "geometry": {
        "type": "Polygon",
        "coordinates": [
          [
            [
              81.70734886,
              18.39612422
            ],
            [
              81.70730328,
              18.39590474
            ],
            [
              81.70692277,
              18.39597852
            ],
            [
              81.70696834,
              18.396198
            ],
            [
              81.70734886,
              18.39612422
            ]
          ]
        ]
      },
      "geometry_name": "geom",
      "properties": {
        "gid": 126,
        "objectid": 4,
        "district": "SUKMA",
        "plot_type": "Industrial Purpose",
        "total_area": 1000,
        "reservatio": "NO",
        "plot_munci": "YES",
        "corner_plo": "YES",
        "premium_ba": 4000000,
        "addi_premi": 1200000,
        "total_prem": 5200000,
        "label": null,
        "tot_premiu": 0.0,
        "location": "SUKMA",
        "remark": null,
        "sector_inf": null,
        "industrial": "Food Park Sukma",
        "district_i": "Sukma",
        "plotno_inf": "4",
        "uniqueplot": "4",
        "plotactiva": null,
        "plotupdate": null,
        "plot_yesno": "Yes",
        "category_i": "INDUSTRIAL PLOT-ALLOTED",
        "quest": null,
        "status_inf": "ALLOTTED",
        "applied_ti": null,
        "alloted_ti": null,
        "allotmentr": null,
        "industri_1": "Food Park Sukma",
        "industri_2": "Food Park Sukma",
        "gis_tid": null,
        "st_area_sh": 0.0,
        "st_length_": 0.0,
        "uidv1": null,
        "status_from_csidc": "ALLOTTED",
        "uid": "IA-2040"
      }
    },
    {
      "type": "Feature",
      "id": "csidc_industrial_area_with_plots.fid-23377b7a_19c5672bde0_705d",
      "geometry": {
        "type": "Polygon",
        "coordinates": [
          [
            [
              81.35357485,
              18.91132345
            ],
            [
              81.35357991,
              18.91127534
            ],
            [
              81.35418268,
              18.91131653
            ],
            [
              81.35420547,
              18.91077903
            ],
            [
              81.35420552,
              18.91077784
            ],
            [
              81.35406892,
              18.91080219
            ],
            [
              81.35404936,
              18.9108006
            ],
            [
              81.35393363,
              18.91079121
            ],
            [
              81.35379319,
              18.91076301
            ],
            [
              81.35361998,
              18.91084526
            ],
            [
              81.35361278,
              18.91097457
            ],
            [
              81.35359811,
              18.91110173
            ],
            [
              81.3535868,
              18.91120934
            ],
            [
              81.3535749,
              18.91132226
            ],
            [
              81.35355781,
              18.91141552
            ],
            [
              81.35353543,
              18.91151402
            ],
            [
              81.3535093,
              18.9116167
            ],
            [
              81.35347689,
              18.91171524
            ],
            [
              81.35343238,
              18.91174368
            ],
            [
              81.35327781,
              18.91182604
            ],
            [
              81.35320384,
              18.91186937
            ],
            [
              81.35318315,
              18.91188149
            ],
            [
              81.3531207,
              18.91199742
            ],
            [
              81.35309821,
              18.91207184
            ],
            [
              81.3530963,
              18.9120876
            ],
            [
              81.35309639,
              18.91208761
            ],
            [
              81.35309816,
              18.91207303
            ],
            [
              81.35312064,
              18.91199861
            ],
            [
              81.3531831,
              18.91188269
            ],
            [
              81.35320379,
              18.91187056
            ],
            [
              81.35327776,
              18.91182723
            ],
            [
              81.35343233,
              18.91174487
            ],
            [
              81.35347684,
              18.91171643
            ],
            [
              81.35350925,
              18.91161789
            ],
            [
              81.35353538,
              18.91151521
            ],
            [
              81.35355776,
              18.91141671
            ],
            [
              81.35357485,
              18.91132345
            ]
          ]
        ]
      },
      "geometry_name": "geom",
      "properties": {
        "gid": 127,
        "objectid": 1732,
        "district": "Dantewada",
        "plot_type": "INDUSTRIAL PURPOSE",
        "total_area": 0.0,
        "reservatio": "NO",
        "plot_munci": "NO",
        "corner_plo": "YES",
        "premium_ba": 1387336,
        "addi_premi": 138733.6,
        "total_prem": 1526069.6,
        "label": null,
        "tot_premiu": 1526069.6,
        "location": "Tekanar",
        "remark": null,
        "sector_inf": "Other",
        "industrial": "TEKNAR",
        "district_i": "Dantewada",
        "plotno_inf": "43",
        "uniqueplot": null,
        "plotactiva": "2018-01-31Z",
        "plotupdate": null,
        "plot_yesno": "YES",
        "category_i": "INDUSTRIAL PLOT-ALLOTED",
        "quest": null,
        "status_inf": "AVAILABLE",
        "applied_ti": null,
        "alloted_ti": null,
        "allotmentr": null,
        "industri_1": null,
        "industri_2": null,
        "gis_tid": null,
        "st_area_sh": 2.98068992e-07,
        "st_length_": 0.00421631817977,
        "uidv1": "IA-1348",
        "status_from_csidc": "AVAILABLE",
        "uid": "IA-1348"
      }
    },
    {
      "type": "Feature",
      "id": "csidc_industrial_area_with_plots.fid-23377b7a_19c5672bde0_705e",
      "geometry": {
        "type": "Polygon",
        "coordinates": [
          [
            [
              81.44111814,
              20.39073557
            ],
            [
              81.441097,
              20.39069702
            ],
            [
              81.4404333,
              20.39069143
            ],
            [
              81.44043324,
              20.39091844
            ],
            [
              81.44072321,
              20.39092089
            ],
            [
              81.44101317,
              20.39092333
            ],
            [
              81.44119875,
              20.39092489
            ],
            [
              81.44111814,
              20.39073557
            ]
          ]
        ]
      },
      "geometry_name": "geom",
      "properties": {
        "gid": 128,
        "objectid": 1585,
        "district": "KANKER",
        "plot_type": "INDUSTRIAL PLOT",
        "total_area": 1545,
        "reservatio": "YES",
        "plot_munci": "NO",
        "corner_plo": "YES",
        "premium_ba": 618000,
        "addi_premi": 61800,
        "total_prem": 679800,
        "label": "D",
        "tot_premiu": 679800,
        "location": "LAKHANPURI",
        "remark": null,
        "sector_inf": "BLOCK-D",
        "industrial": "LAKHANPURI",
        "district_i": "KANKER",
        "plotno_inf": "44",
        "uniqueplot": null,
        "plotactiva": "2018-01-31Z",
        "plotupdate": null,
        "plot_yesno": "YES",
        "category_i": "INDUSTRIAL PLOT-ALLOTED",
        "quest": null,
        "status_inf": "AVAILABLE",
        "applied_ti": null,
        "alloted_ti": null,
        "allotmentr": null,
        "industri_1": null,
        "industri_2": null,
        "gis_tid": null,
        "st_area_sh": 1.6267143e-07,
        "st_length_": 0.00190600452247,
        "uidv1": "IA-1353",
        "status_from_csidc": "AVAILABLE",
        "uid": "IA-1353"
      }
    },
    {
      "type": "Feature",
      "id": "csidc_industrial_area_with_plots.fid-23377b7a_19c5672bde0_705f",
      "geometry": {
        "type": "Polygon",
        "coordinates": [
          [
            [
              81.96084503,
              21.74310595
            ],
            [
              81.96034974,
              21.74306026
            ],
            [
              81.9601653,
              21.74350914
            ],
            [
              81.96048204,
              21.74353836
            ],
            [
              81.96080925,
              21.74356854
            ],
            [
              81.96084503,
              21.74310595
            ]
          ]
        ]
      },
      "geometry_name": "geom",
      "properties": {
        "gid": 129,
        "objectid": 1504,
        "district": "BALODA-BAZAR",
        "plot_type": "INDUSTRIAL PURPOSE",
        "total_area": 3046,
        "reservatio": "NO",
        "plot_munci": "YES",
        "corner_plo": "NO",
        "premium_ba": 3046000,
        "addi_premi": 609200,
        "total_prem": 3655200,
        "label": null,
        "tot_premiu": 3046000,
        "location": "AURETHI",
        "remark": null,
        "sector_inf": "Others",
        "industrial": "AURETHI BHATAPARA",
        "district_i": "BALODA-BAZAR",
        "plotno_inf": "11",
        "uniqueplot": "11",
        "plotactiva": "2018-01-31Z",
        "plotupdate": null,
        "plot_yesno": "YES",
        "category_i": "INDUSTRIAL PLOT-ALLOTED",
        "quest": "OK",
        "status_inf": "ALLOTTED",
        "applied_ti": null,
        "alloted_ti": null,
        "allotmentr": null,
        "industri_1": "AURETHI BHATAPARA__Others",
        "industri_2": "AURETHI, BHATAPARA",
        "gis_tid": null,
        "st_area_sh": 2.65380777e-07,
        "st_length_": 0.00209334116007,
        "uidv1": "IA-209",
        "status_from_csidc": "ALLOTTED",
        "uid": "IA-209"
      }
    },
    {
      "type": "Feature",
      "id": "csidc_industrial_area_with_plots.fid-23377b7a_19c5672bde0_7060",
      "geometry": {
        "type": "Polygon",
        "coordinates": [
          [
            [
              81.59603998,
              21.28701047
            ],
            [
              81.59639769,
              21.28667932
            ],
            [
              81.59635078,
              21.28667655
            ],
            [
              81.59572451,
              21.28692833
            ],
            [
              81.59588811,
              21.28706841
            ],
            [
              81.59603998,
              21.28701047
            ]
          ]
        ]
      },
      "geometry_name": "geom",
      "properties": {
        "gid": 130,
        "objectid": 0,
        "district": "RAIPUR",
        "plot_type": "INDUSTRIAL PURPOSE",
        "total_area": 1005.239,
        "reservatio": null,
        "plot_munci": "YES",
        "corner_plo": "NO",
        "premium_ba": 0.0,
        "addi_premi": 0.0,
        "total_prem": 0.0,
        "label": null,
        "tot_premiu": 0.0,
        "location": "Sarora",
        "remark": null,
        "sector_inf": null,
        "industrial": "PLASTIC PARK",
        "district_i": "RAIPUR",
        "plotno_inf": "45",
        "uniqueplot": "45",
        "plotactiva": null,
        "plotupdate": null,
        "plot_yesno": "YES",
        "category_i": "INDUSTRIAL PLOT-ALLOTED",
        "quest": null,
        "status_inf": "UNAVAILABLE",
        "applied_ti": null,
        "alloted_ti": null,
        "allotmentr": null,
        "industri_1": "PLASTIC PARK",
        "industri_2": "PLASTIC PARK",
        "gis_tid": null,
        "st_area_sh": 0.0,
        "st_length_": 0.0,
        "uidv1": "IA-1367",
        "status_from_csidc": null,
        "uid": "IA-1367"
      }
    },
    {
      "type": "Feature",
      "id": "csidc_industrial_area_with_plots.fid-23377b7a_19c5672bde0_7061",
      "geometry": {
        "type": "Polygon",
        "coordinates": [
          [
            [
              83.4938241,
              21.87028017
            ],
            [
              83.49377804,
              21.86995812
            ],
            [
              83.49345597,
              21.86993226
            ],
            [
              83.49336627,
              21.86999592
            ],
            [
              83.49341636,
              21.87033287
            ],
            [
              83.4938241,
              21.87028017
            ]
          ]
        ]
      },
      "geometry_name": "geom",
      "properties": {
        "gid": 131,
        "objectid": 3625,
        "district": "RAIGARH",
        "plot_type": "Industrial  Purpose",
        "total_area": 1544,
        "reservatio": null,
        "plot_munci": "No.",
        "corner_plo": "No",
        "premium_ba": 0.0,
        "addi_premi": 0.0,
        "total_prem": 12000000,
        "label": null,
        "tot_premiu": 12000000,
        "location": "SIYARPALI-MAHUAPALI",
        "remark": null,
        "sector_inf": null,
        "industrial": "INDUSTRIAL AREA SIYARPALI-MAHUAPALI",
        "district_i": "RAIGARH",
        "plotno_inf": "13",
        "uniqueplot": "13",
        "plotactiva": "1899-12-29Z",
        "plotupdate": null,
        "plot_yesno": "YES",
        "category_i": "INDUSTRIAL PLOT-ALLOTED",
        "quest": null,
        "status_inf": "AVAILABLE",
        "applied_ti": "1899-12-29Z",
        "alloted_ti": "1899-12-29Z",
        "allotmentr": null,
        "industri_1": "INDUSTRIAL AREA SIYARPALI-MAHUAPALI",
        "industri_2": "INDUSTRIAL AREA SIYARPALI-MAHUAPALI",
        "gis_tid": null,
        "st_area_sh": 1.48601022e-07,
        "st_length_": 0.00151021190439,
        "uidv1": "IA-407",
        "status_from_csidc": "AVAILABLE",
        "uid": "IA-407"
      }
    },
    {
      "type": "Feature",
      "id": "csidc_industrial_area_with_plots.fid-23377b7a_19c5672bde0_7062",
      "geometry": {
        "type": "Polygon",
        "coordinates": [
          [
            [
              81.05084105,
              21.22427302
            ],
            [
              81.05037594,
              21.22416884
            ],
            [
              81.05036881,
              21.22416348
            ],
            [
              81.05031644,
              21.22442607
            ],
            [
              81.05078973,
              21.22453005
            ],
            [
              81.05084105,
              21.22427302
            ]
          ]
        ]
      },
      "geometry_name": "geom",
      "properties": {
        "gid": 132,
        "objectid": 2876,
        "district": "Rajnandgaon",
        "plot_type": "Industrial  Purpose",
        "total_area": 1250,
        "reservatio": null,
        "plot_munci": "NO",
        "corner_plo": null,
        "premium_ba": 500000,
        "addi_premi": 0.0,
        "total_prem": 500000,
        "label": "E",
        "tot_premiu": 500000,
        "location": "Mahroomkhurd",
        "remark": null,
        "sector_inf": "BLOCK - E",
        "industrial": "RAJNANDGAON",
        "district_i": "RAJNANDGAON",
        "plotno_inf": "13",
        "uniqueplot": "13",
        "plotactiva": null,
        "plotupdate": null,
        "plot_yesno": "YES",
        "category_i": "INDUSTRIAL PLOT-ALLOTED",
        "quest": null,
        "status_inf": "AVAILABLE",
        "applied_ti": null,
        "alloted_ti": null,
        "allotmentr": null,
        "industri_1": "INDUSTRIAL AREA MAHROOMKHURD_BLOCK - E",
        "industri_2": "INDUSTRIAL AREA MAHROOMKHURD",
        "gis_tid": null,
        "st_area_sh": 1.27488293e-07,
        "st_length_": 0.00149998729472,
        "uidv1": "IA-411",
        "status_from_csidc": "AVAILABLE",
        "uid": "IA-411"
      }
    },
    {
      "type": "Feature",
      "id": "csidc_industrial_area_with_plots.fid-23377b7a_19c5672bde0_7063",
      "geometry": {
        "type": "Polygon",
        "coordinates": [
          [
            [
              81.84903618,
              21.57211613
            ],
            [
              81.84903263,
              21.57175478
            ],
            [
              81.84888778,
              21.57175602
            ],
            [
              81.84879118,
              21.57175684
            ],
            [
              81.84879473,
              21.5721182
            ],
            [
              81.84889131,
              21.57211737
            ],
            [
              81.84903618,
              21.57211613
            ]
          ]
        ]
      },
      "geometry_name": "geom",
      "properties": {
        "gid": 133,
        "objectid": 3016,
        "district": "Raipur",
        "plot_type": "Industrial  Purpose",
        "total_area": 1000,
        "reservatio": null,
        "plot_munci": "NO",
        "corner_plo": "NO",
        "premium_ba": 1200000,
        "addi_premi": 0.0,
        "total_prem": 1200000,
        "label": null,
        "tot_premiu": 1200000,
        "location": "Khapri Khurd",
        "remark": null,
        "sector_inf": "BLOCK -",
        "industrial": "RAIPUR",
        "district_i": "RAIPUR",
        "plotno_inf": "03",
        "uniqueplot": "03",
        "plotactiva": null,
        "plotupdate": null,
        "plot_yesno": "YES",
        "category_i": "INDUSTRIAL PLOT-ALLOTED",
        "quest": null,
        "status_inf": "AVAILABLE",
        "applied_ti": null,
        "alloted_ti": null,
        "allotmentr": null,
        "industri_1": "INDUSTRIAL AREA KHAPRI KHURD_BLOCK -",
        "industri_2": "INDUSTRIAL AREA KHAPRI KHURD",
        "gis_tid": null,
        "st_area_sh": 8.725477e-08,
        "st_length_": 0.00120564942557,
        "uidv1": "IA-17",
        "status_from_csidc": null,
        "uid": "IA-17"
      }
    },
    {
      "type": "Feature",
      "id": "csidc_industrial_area_with_plots.fid-23377b7a_19c5672bde0_7064",
      "geometry": {
        "type": "Polygon",
        "coordinates": [
          [
            [
              81.96007736,
              21.74231883
            ],
            [
              81.95950554,
              21.74226608
            ],
            [
              81.95950536,
              21.74227539
            ],
            [
              81.95949281,
              21.7427308
            ],
            [
              81.96004158,
              21.74278142
            ],
            [
              81.96007736,
              21.74231883
            ]
          ]
        ]
      },
      "geometry_name": "geom",
      "properties": {
        "gid": 134,
        "objectid": 1501,
        "district": "BALODA-BAZAR",
        "plot_type": "INDUSTRIAL PURPOSE",
        "total_area": 2997,
        "reservatio": "NO",
        "plot_munci": "YES",
        "corner_plo": "YES",
        "premium_ba": 2997000,
        "addi_premi": 899100,
        "total_prem": 3896100,
        "label": null,
        "tot_premiu": 2997000,
        "location": "AURETHI",
        "remark": null,
        "sector_inf": "Others",
        "industrial": "AURETHI BHATAPARA",
        "district_i": "BALODA-BAZAR",
        "plotno_inf": "1",
        "uniqueplot": "1",
        "plotactiva": "2018-01-31Z",
        "plotupdate": null,
        "plot_yesno": "YES",
        "category_i": "INDUSTRIAL PLOT-ALLOTED",
        "quest": "OK",
        "status_inf": "ALLOTTED",
        "applied_ti": null,
        "alloted_ti": null,
        "allotmentr": null,
        "industri_1": "AURETHI BHATAPARA__Others",
        "industri_2": "AURETHI, BHATAPARA",
        "gis_tid": null,
        "st_area_sh": 2.61018407e-07,
        "st_length_": 0.00205421563563,
        "uidv1": "IA-95",
        "status_from_csidc": "ALLOTTED",
        "uid": "IA-95"
      }
    },
    {
      "type": "Feature",
      "id": "csidc_industrial_area_with_plots.fid-23377b7a_19c5672bde0_7065",
      "geometry": {
        "type": "Polygon",
        "coordinates": [
          [
            [
              82.91013895,
              22.97976246
            ],
            [
              82.91013434,
              22.97958155
            ],
            [
              82.90998639,
              22.97958102
            ],
            [
              82.909991,
              22.97976193
            ],
            [
              82.91013895,
              22.97976246
            ]
          ]
        ]
      },
      "geometry_name": "geom",
      "properties": {
        "gid": 135,
        "objectid": 2916,
        "district": "Sarguja",
        "plot_type": "Industrial  Purpose",
        "total_area": 300,
        "reservatio": null,
        "plot_munci": "NO",
        "corner_plo": "NO",
        "premium_ba": 144000,
        "addi_premi": 0.0,
        "total_prem": 144000,
        "label": "D",
        "tot_premiu": 144000,
        "location": "Rikhi",
        "remark": null,
        "sector_inf": "BLOCK - D",
        "industrial": "SARGUJA",
        "district_i": "SARGUJA",
        "plotno_inf": "03",
        "uniqueplot": "03",
        "plotactiva": null,
        "plotupdate": null,
        "plot_yesno": "YES",
        "category_i": "INDUSTRIAL PLOT-ALLOTED",
        "quest": null,
        "status_inf": "AVAILABLE",
        "applied_ti": null,
        "alloted_ti": null,
        "allotmentr": null,
        "industri_1": "INDUSTRIAL AREA RIKHI_BLOCK - D",
        "industri_2": "INDUSTRIAL AREA RIKHI",
        "gis_tid": null,
        "st_area_sh": 2.6764206e-08,
        "st_length_": 0.000657851409648,
        "uidv1": "IA-13",
        "status_from_csidc": "AVAILABLE",
        "uid": "IA-13"
      }
    },
    {
      "type": "Feature",
      "id": "csidc_industrial_area_with_plots.fid-23377b7a_19c5672bde0_7066",
      "geometry": {
        "type": "Polygon",
        "coordinates": [
          [
            [
              82.91111422,
              22.98000305
            ],
            [
              82.91110356,
              22.97958504
            ],
            [
              82.91085697,
              22.97958415
            ],
            [
              82.91086807,
              22.9800195
            ],
            [
              82.91087049,
              22.98001967
            ],
            [
              82.91086884,
              22.98004963
            ],
            [
              82.91086887,
              22.98005103
            ],
            [
              82.91104215,
              22.98000455
            ],
            [
              82.91111422,
              22.98000305
            ]
          ]
        ]
      },
      "geometry_name": "geom",
      "properties": {
        "gid": 137,
        "objectid": 2926,
        "district": "Sarguja",
        "plot_type": "Industrial  Purpose",
        "total_area": 1206,
        "reservatio": null,
        "plot_munci": "NO",
        "corner_plo": "NO",
        "premium_ba": 578880,
        "addi_premi": 0.0,
        "total_prem": 578880,
        "label": "C",
        "tot_premiu": 578880,
        "location": "Rikhi",
        "remark": null,
        "sector_inf": "BLOCK - C",
        "industrial": "SARGUJA",
        "district_i": "SARGUJA",
        "plotno_inf": "03",
        "uniqueplot": "03",
        "plotactiva": null,
        "plotupdate": null,
        "plot_yesno": "YES",
        "category_i": "INDUSTRIAL PLOT-ALLOTED",
        "quest": null,
        "status_inf": "ALLOTTED",
        "applied_ti": null,
        "alloted_ti": null,
        "allotmentr": null,
        "industri_1": "INDUSTRIAL AREA RIKHI_BLOCK - C",
        "industri_2": "INDUSTRIAL AREA RIKHI",
        "gis_tid": null,
        "st_area_sh": 1.07510937e-07,
        "st_length_": 0.00138553998477,
        "uidv1": "IA-16",
        "status_from_csidc": "ALLOTTED",
        "uid": "IA-16"
      }
    },
    {
      "type": "Feature",
      "id": "csidc_industrial_area_with_plots.fid-23377b7a_19c5672bde0_7067",
      "geometry": {
        "type": "Polygon",
        "coordinates": [
          [
            [
              82.91031434,
              22.98083942
            ],
            [
              82.91030904,
              22.98063137
            ],
            [
              82.91011177,
              22.98063066
            ],
            [
              82.91011707,
              22.98083871
            ],
            [
              82.91031434,
              22.98083942
            ]
          ]
        ]
      },
      "geometry_name": "geom",
      "properties": {
        "gid": 138,
        "objectid": 2938,
        "district": "Sarguja",
        "plot_type": "Industrial  Purpose",
        "total_area": 460,
        "reservatio": null,
        "plot_munci": "NO",
        "corner_plo": "NO",
        "premium_ba": 220800,
        "addi_premi": 0.0,
        "total_prem": 220800,
        "label": "E",
        "tot_premiu": 220800,
        "location": "Rikhi",
        "remark": null,
        "sector_inf": "BLOCK - E",
        "industrial": "SARGUJA",
        "district_i": "SARGUJA",
        "plotno_inf": "03",
        "uniqueplot": "03",
        "plotactiva": null,
        "plotupdate": null,
        "plot_yesno": "YES",
        "category_i": "INDUSTRIAL PLOT-ALLOTED",
        "quest": null,
        "status_inf": "ALLOTTED",
        "applied_ti": null,
        "alloted_ti": null,
        "allotmentr": null,
        "industri_1": "INDUSTRIAL AREA RIKHI_BLOCK - E",
        "industri_2": "INDUSTRIAL AREA RIKHI",
        "gis_tid": null,
        "st_area_sh": 4.1038591e-08,
        "st_length_": 0.000810780713662,
        "uidv1": "IA-18",
        "status_from_csidc": "ALLOTTED",
        "uid": "IA-18"
      }
    },
    {
      "type": "Feature",
      "id": "csidc_industrial_area_with_plots.fid-23377b7a_19c5672bde0_7068",
      "geometry": {
        "type": "Polygon",
        "coordinates": [
          [
            [
              82.91051162,
              22.98084012
            ],
            [
              82.91050631,
              22.98063208
            ],
            [
              82.91030904,
              22.98063137
            ],
            [
              82.91031434,
              22.98083942
            ],
            [
              82.91051162,
              22.98084012
            ]
          ]
        ]
      },
      "geometry_name": "geom",
      "properties": {
        "gid": 139,
        "objectid": 2937,
        "district": "Sarguja",
        "plot_type": "Industrial  Purpose",
        "total_area": 391,
        "reservatio": null,
        "plot_munci": "NO",
        "corner_plo": "NO",
        "premium_ba": 187680,
        "addi_premi": 0.0,
        "total_prem": 187680,
        "label": "E",
        "tot_premiu": 187680,
        "location": "Rikhi",
        "remark": null,
        "sector_inf": "BLOCK - E",
        "industrial": "SARGUJA",
        "district_i": "SARGUJA",
        "plotno_inf": "02",
        "uniqueplot": "02",
        "plotactiva": null,
        "plotupdate": null,
        "plot_yesno": "YES",
        "category_i": "INDUSTRIAL PLOT-ALLOTED",
        "quest": null,
        "status_inf": "AVAILABLE",
        "applied_ti": null,
        "alloted_ti": null,
        "allotmentr": null,
        "industri_1": "INDUSTRIAL AREA RIKHI_BLOCK - E",
        "industri_2": "INDUSTRIAL AREA RIKHI",
        "gis_tid": null,
        "st_area_sh": 4.1038599e-08,
        "st_length_": 0.000810780735877,
        "uidv1": "IA-9",
        "status_from_csidc": "AVAILABLE",
        "uid": "IA-9"
      }
    },
    {
      "type": "Feature",
      "id": "csidc_industrial_area_with_plots.fid-23377b7a_19c5672bde0_7069",
      "geometry": {
        "type": "Polygon",
        "coordinates": [
          [
            [
              82.909991,
              22.97976193
            ],
            [
              82.90998639,
              22.97958102
            ],
            [
              82.90983843,
              22.97958049
            ],
            [
              82.90984304,
              22.9797614
            ],
            [
              82.909991,
              22.97976193
            ]
          ]
        ]
      },
      "geometry_name": "geom",
      "properties": {
        "gid": 140,
        "objectid": 2917,
        "district": "Sarguja",
        "plot_type": "Industrial  Purpose",
        "total_area": 300,
        "reservatio": null,
        "plot_munci": "NO",
        "corner_plo": "NO",
        "premium_ba": 144000,
        "addi_premi": 0.0,
        "total_prem": 144000,
        "label": "D",
        "tot_premiu": 144000,
        "location": "Rikhi",
        "remark": null,
        "sector_inf": "BLOCK - D",
        "industrial": "SARGUJA",
        "district_i": "SARGUJA",
        "plotno_inf": "04",
        "uniqueplot": "04",
        "plotactiva": null,
        "plotupdate": null,
        "plot_yesno": "YES",
        "category_i": "INDUSTRIAL PLOT-ALLOTED",
        "quest": null,
        "status_inf": "AVAILABLE",
        "applied_ti": null,
        "alloted_ti": null,
        "allotmentr": null,
        "industri_1": "INDUSTRIAL AREA RIKHI_BLOCK - D",
        "industri_2": "INDUSTRIAL AREA RIKHI",
        "gis_tid": null,
        "st_area_sh": 2.6764025e-08,
        "st_length_": 0.000657849409661,
        "uidv1": "IA-19",
        "status_from_csidc": "AVAILABLE",
        "uid": "IA-19"
      }
    },
    {
      "type": "Feature",
      "id": "csidc_industrial_area_with_plots.fid-23377b7a_19c5672bde0_706a",
      "geometry": {
        "type": "Polygon",
        "coordinates": [
          [
            [
              81.35916671,
              18.91348363
            ],
            [
              81.35910818,
              18.91347958
            ],
            [
              81.35910382,
              18.91359621
            ],
            [
              81.35916235,
              18.91360026
            ],
            [
              81.35916671,
              18.91348363
            ]
          ]
        ]
      },
      "geometry_name": "geom",
      "properties": {
        "gid": 141,
        "objectid": 1813,
        "district": "Dantewada",
        "plot_type": "INDUSTRIAL PURPOSE",
        "total_area": 0.0,
        "reservatio": null,
        "plot_munci": null,
        "corner_plo": null,
        "premium_ba": 0.0,
        "addi_premi": 0.0,
        "total_prem": 0.0,
        "label": null,
        "tot_premiu": 0.0,
        "location": "Tekanar",
        "remark": null,
        "sector_inf": "Other",
        "industrial": "TEKNAR",
        "district_i": "Dantewada",
        "plotno_inf": "18 C",
        "uniqueplot": null,
        "plotactiva": "2018-01-31Z",
        "plotupdate": null,
        "plot_yesno": "YES",
        "category_i": "INDUSTRIAL PLOT-ALLOTED",
        "quest": null,
        "status_inf": "UNAVAILABLE",
        "applied_ti": null,
        "alloted_ti": null,
        "allotmentr": null,
        "industri_1": null,
        "industri_2": null,
        "gis_tid": null,
        "st_area_sh": 6.844003e-09,
        "st_length_": 0.000350761371814,
        "uidv1": "IA-658",
        "status_from_csidc": null,
        "uid": "IA-658"
      }
    },
    {
      "type": "Feature",
      "id": "csidc_industrial_area_with_plots.fid-23377b7a_19c5672bde0_706b",
      "geometry": {
        "type": "Polygon",
        "coordinates": [
          [
            [
              82.9102869,
              22.97976299
            ],
            [
              82.91028229,
              22.97958208
            ],
            [
              82.91013434,
              22.97958155
            ],
            [
              82.91013895,
              22.97976246
            ],
            [
              82.9102869,
              22.97976299
            ]
          ]
        ]
      },
      "geometry_name": "geom",
      "properties": {
        "gid": 142,
        "objectid": 2915,
        "district": "Sarguja",
        "plot_type": "Industrial  Purpose",
        "total_area": 300,
        "reservatio": null,
        "plot_munci": "NO",
        "corner_plo": "NO",
        "premium_ba": 144000,
        "addi_premi": 0.0,
        "total_prem": 144000,
        "label": "D",
        "tot_premiu": 144000,
        "location": "Rikhi",
        "remark": null,
        "sector_inf": "BLOCK - D",
        "industrial": "SARGUJA",
        "district_i": "SARGUJA",
        "plotno_inf": "02",
        "uniqueplot": "02",
        "plotactiva": null,
        "plotupdate": null,
        "plot_yesno": "YES",
        "category_i": "INDUSTRIAL PLOT-ALLOTED",
        "quest": null,
        "status_inf": "AVAILABLE",
        "applied_ti": null,
        "alloted_ti": null,
        "allotmentr": null,
        "industri_1": "INDUSTRIAL AREA RIKHI_BLOCK - D",
        "industri_2": "INDUSTRIAL AREA RIKHI",
        "gis_tid": null,
        "st_area_sh": 2.6764025e-08,
        "st_length_": 0.000657849409661,
        "uidv1": "IA-11",
        "status_from_csidc": "AVAILABLE",
        "uid": "IA-11"
      }
    },
    {
      "type": "Feature",
      "id": "csidc_industrial_area_with_plots.fid-23377b7a_19c5672bde0_706c",
      "geometry": {
        "type": "Polygon",
        "coordinates": [
          [
            [
              82.91000437,
              22.98028657
            ],
            [
              82.90999976,
              22.98010566
            ],
            [
              82.9098518,
              22.98010513
            ],
            [
              82.90985641,
              22.98028604
            ],
            [
              82.91000437,
              22.98028657
            ]
          ]
        ]
      },
      "geometry_name": "geom",
      "properties": {
        "gid": 143,
        "objectid": 2929,
        "district": "Sarguja",
        "plot_type": "Industrial  Purpose",
        "total_area": 300,
        "reservatio": null,
        "plot_munci": "NO",
        "corner_plo": "NO",
        "premium_ba": 144000,
        "addi_premi": 0.0,
        "total_prem": 144000,
        "label": "D",
        "tot_premiu": 144000,
        "location": "Rikhi",
        "remark": null,
        "sector_inf": "BLOCK - D",
        "industrial": "SARGUJA",
        "district_i": "SARGUJA",
        "plotno_inf": "13",
        "uniqueplot": "13",
        "plotactiva": null,
        "plotupdate": null,
        "plot_yesno": "YES",
        "category_i": "INDUSTRIAL PLOT-ALLOTED",
        "quest": null,
        "status_inf": "AVAILABLE",
        "applied_ti": null,
        "alloted_ti": null,
        "allotmentr": null,
        "industri_1": "INDUSTRIAL AREA RIKHI_BLOCK - D",
        "industri_2": "INDUSTRIAL AREA RIKHI",
        "gis_tid": null,
        "st_area_sh": 2.6764206e-08,
        "st_length_": 0.000657851409648,
        "uidv1": "IA-412",
        "status_from_csidc": "AVAILABLE",
        "uid": "IA-412"
      }
    },
    {
      "type": "Feature",
      "id": "csidc_industrial_area_with_plots.fid-23377b7a_19c5672bde0_706d",
      "geometry": {
        "type": "Polygon",
        "coordinates": [
          [
            [
              81.95991265,
              21.74444817
            ],
            [
              81.95944666,
              21.74440519
            ],
            [
              81.95943875,
              21.74469205
            ],
            [
              81.95943641,
              21.74477696
            ],
            [
              81.95988402,
              21.74481825
            ],
            [
              81.95991265,
              21.74444817
            ]
          ]
        ]
      },
      "geometry_name": "geom",
      "properties": {
        "gid": 144,
        "objectid": 1510,
        "district": "BALODA-BAZAR",
        "plot_type": "INDUSTRIAL PURPOSE",
        "total_area": 1955,
        "reservatio": "NO",
        "plot_munci": "YES",
        "corner_plo": "NO",
        "premium_ba": 1955000,
        "addi_premi": 391000,
        "total_prem": 2346000,
        "label": null,
        "tot_premiu": 1955000,
        "location": "AURETHI",
        "remark": null,
        "sector_inf": "Others",
        "industrial": "AURETHI BHATAPARA",
        "district_i": "BALODA-BAZAR",
        "plotno_inf": "5",
        "uniqueplot": "5",
        "plotactiva": "2018-01-31Z",
        "plotupdate": null,
        "plot_yesno": "YES",
        "category_i": "INDUSTRIAL PLOT-ALLOTED",
        "quest": "OK",
        "status_inf": "ALLOTTED",
        "applied_ti": null,
        "alloted_ti": null,
        "allotmentr": null,
        "industri_1": "AURETHI BHATAPARA__Others",
        "industri_2": "AURETHI, BHATAPARA",
        "gis_tid": null,
        "st_area_sh": 1.70255338e-07,
        "st_length_": 0.0016605641509,
        "uidv1": "IA-1424",
        "status_from_csidc": "ALLOTTED",
        "uid": "IA-1424"
      }
    },
    {
      "type": "Feature",
      "id": "csidc_industrial_area_with_plots.fid-23377b7a_19c5672bde0_706e",
      "geometry": {
        "type": "Polygon",
        "coordinates": [
          [
            [
              82.90984304,
              22.9797614
            ],
            [
              82.90983843,
              22.97958049
            ],
            [
              82.90972993,
              22.9795801
            ],
            [
              82.9097231,
              22.97958062
            ],
            [
              82.9097165,
              22.97958223
            ],
            [
              82.90971033,
              22.97958487
            ],
            [
              82.90970479,
              22.97958847
            ],
            [
              82.90970004,
              22.97959291
            ],
            [
              82.90969623,
              22.97959807
            ],
            [
              82.90969347,
              22.97960377
            ],
            [
              82.90969184,
              22.97960986
            ],
            [
              82.9096914,
              22.97961614
            ],
            [
              82.90969509,
              22.97976087
            ],
            [
              82.90984304,
              22.9797614
            ]
          ]
        ]
      },
      "geometry_name": "geom",
      "properties": {
        "gid": 145,
        "objectid": 2918,
        "district": "Sarguja",
        "plot_type": "Industrial  Purpose",
        "total_area": 300,
        "reservatio": null,
        "plot_munci": "NO",
        "corner_plo": "YES",
        "premium_ba": 144000,
        "addi_premi": 14400,
        "total_prem": 158400,
        "label": "D",
        "tot_premiu": 158400,
        "location": "Rikhi",
        "remark": null,
        "sector_inf": "BLOCK - D",
        "industrial": "SARGUJA",
        "district_i": "SARGUJA",
        "plotno_inf": "05",
        "uniqueplot": "05",
        "plotactiva": null,
        "plotupdate": null,
        "plot_yesno": "YES",
        "category_i": "INDUSTRIAL PLOT-ALLOTED",
        "quest": null,
        "status_inf": "AVAILABLE",
        "applied_ti": null,
        "alloted_ti": null,
        "allotmentr": null,
        "industri_1": "INDUSTRIAL AREA RIKHI_BLOCK - D",
        "industri_2": "INDUSTRIAL AREA RIKHI",
        "gis_tid": null,
        "st_area_sh": 2.6452087e-08,
        "st_length_": 0.000641014486264,
        "uidv1": "IA-28",
        "status_from_csidc": "AVAILABLE",
        "uid": "IA-28"
      }
    },
    {
      "type": "Feature",
      "id": "csidc_industrial_area_with_plots.fid-23377b7a_19c5672bde0_706f",
      "geometry": {
        "type": "Polygon",
        "coordinates": [
          [
            [
              81.9603747,
              21.74492614
            ],
            [
              81.96041048,
              21.74446354
            ],
            [
              81.96044626,
              21.74400095
            ],
            [
              81.96011905,
              21.74397077
            ],
            [
              81.96010616,
              21.74413749
            ],
            [
              81.96036994,
              21.74498764
            ],
            [
              81.9603747,
              21.74492614
            ]
          ]
        ]
      },
      "geometry_name": "geom",
      "properties": {
        "gid": 146,
        "objectid": 1512,
        "district": "BALODA-BAZAR",
        "plot_type": "INDUSTRIAL PURPOSE",
        "total_area": 2181,
        "reservatio": "NO",
        "plot_munci": "YES",
        "corner_plo": "NO",
        "premium_ba": 2181000,
        "addi_premi": 436200,
        "total_prem": 2617200,
        "label": null,
        "tot_premiu": 2181000,
        "location": "AURETHI",
        "remark": null,
        "sector_inf": "Others",
        "industrial": "AURETHI BHATAPARA",
        "district_i": "BALODA-BAZAR",
        "plotno_inf": "9",
        "uniqueplot": "9",
        "plotactiva": "2018-01-31Z",
        "plotupdate": null,
        "plot_yesno": "YES",
        "category_i": "INDUSTRIAL PLOT-ALLOTED",
        "quest": "OK",
        "status_inf": "ALLOTTED",
        "applied_ti": null,
        "alloted_ti": null,
        "allotmentr": null,
        "industri_1": "AURETHI BHATAPARA__Others",
        "industri_2": "AURETHI, BHATAPARA",
        "gis_tid": null,
        "st_area_sh": 1.9004908e-07,
        "st_length_": 0.00237557795351,
        "uidv1": "IA-1877",
        "status_from_csidc": "ALLOTTED",
        "uid": "IA-1877"
      }
    },
    {
      "type": "Feature",
      "id": "csidc_industrial_area_with_plots.fid-23377b7a_19c5672bde0_7070",
      "geometry": {
        "type": "Polygon",
        "coordinates": [
          [
            [
              81.35917751,
              18.91319493
            ],
            [
              81.35911898,
              18.91319088
            ],
            [
              81.35911462,
              18.91330751
            ],
            [
              81.35917315,
              18.91331156
            ],
            [
              81.35917751,
              18.91319493
            ]
          ]
        ]
      },
      "geometry_name": "geom",
      "properties": {
        "gid": 147,
        "objectid": 1794,
        "district": "Dantewada",
        "plot_type": "INDUSTRIAL PURPOSE",
        "total_area": 0.0,
        "reservatio": null,
        "plot_munci": null,
        "corner_plo": null,
        "premium_ba": 0.0,
        "addi_premi": 0.0,
        "total_prem": 0.0,
        "label": null,
        "tot_premiu": 0.0,
        "location": "Tekanar",
        "remark": null,
        "sector_inf": "Other",
        "industrial": "TEKNAR",
        "district_i": "Dantewada",
        "plotno_inf": "19 C",
        "uniqueplot": null,
        "plotactiva": "2018-01-31Z",
        "plotupdate": null,
        "plot_yesno": "YES",
        "category_i": "INDUSTRIAL PLOT-ALLOTED",
        "quest": null,
        "status_inf": "UNAVAILABLE",
        "applied_ti": null,
        "alloted_ti": null,
        "allotmentr": null,
        "industri_1": null,
        "industri_2": null,
        "gis_tid": null,
        "st_area_sh": 6.844022e-09,
        "st_length_": 0.000350762089185,
        "uidv1": "IA-697",
        "status_from_csidc": null,
        "uid": "IA-697"
      }
    },
    {
      "type": "Feature",
      "id": "csidc_industrial_area_with_plots.fid-23377b7a_19c5672bde0_7071",
      "geometry": {
        "type": "Polygon",
        "coordinates": [
          [
            [
              81.96078066,
              21.74612933
            ],
            [
              81.96045644,
              21.74593868
            ],
            [
              81.96043038,
              21.74627559
            ],
            [
              81.96074465,
              21.74659486
            ],
            [
              81.96078066,
              21.74612933
            ]
          ]
        ]
      },
      "geometry_name": "geom",
      "properties": {
        "gid": 148,
        "objectid": 1516,
        "district": "BALODA-BAZAR",
        "plot_type": "INDUSTRIAL PURPOSE",
        "total_area": 1561,
        "reservatio": "YES",
        "plot_munci": "YES",
        "corner_plo": "YES",
        "premium_ba": 1561000,
        "addi_premi": 468300,
        "total_prem": 2029300,
        "label": null,
        "tot_premiu": 1561000,
        "location": "AURETHI",
        "remark": null,
        "sector_inf": "Others",
        "industrial": "AURETHI BHATAPARA",
        "district_i": "BALODA-BAZAR",
        "plotno_inf": "8",
        "uniqueplot": "8",
        "plotactiva": "2018-01-31Z",
        "plotupdate": null,
        "plot_yesno": "YES",
        "category_i": "INDUSTRIAL PLOT-ALLOTED",
        "quest": "OK",
        "status_inf": "ALLOTTED",
        "applied_ti": null,
        "alloted_ti": null,
        "allotmentr": null,
        "industri_1": "AURETHI BHATAPARA__Others",
        "industri_2": "AURETHI, BHATAPARA",
        "gis_tid": null,
        "st_area_sh": 1.3599856e-07,
        "st_length_": 0.00162894471385,
        "uidv1": "IA-1814",
        "status_from_csidc": "ALLOTTED",
        "uid": "IA-1814"
      }
    },
    {
      "type": "Feature",
      "id": "csidc_industrial_area_with_plots.fid-23377b7a_19c5672bde0_7072",
      "geometry": {
        "type": "Polygon",
        "coordinates": [
          [
            [
              82.25242032,
              22.17528701
            ],
            [
              82.25228529,
              22.17498538
            ],
            [
              82.2522407,
              22.17499124
            ],
            [
              82.25212962,
              22.17500248
            ],
            [
              82.25207994,
              22.17500968
            ],
            [
              82.25223573,
              22.1753442
            ],
            [
              82.25242032,
              22.17528701
            ]
          ]
        ]
      },
      "geometry_name": "geom",
      "properties": {
        "gid": 149,
        "objectid": 0,
        "district": "BILASPUR",
        "plot_type": "INDUSTRIAL PURPOSE",
        "total_area": 0.0,
        "reservatio": null,
        "plot_munci": null,
        "corner_plo": null,
        "premium_ba": 0.0,
        "addi_premi": 0.0,
        "total_prem": 0.0,
        "label": null,
        "tot_premiu": 0.0,
        "location": "Selar",
        "remark": null,
        "sector_inf": "BLOCK - M",
        "industrial": "Industrial Area Selar",
        "district_i": "BILASPUR",
        "plotno_inf": "1",
        "uniqueplot": "1",
        "plotactiva": null,
        "plotupdate": null,
        "plot_yesno": "YES",
        "category_i": "INDUSTRIAL PLOT-ALLOTED",
        "quest": null,
        "status_inf": "AVAILABLE",
        "applied_ti": null,
        "alloted_ti": null,
        "allotmentr": null,
        "industri_1": "Industrial Area Selar",
        "industri_2": "Industrial Area Selar",
        "gis_tid": null,
        "st_area_sh": 0.0,
        "st_length_": 0.0,
        "uidv1": "IA-46",
        "status_from_csidc": null,
        "uid": "IA-46"
      }
    },
    {
      "type": "Feature",
      "id": "csidc_industrial_area_with_plots.fid-23377b7a_19c5672bde0_7073",
      "geometry": {
        "type": "Polygon",
        "coordinates": [
          [
            [
              81.96073769,
              21.74449372
            ],
            [
              81.96041048,
              21.74446354
            ],
            [
              81.9603747,
              21.74492614
            ],
            [
              81.96070191,
              21.74495632
            ],
            [
              81.96073769,
              21.74449372
            ]
          ]
        ]
      },
      "geometry_name": "geom",
      "properties": {
        "gid": 150,
        "objectid": 1511,
        "district": "BALODA-BAZAR",
        "plot_type": "INDUSTRIAL PURPOSE",
        "total_area": 1750,
        "reservatio": "NO",
        "plot_munci": "YES",
        "corner_plo": "NO",
        "premium_ba": 1750000,
        "addi_premi": 350000,
        "total_prem": 2100000,
        "label": null,
        "tot_premiu": 1750000,
        "location": "AURETHI",
        "remark": null,
        "sector_inf": "Others",
        "industrial": "AURETHI BHATAPARA",
        "district_i": "BALODA-BAZAR",
        "plotno_inf": "15",
        "uniqueplot": "15",
        "plotactiva": "2018-01-31Z",
        "plotupdate": null,
        "plot_yesno": "YES",
        "category_i": "INDUSTRIAL PLOT-ALLOTED",
        "quest": "OK",
        "status_inf": "ALLOTTED",
        "applied_ti": null,
        "alloted_ti": null,
        "allotmentr": null,
        "industri_1": "AURETHI BHATAPARA__Others",
        "industri_2": "AURETHI, BHATAPARA",
        "gis_tid": null,
        "st_area_sh": 1.52444564e-07,
        "st_length_": 0.0015851454027,
        "uidv1": "IA-498",
        "status_from_csidc": "ALLOTTED",
        "uid": "IA-498"
      }
    },
    {
      "type": "Feature",
      "id": "csidc_industrial_area_with_plots.fid-23377b7a_19c5672bde0_7074",
      "geometry": {
        "type": "Polygon",
        "coordinates": [
          [
            [
              83.78818089,
              22.65422568
            ],
            [
              83.78807187,
              22.65394579
            ],
            [
              83.78782248,
              22.65399489
            ],
            [
              83.78794814,
              22.65430567
            ],
            [
              83.78818089,
              22.65422568
            ]
          ]
        ]
      },
      "geometry_name": "geom",
      "properties": {
        "gid": 151,
        "objectid": 3005,
        "district": "Jashpur",
        "plot_type": "Industrial  Purpose",
        "total_area": 831,
        "reservatio": null,
        "plot_munci": "NO",
        "corner_plo": "NO",
        "premium_ba": 398880,
        "addi_premi": 0.0,
        "total_prem": 398880,
        "label": null,
        "tot_premiu": 398880,
        "location": "Narayanbahali",
        "remark": null,
        "sector_inf": "BLOCK -",
        "industrial": "JASHPUR",
        "district_i": "JASHPUR",
        "plotno_inf": "13",
        "uniqueplot": "13",
        "plotactiva": null,
        "plotupdate": null,
        "plot_yesno": "YES",
        "category_i": "INDUSTRIAL PLOT-ALLOTED",
        "quest": null,
        "status_inf": "AVAILABLE",
        "applied_ti": null,
        "alloted_ti": null,
        "allotmentr": null,
        "industri_1": "INDUSTRIAL AREA NARAYANBAHALI_BLOCK -",
        "industri_2": "INDUSTRIAL AREA NARAYANBAHALI",
        "gis_tid": null,
        "st_area_sh": 7.8770928e-08,
        "st_length_": 0.00113589344205,
        "uidv1": "IA-413",
        "status_from_csidc": "AVAILABLE",
        "uid": "IA-413"
      }
    },
    {
      "type": "Feature",
      "id": "csidc_industrial_area_with_plots.fid-23377b7a_19c5672bde0_7075",
      "geometry": {
        "type": "Polygon",
        "coordinates": [
          [
            [
              83.78982499,
              22.65438682
            ],
            [
              83.78978269,
              22.65423481
            ],
            [
              83.78966134,
              22.65408706
            ],
            [
              83.78937109,
              22.65424485
            ],
            [
              83.78954458,
              22.65453232
            ],
            [
              83.78982499,
              22.65438682
            ]
          ]
        ]
      },
      "geometry_name": "geom",
      "properties": {
        "gid": 152,
        "objectid": 3012,
        "district": "Jashpur",
        "plot_type": "Industrial  Purpose",
        "total_area": 1199,
        "reservatio": null,
        "plot_munci": "NO",
        "corner_plo": "NO",
        "premium_ba": 575520,
        "addi_premi": 0.0,
        "total_prem": 575520,
        "label": null,
        "tot_premiu": 575520,
        "location": "Narayanbahali",
        "remark": null,
        "sector_inf": "BLOCK -",
        "industrial": "JASHPUR",
        "district_i": "JASHPUR",
        "plotno_inf": "14",
        "uniqueplot": "14",
        "plotactiva": null,
        "plotupdate": null,
        "plot_yesno": "YES",
        "category_i": "INDUSTRIAL PLOT-ALLOTED",
        "quest": null,
        "status_inf": "AVAILABLE",
        "applied_ti": null,
        "alloted_ti": null,
        "allotmentr": null,
        "industri_1": "INDUSTRIAL AREA NARAYANBAHALI_BLOCK -",
        "industri_2": "INDUSTRIAL AREA NARAYANBAHALI",
        "gis_tid": null,
        "st_area_sh": 1.15437034e-07,
        "st_length_": 0.00133101442226,
        "uidv1": "IA-460",
        "status_from_csidc": "AVAILABLE",
        "uid": "IA-460"
      }
    },
    {
      "type": "Feature",
      "id": "csidc_industrial_area_with_plots.fid-23377b7a_19c5672bde0_7076",
      "geometry": {
        "type": "Polygon",
        "coordinates": [
          [
            [
              82.25331579,
              22.17541555
            ],
            [
              82.25322209,
              22.17520999
            ],
            [
              82.25303745,
              22.17526705
            ],
            [
              82.25312769,
              22.17547164
            ],
            [
              82.25331579,
              22.17541555
            ]
          ]
        ]
      },
      "geometry_name": "geom",
      "properties": {
        "gid": 153,
        "objectid": 0,
        "district": "BILASPUR",
        "plot_type": "INDUSTRIAL PURPOSE",
        "total_area": 0.0,
        "reservatio": null,
        "plot_munci": null,
        "corner_plo": null,
        "premium_ba": 0.0,
        "addi_premi": 0.0,
        "total_prem": 0.0,
        "label": null,
        "tot_premiu": 0.0,
        "location": "Selar",
        "remark": null,
        "sector_inf": "BLOCK - M",
        "industrial": "Industrial Area Selar",
        "district_i": "BILASPUR",
        "plotno_inf": "12",
        "uniqueplot": "12",
        "plotactiva": null,
        "plotupdate": null,
        "plot_yesno": "YES",
        "category_i": "INDUSTRIAL PLOT-ALLOTED",
        "quest": null,
        "status_inf": "UNAVAILABLE",
        "applied_ti": null,
        "alloted_ti": null,
        "allotmentr": null,
        "industri_1": "Industrial Area Selar",
        "industri_2": "Industrial Area Selar",
        "gis_tid": null,
        "st_area_sh": 0.0,
        "st_length_": 0.0,
        "uidv1": "IA-332",
        "status_from_csidc": null,
        "uid": "IA-332"
      }
    },
    {
      "type": "Feature",
      "id": "csidc_industrial_area_with_plots.fid-23377b7a_19c5672bde0_7077",
      "geometry": {
        "type": "Polygon",
        "coordinates": [
          [
            [
              81.93037738,
              21.9269853
            ],
            [
              81.93019481,
              21.92668123
            ],
            [
              81.92995436,
              21.92681453
            ],
            [
              81.93013667,
              21.92711566
            ],
            [
              81.93037333,
              21.92698756
            ],
            [
              81.93037738,
              21.9269853
            ]
          ]
        ]
      },
      "geometry_name": "geom",
      "properties": {
        "gid": 154,
        "objectid": 3164,
        "district": "Mungeli",
        "plot_type": "Industrial  Purpose",
        "total_area": 1200,
        "reservatio": null,
        "plot_munci": "NO",
        "corner_plo": "NO",
        "premium_ba": 480000,
        "addi_premi": 0.0,
        "total_prem": 480000,
        "label": "C",
        "tot_premiu": 480000,
        "location": "Hathkera-Bidbida",
        "remark": null,
        "sector_inf": "BLOCK - C",
        "industrial": "MUNGELI",
        "district_i": "MUNGELI",
        "plotno_inf": "1",
        "uniqueplot": "1",
        "plotactiva": null,
        "plotupdate": null,
        "plot_yesno": "YES",
        "category_i": "INDUSTRIAL PLOT-ALLOTED",
        "quest": null,
        "status_inf": "ALLOTTED",
        "applied_ti": null,
        "alloted_ti": null,
        "allotmentr": null,
        "industri_1": "INDUSTRIAL AREA HATHKERA-BIDBIDA_BLOCK - C",
        "industri_2": "INDUSTRIAL AREA HATHKERA-BIDBIDA",
        "gis_tid": null,
        "st_area_sh": 9.6857119e-08,
        "st_length_": 0.00125535236444,
        "uidv1": "IA-75",
        "status_from_csidc": "ALLOTTED",
        "uid": "IA-75"
      }
    },
    {
      "type": "Feature",
      "id": "csidc_industrial_area_with_plots.fid-23377b7a_19c5672bde0_7078",
      "geometry": {
        "type": "Polygon",
        "coordinates": [
          [
            [
              82.24605827,
              22.17862632
            ],
            [
              82.24605632,
              22.17862185
            ],
            [
              82.24591049,
              22.17829826
            ],
            [
              82.2458194,
              22.17832386
            ],
            [
              82.24567987,
              22.17836657
            ],
            [
              82.24582491,
              22.17869717
            ],
            [
              82.24605827,
              22.17862632
            ]
          ]
        ]
      },
      "geometry_name": "geom",
      "properties": {
        "gid": 155,
        "objectid": 0,
        "district": "BILASPUR",
        "plot_type": "INDUSTRIAL PURPOSE",
        "total_area": 1000,
        "reservatio": null,
        "plot_munci": "No",
        "corner_plo": "Yes",
        "premium_ba": 14400000,
        "addi_premi": 1440000,
        "total_prem": 1584000,
        "label": null,
        "tot_premiu": 0.0,
        "location": "Selar",
        "remark": null,
        "sector_inf": "BLOCK - E",
        "industrial": "Industrial Area Selar",
        "district_i": "BILASPUR",
        "plotno_inf": "1",
        "uniqueplot": "1",
        "plotactiva": null,
        "plotupdate": null,
        "plot_yesno": "YES",
        "category_i": "INDUSTRIAL PLOT-ALLOTED",
        "quest": null,
        "status_inf": "AVAILABLE",
        "applied_ti": null,
        "alloted_ti": null,
        "allotmentr": null,
        "industri_1": "Industrial Area Selar",
        "industri_2": "Industrial Area Selar",
        "gis_tid": null,
        "st_area_sh": 0.0,
        "st_length_": 0.0,
        "uidv1": "IA-78",
        "status_from_csidc": "AVAILABLE",
        "uid": "IA-78"
      }
    },
    {
      "type": "Feature",
      "id": "csidc_industrial_area_with_plots.fid-23377b7a_19c5672bde0_7079",
      "geometry": {
        "type": "Polygon",
        "coordinates": [
          [
            [
              82.5923904,
              23.06535244
            ],
            [
              82.59210145,
              23.06537148
            ],
            [
              82.59211398,
              23.06550685
            ],
            [
              82.59240294,
              23.0654878
            ],
            [
              82.5923904,
              23.06535244
            ]
          ]
        ]
      },
      "geometry_name": "geom",
      "properties": {
        "gid": 156,
        "objectid": 3234,
        "district": "Surajpur",
        "plot_type": "Industrial  Purpose",
        "total_area": 450,
        "reservatio": null,
        "plot_munci": "NO",
        "corner_plo": "NO",
        "premium_ba": 216000,
        "addi_premi": 0.0,
        "total_prem": 216000,
        "label": "D",
        "tot_premiu": 216000,
        "location": "Barbaspur",
        "remark": null,
        "sector_inf": "BLOCK - D",
        "industrial": "SURAJPUR",
        "district_i": "SURAJPUR",
        "plotno_inf": "17",
        "uniqueplot": "17",
        "plotactiva": null,
        "plotupdate": null,
        "plot_yesno": "YES",
        "category_i": "INDUSTRIAL PLOT-ALLOTED",
        "quest": null,
        "status_inf": "AVAILABLE",
        "applied_ti": null,
        "alloted_ti": null,
        "allotmentr": null,
        "industri_1": "INDUSTRIAL AREA BARBASPUR_BLOCK - D",
        "industri_2": "INDUSTRIAL AREA BARBASPUR",
        "gis_tid": null,
        "st_area_sh": 3.9354385e-08,
        "st_length_": 0.000851060781724,
        "uidv1": "IA-584",
        "status_from_csidc": "AVAILABLE",
        "uid": "IA-584"
      }
    },
    {
      "type": "Feature",
      "id": "csidc_industrial_area_with_plots.fid-23377b7a_19c5672bde0_707a",
      "geometry": {
        "type": "Polygon",
        "coordinates": [
          [
            [
              81.39972106,
              21.23580636
            ],
            [
              81.39964426,
              21.23579287
            ],
            [
              81.39957515,
              21.23611963
            ],
            [
              81.39957246,
              21.23613902
            ],
            [
              81.40006613,
              21.23623492
            ],
            [
              81.40007017,
              21.23621669
            ],
            [
              81.40007256,
              21.23620594
            ],
            [
              81.40014207,
              21.23589001
            ],
            [
              81.39972106,
              21.23580636
            ]
          ]
        ]
      },
      "geometry_name": "geom",
      "properties": {
        "gid": 157,
        "objectid": 1842,
        "district": "DURG",
        "plot_type": "INDUSTRIAL PURPOSE",
        "total_area": 2044.55,
        "reservatio": "NO",
        "plot_munci": "YES",
        "corner_plo": "NO",
        "premium_ba": 1431185,
        "addi_premi": 286237,
        "total_prem": 1717422,
        "label": null,
        "tot_premiu": 1717422,
        "location": "RAIL PARK",
        "remark": "<Null>",
        "sector_inf": "OTHER",
        "industrial": "RAIL PARK",
        "district_i": "DURG",
        "plotno_inf": "16",
        "uniqueplot": "16",
        "plotactiva": "2021-08-15Z",
        "plotupdate": "<Null>",
        "plot_yesno": "YES",
        "category_i": "INDUSTRIAL PLOT-ALLOTED",
        "quest": null,
        "status_inf": "AVAILABLE",
        "applied_ti": null,
        "alloted_ti": null,
        "allotmentr": null,
        "industri_1": "RAIL PARK",
        "industri_2": "RAIL PARK",
        "gis_tid": null,
        "st_area_sh": 1.79036755e-07,
        "st_length_": 0.00171685902269,
        "uidv1": "IA-572",
        "status_from_csidc": "AVAILABLE",
        "uid": "IA-572"
      }
    },
    {
      "type": "Feature",
      "id": "csidc_industrial_area_with_plots.fid-23377b7a_19c5672bde0_707b",
      "geometry": {
        "type": "Polygon",
        "coordinates": [
          [
            [
              81.78995293,
              21.60472299
            ],
            [
              81.78991542,
              21.60429536
            ],
            [
              81.78962303,
              21.60431995
            ],
            [
              81.78966055,
              21.60474758
            ],
            [
              81.78995293,
              21.60472299
            ]
          ]
        ]
      },
      "geometry_name": "geom",
      "properties": {
        "gid": 158,
        "objectid": 3102,
        "district": "Baloda Bazar - Bhatapara",
        "plot_type": "Industrial  Purpose",
        "total_area": 1500,
        "reservatio": null,
        "plot_munci": "NO",
        "corner_plo": "YES",
        "premium_ba": 1800000,
        "addi_premi": 180000,
        "total_prem": 1980000,
        "label": "B",
        "tot_premiu": 1980000,
        "location": "Kesda",
        "remark": null,
        "sector_inf": "BLOCK - B",
        "industrial": "BALODA BAZAR - BHATAPARA",
        "district_i": "BALODA BAZAR - BHATAPARA",
        "plotno_inf": "17",
        "uniqueplot": "17",
        "plotactiva": null,
        "plotupdate": null,
        "plot_yesno": "YES",
        "category_i": "INDUSTRIAL PLOT-ALLOTED",
        "quest": null,
        "status_inf": "AVAILABLE",
        "applied_ti": null,
        "alloted_ti": null,
        "allotmentr": null,
        "industri_1": "INDUSTRIAL AREA KESDA_BLOCK - B",
        "industri_2": "INDUSTRIAL AREA KESDA",
        "gis_tid": null,
        "st_area_sh": 1.25955554e-07,
        "st_length_": 0.00144537864717,
        "uidv1": "IA-607",
        "status_from_csidc": "AVAILABLE",
        "uid": "IA-607"
      }
    },
    {
      "type": "Feature",
      "id": "csidc_industrial_area_with_plots.fid-23377b7a_19c5672bde0_707c",
      "geometry": {
        "type": "Polygon",
        "coordinates": [
          [
            [
              81.3584087,
              18.91343115
            ],
            [
              81.35835017,
              18.9134271
            ],
            [
              81.35834581,
              18.91354373
            ],
            [
              81.35840434,
              18.91354778
            ],
            [
              81.3584087,
              18.91343115
            ]
          ]
        ]
      },
      "geometry_name": "geom",
      "properties": {
        "gid": 159,
        "objectid": 1803,
        "district": "Dantewada",
        "plot_type": "INDUSTRIAL PURPOSE",
        "total_area": 0.0,
        "reservatio": null,
        "plot_munci": null,
        "corner_plo": null,
        "premium_ba": 0.0,
        "addi_premi": 0.0,
        "total_prem": 0.0,
        "label": null,
        "tot_premiu": 0.0,
        "location": "Tekanar",
        "remark": null,
        "sector_inf": "Other",
        "industrial": "TEKNAR",
        "district_i": "Dantewada",
        "plotno_inf": "17 A",
        "uniqueplot": null,
        "plotactiva": "2018-01-31Z",
        "plotupdate": null,
        "plot_yesno": "YES",
        "category_i": "INDUSTRIAL PLOT-ALLOTED",
        "quest": null,
        "status_inf": "UNAVAILABLE",
        "applied_ti": null,
        "alloted_ti": null,
        "allotmentr": null,
        "industri_1": null,
        "industri_2": null,
        "gis_tid": null,
        "st_area_sh": 6.843884e-09,
        "st_length_": 0.000350758274852,
        "uidv1": "IA-611",
        "status_from_csidc": null,
        "uid": "IA-611"
      }
    },
    {
      "type": "Feature",
      "id": "csidc_industrial_area_with_plots.fid-23377b7a_19c5672bde0_707d",
      "geometry": {
        "type": "Polygon",
        "coordinates": [
          [
            [
              81.79030085,
              21.60533128
            ],
            [
              81.79028209,
              21.60511747
            ],
            [
              81.7899897,
              21.60514206
            ],
            [
              81.79000846,
              21.60535587
            ],
            [
              81.79030085,
              21.60533128
            ]
          ]
        ]
      },
      "geometry_name": "geom",
      "properties": {
        "gid": 160,
        "objectid": 3113,
        "district": "Baloda Bazar - Bhatapara",
        "plot_type": "Industrial  Purpose",
        "total_area": 750,
        "reservatio": null,
        "plot_munci": "NO",
        "corner_plo": "NO",
        "premium_ba": 900000,
        "addi_premi": 0.0,
        "total_prem": 900000,
        "label": "E",
        "tot_premiu": 900000,
        "location": "Kesda",
        "remark": null,
        "sector_inf": "BLOCK - E",
        "industrial": "BALODA BAZAR - BHATAPARA",
        "district_i": "BALODA BAZAR - BHATAPARA",
        "plotno_inf": "2",
        "uniqueplot": "2",
        "plotactiva": null,
        "plotupdate": null,
        "plot_yesno": "YES",
        "category_i": "INDUSTRIAL PLOT-ALLOTED",
        "quest": null,
        "status_inf": "AVAILABLE",
        "applied_ti": null,
        "alloted_ti": null,
        "allotmentr": null,
        "industri_1": "INDUSTRIAL AREA KESDA_BLOCK - E",
        "industri_2": "INDUSTRIAL AREA KESDA",
        "gis_tid": null,
        "st_area_sh": 6.2978205e-08,
        "st_length_": 0.00101611430278,
        "uidv1": "IA-720",
        "status_from_csidc": "AVAILABLE",
        "uid": "IA-720"
      }
    },
    {
      "type": "Feature",
      "id": "csidc_industrial_area_with_plots.fid-23377b7a_19c5672bde0_707e",
      "geometry": {
        "type": "Polygon",
        "coordinates": [
          [
            [
              81.05233924,
              21.22540593
            ],
            [
              81.05154218,
              21.22523033
            ],
            [
              81.05148966,
              21.22548652
            ],
            [
              81.05157307,
              21.22550513
            ],
            [
              81.05180779,
              21.22555752
            ],
            [
              81.05203954,
              21.22560924
            ],
            [
              81.05228775,
              21.22566464
            ],
            [
              81.05233924,
              21.22540593
            ]
          ]
        ]
      },
      "geometry_name": "geom",
      "properties": {
        "gid": 161,
        "objectid": 2863,
        "district": "Rajnandgaon",
        "plot_type": "Industrial  Purpose",
        "total_area": 2125,
        "reservatio": null,
        "plot_munci": "NO",
        "corner_plo": null,
        "premium_ba": 850000,
        "addi_premi": 0.0,
        "total_prem": 850000,
        "label": "E",
        "tot_premiu": 850000,
        "location": "Mahroomkhurd",
        "remark": null,
        "sector_inf": "BLOCK - E",
        "industrial": "RAJNANDGAON",
        "district_i": "RAJNANDGAON",
        "plotno_inf": "14",
        "uniqueplot": "14",
        "plotactiva": null,
        "plotupdate": null,
        "plot_yesno": "YES",
        "category_i": "INDUSTRIAL PLOT-ALLOTED",
        "quest": null,
        "status_inf": "AVAILABLE",
        "applied_ti": null,
        "alloted_ti": null,
        "allotmentr": null,
        "industri_1": "INDUSTRIAL AREA MAHROOMKHURD_BLOCK - E",
        "industri_2": "INDUSTRIAL AREA MAHROOMKHURD",
        "gis_tid": null,
        "st_area_sh": 2.14531475e-07,
        "st_length_": 0.00215919550756,
        "uidv1": "IA-461",
        "status_from_csidc": "AVAILABLE",
        "uid": "IA-461"
      }
    },
    {
      "type": "Feature",
      "id": "csidc_industrial_area_with_plots.fid-23377b7a_19c5672bde0_707f",
      "geometry": {
        "type": "Polygon",
        "coordinates": [
          [
            [
              81.35836097,
              18.9131384
            ],
            [
              81.35830244,
              18.91313435
            ],
            [
              81.35829808,
              18.91325097
            ],
            [
              81.35835661,
              18.91325503
            ],
            [
              81.35836097,
              18.9131384
            ]
          ]
        ]
      },
      "geometry_name": "geom",
      "properties": {
        "gid": 162,
        "objectid": 1776,
        "district": "Dantewada",
        "plot_type": "INDUSTRIAL PURPOSE",
        "total_area": 0.0,
        "reservatio": null,
        "plot_munci": null,
        "corner_plo": null,
        "premium_ba": 0.0,
        "addi_premi": 0.0,
        "total_prem": 0.0,
        "label": null,
        "tot_premiu": 0.0,
        "location": "Tekanar",
        "remark": null,
        "sector_inf": "Other",
        "industrial": "TEKNAR",
        "district_i": "Dantewada",
        "plotno_inf": "20 B",
        "uniqueplot": null,
        "plotactiva": "2018-01-31Z",
        "plotupdate": null,
        "plot_yesno": "YES",
        "category_i": "INDUSTRIAL PLOT-ALLOTED",
        "quest": null,
        "status_inf": "UNAVAILABLE",
        "applied_ti": null,
        "alloted_ti": null,
        "allotmentr": null,
        "industri_1": null,
        "industri_2": null,
        "gis_tid": null,
        "st_area_sh": 6.843968e-09,
        "st_length_": 0.000350760165332,
        "uidv1": "IA-819",
        "status_from_csidc": null,
        "uid": "IA-819"
      }
    },
    {
      "type": "Feature",
      "id": "csidc_industrial_area_with_plots.fid-23377b7a_19c5672bde0_7080",
      "geometry": {
        "type": "Polygon",
        "coordinates": [
          [
            [
              81.04796022,
              21.22555013
            ],
            [
              81.04781414,
              21.22552234
            ],
            [
              81.04775746,
              21.22611778
            ],
            [
              81.04790061,
              21.22614621
            ],
            [
              81.04796022,
              21.22555013
            ]
          ]
        ]
      },
      "geometry_name": "geom",
      "properties": {
        "gid": 163,
        "objectid": 2834,
        "district": "Rajnandgaon",
        "plot_type": "Industrial  Purpose",
        "total_area": 900,
        "reservatio": null,
        "plot_munci": "NO",
        "corner_plo": "YES",
        "premium_ba": 360000,
        "addi_premi": 36000,
        "total_prem": 396000,
        "label": "G",
        "tot_premiu": 396000,
        "location": "Mahroomkhurd",
        "remark": null,
        "sector_inf": "BLOCK - G",
        "industrial": "RAJNANDGAON",
        "district_i": "RAJNANDGAON",
        "plotno_inf": "2",
        "uniqueplot": "2",
        "plotactiva": null,
        "plotupdate": null,
        "plot_yesno": "YES",
        "category_i": "INDUSTRIAL PLOT-ALLOTED",
        "quest": null,
        "status_inf": "AVAILABLE",
        "applied_ti": null,
        "alloted_ti": null,
        "allotmentr": null,
        "industri_1": "INDUSTRIAL AREA MAHROOMKHURD_BLOCK - G",
        "industri_2": "INDUSTRIAL AREA MAHROOMKHURD",
        "gis_tid": null,
        "st_area_sh": 8.7787556e-08,
        "st_length_": 0.00149181829002,
        "uidv1": "IA-793",
        "status_from_csidc": "AVAILABLE",
        "uid": "IA-793"
      }
    },
    {
      "type": "Feature",
      "id": "csidc_industrial_area_with_plots.fid-23377b7a_19c5672bde0_7081",
      "geometry": {
        "type": "Polygon",
        "coordinates": [
          [
            [
              81.75193423,
              21.16881478
            ],
            [
              81.75125327,
              21.16843579
            ],
            [
              81.75056568,
              21.16951165
            ],
            [
              81.75124664,
              21.16989065
            ],
            [
              81.75193423,
              21.16881478
            ]
          ]
        ]
      },
      "geometry_name": "geom",
      "properties": {
        "gid": 164,
        "objectid": 0,
        "district": "RAIPUR",
        "plot_type": "INDUSTRIAL PURPOSE",
        "total_area": 11234,
        "reservatio": null,
        "plot_munci": null,
        "corner_plo": "YES",
        "premium_ba": 25000000,
        "addi_premi": 2500000,
        "total_prem": 27500000,
        "label": null,
        "tot_premiu": 0.0,
        "location": "Sector-22 Nava Raipur Atal Nagar",
        "remark": null,
        "sector_inf": null,
        "industrial": "PHARMACEUTICAL PARK",
        "district_i": "RAIPUR",
        "plotno_inf": "21",
        "uniqueplot": "21",
        "plotactiva": null,
        "plotupdate": null,
        "plot_yesno": "YES",
        "category_i": "INDUSTRIAL PLOT-ALLOTED",
        "quest": null,
        "status_inf": "AVAILABLE",
        "applied_ti": null,
        "alloted_ti": null,
        "allotmentr": null,
        "industri_1": "PHARMACEUTICAL PARK",
        "industri_2": "PHARMACEUTICAL PARK",
        "gis_tid": null,
        "st_area_sh": 0.0,
        "st_length_": 0.0,
        "uidv1": "IA-860",
        "status_from_csidc": "AVAILABLE",
        "uid": "IA-860"
      }
    },
    {
      "type": "Feature",
      "id": "csidc_industrial_area_with_plots.fid-23377b7a_19c5672bde0_7082",
      "geometry": {
        "type": "Polygon",
        "coordinates": [
          [
            [
              82.5918339,
              23.06436565
            ],
            [
              82.59171052,
              23.06436728
            ],
            [
              82.5916593,
              23.06465006
            ],
            [
              82.59185901,
              23.0646369
            ],
            [
              82.5918339,
              23.06436565
            ]
          ]
        ]
      },
      "geometry_name": "geom",
      "properties": {
        "gid": 165,
        "objectid": 3207,
        "district": "Surajpur",
        "plot_type": "Industrial  Purpose",
        "total_area": 465,
        "reservatio": null,
        "plot_munci": "NO",
        "corner_plo": "NO",
        "premium_ba": 223200,
        "addi_premi": 0.0,
        "total_prem": 223200,
        "label": "D",
        "tot_premiu": 223200,
        "location": "Barbaspur",
        "remark": null,
        "sector_inf": "BLOCK - D",
        "industrial": "SURAJPUR",
        "district_i": "SURAJPUR",
        "plotno_inf": "21",
        "uniqueplot": "21",
        "plotactiva": null,
        "plotupdate": null,
        "plot_yesno": "YES",
        "category_i": "INDUSTRIAL PLOT-ALLOTED",
        "quest": null,
        "status_inf": "AVAILABLE",
        "applied_ti": null,
        "alloted_ti": null,
        "allotmentr": null,
        "industri_1": "INDUSTRIAL AREA BARBASPUR_BLOCK - D",
        "industri_2": "INDUSTRIAL AREA BARBASPUR",
        "gis_tid": null,
        "st_area_sh": 4.4653456e-08,
        "st_length_": 0.00088332296728,
        "uidv1": "IA-864",
        "status_from_csidc": "AVAILABLE",
        "uid": "IA-864"
      }
    },
    {
      "type": "Feature",
      "id": "csidc_industrial_area_with_plots.fid-23377b7a_19c5672bde0_7083",
      "geometry": {
        "type": "Polygon",
        "coordinates": [
          [
            [
              81.43818388,
              20.38827137
            ],
            [
              81.43778954,
              20.38826804
            ],
            [
              81.43778947,
              20.38849505
            ],
            [
              81.43818381,
              20.38849838
            ],
            [
              81.43818388,
              20.38827137
            ]
          ]
        ]
      },
      "geometry_name": "geom",
      "properties": {
        "gid": 166,
        "objectid": 1554,
        "district": "KANKER",
        "plot_type": "INDUSTRIAL PLOT",
        "total_area": 850,
        "reservatio": "YES",
        "plot_munci": "NO",
        "corner_plo": "YES",
        "premium_ba": 340000,
        "addi_premi": 34000,
        "total_prem": 374000,
        "label": "D",
        "tot_premiu": 374000,
        "location": "LAKHANPURI",
        "remark": null,
        "sector_inf": "BLOCK-D",
        "industrial": "LAKHANPURI",
        "district_i": "KANKER",
        "plotno_inf": "26",
        "uniqueplot": null,
        "plotactiva": "2018-01-31Z",
        "plotupdate": null,
        "plot_yesno": "YES",
        "category_i": "INDUSTRIAL PLOT-ALLOTED",
        "quest": null,
        "status_inf": "AVAILABLE",
        "applied_ti": null,
        "alloted_ti": null,
        "allotmentr": null,
        "industri_1": null,
        "industri_2": null,
        "gis_tid": null,
        "st_area_sh": 8.9520403e-08,
        "st_length_": 0.00124273818216,
        "uidv1": "IA-959",
        "status_from_csidc": "AVAILABLE",
        "uid": "IA-959"
      }
    },
    {
      "type": "Feature",
      "id": "csidc_industrial_area_with_plots.fid-23377b7a_19c5672bde0_7084",
      "geometry": {
        "type": "Polygon",
        "coordinates": [
          [
            [
              81.75261519,
              21.16919377
            ],
            [
              81.75193423,
              21.16881478
            ],
            [
              81.75124664,
              21.16989065
            ],
            [
              81.7519276,
              21.17026964
            ],
            [
              81.75261519,
              21.16919377
            ]
          ]
        ]
      },
      "geometry_name": "geom",
      "properties": {
        "gid": 167,
        "objectid": 0,
        "district": "RAIPUR",
        "plot_type": "INDUSTRIAL PURPOSE",
        "total_area": 11234,
        "reservatio": null,
        "plot_munci": null,
        "corner_plo": "YES",
        "premium_ba": 25000000,
        "addi_premi": 2500000,
        "total_prem": 27500000,
        "label": null,
        "tot_premiu": 0.0,
        "location": "Sector-22 Nava Raipur Atal Nagar",
        "remark": null,
        "sector_inf": null,
        "industrial": "PHARMACEUTICAL PARK",
        "district_i": "RAIPUR",
        "plotno_inf": "22",
        "uniqueplot": "22",
        "plotactiva": null,
        "plotupdate": null,
        "plot_yesno": "YES",
        "category_i": "INDUSTRIAL PLOT-ALLOTED",
        "quest": null,
        "status_inf": "AVAILABLE",
        "applied_ti": null,
        "alloted_ti": null,
        "allotmentr": null,
        "industri_1": "PHARMACEUTICAL PARK",
        "industri_2": "PHARMACEUTICAL PARK",
        "gis_tid": null,
        "st_area_sh": 0.0,
        "st_length_": 0.0,
        "uidv1": "IA-879",
        "status_from_csidc": "AVAILABLE",
        "uid": "IA-879"
      }
    },
    {
      "type": "Feature",
      "id": "csidc_industrial_area_with_plots.fid-23377b7a_19c5672bde0_7085",
      "geometry": {
        "type": "Polygon",
        "coordinates": [
          [
            [
              81.79502548,
              21.21012778
            ],
            [
              81.79490547,
              21.20979536
            ],
            [
              81.79450245,
              21.20992986
            ],
            [
              81.79462246,
              21.21026228
            ],
            [
              81.79502548,
              21.21012778
            ]
          ]
        ]
      },
      "geometry_name": "geom",
      "properties": {
        "gid": 168,
        "objectid": 0,
        "district": "RAIPUR",
        "plot_type": "INDUSTRIAL PURPOSE",
        "total_area": 1470,
        "reservatio": null,
        "plot_munci": null,
        "corner_plo": "YES",
        "premium_ba": 25000000,
        "addi_premi": 2500000,
        "total_prem": 27500000,
        "label": null,
        "tot_premiu": 0.0,
        "location": "Sector-5 Nava Raipur Atal Nagar",
        "remark": null,
        "sector_inf": null,
        "industrial": "READYMADE GARMENTS PARK",
        "district_i": "RAIPUR",
        "plotno_inf": "22",
        "uniqueplot": "22",
        "plotactiva": null,
        "plotupdate": null,
        "plot_yesno": "YES",
        "category_i": "INDUSTRIAL PLOT-ALLOTED",
        "quest": null,
        "status_inf": "AVAILABLE",
        "applied_ti": null,
        "alloted_ti": null,
        "allotmentr": null,
        "industri_1": "READYMADE GARMENTS PARK",
        "industri_2": "READYMADE GARMENTS PARK",
        "gis_tid": null,
        "st_area_sh": 0.0,
        "st_length_": 0.0,
        "uidv1": "IA-880",
        "status_from_csidc": "AVAILABLE",
        "uid": "IA-880"
      }
    },
    {
      "type": "Feature",
      "id": "csidc_industrial_area_with_plots.fid-23377b7a_19c5672bde0_7086",
      "geometry": {
        "type": "Polygon",
        "coordinates": [
          [
            [
              81.93136053,
              21.92784948
            ],
            [
              81.93123782,
              21.92765518
            ],
            [
              81.93103305,
              21.92777151
            ],
            [
              81.9311497,
              21.92796479
            ],
            [
              81.93136053,
              21.92784948
            ]
          ]
        ]
      },
      "geometry_name": "geom",
      "properties": {
        "gid": 169,
        "objectid": 3201,
        "district": "Mungeli",
        "plot_type": "Industrial  Purpose",
        "total_area": 612.5,
        "reservatio": null,
        "plot_munci": "NO",
        "corner_plo": "YES",
        "premium_ba": 245000,
        "addi_premi": 24500,
        "total_prem": 269500,
        "label": "D",
        "tot_premiu": 269500,
        "location": "Hathkera-Bidbida",
        "remark": null,
        "sector_inf": "BLOCK - D",
        "industrial": "MUNGELI",
        "district_i": "MUNGELI",
        "plotno_inf": "21",
        "uniqueplot": "21",
        "plotactiva": null,
        "plotupdate": null,
        "plot_yesno": "YES",
        "category_i": "INDUSTRIAL PLOT-ALLOTED",
        "quest": null,
        "status_inf": "AVAILABLE",
        "applied_ti": null,
        "alloted_ti": null,
        "allotmentr": null,
        "industri_1": "INDUSTRIAL AREA HATHKERA-BIDBIDA_BLOCK - D",
        "industri_2": "INDUSTRIAL AREA HATHKERA-BIDBIDA",
        "gis_tid": null,
        "st_area_sh": 5.4129047e-08,
        "st_length_": 0.000931351466997,
        "uidv1": "IA-867",
        "status_from_csidc": "AVAILABLE",
        "uid": "IA-867"
      }
    },
    {
      "type": "Feature",
      "id": "csidc_industrial_area_with_plots.fid-23377b7a_19c5672bde0_7087",
      "geometry": {
        "type": "Polygon",
        "coordinates": [
          [
            [
              83.17561469,
              23.1043157
            ],
            [
              83.17537279,
              23.10415789
            ],
            [
              83.17521666,
              23.10436446
            ],
            [
              83.17521497,
              23.10436719
            ],
            [
              83.17521444,
              23.10436853
            ],
            [
              83.17521381,
              23.10437014
            ],
            [
              83.17521364,
              23.10437109
            ],
            [
              83.17521324,
              23.10437325
            ],
            [
              83.17521326,
              23.10437641
            ],
            [
              83.17521331,
              23.10437666
            ],
            [
              83.17521353,
              23.1043778
            ],
            [
              83.17521356,
              23.10437794
            ],
            [
              83.1752136,
              23.10437813
            ],
            [
              83.17521387,
              23.10437952
            ],
            [
              83.17521506,
              23.1043825
            ],
            [
              83.17521679,
              23.10438525
            ],
            [
              83.175219,
              23.10438769
            ],
            [
              83.17522163,
              23.10438974
            ],
            [
              83.17544741,
              23.10453704
            ],
            [
              83.17561469,
              23.1043157
            ]
          ]
        ]
      },
      "geometry_name": "geom",
      "properties": {
        "gid": 170,
        "objectid": 1404,
        "district": "SURGUJA",
        "plot_type": "Industrial  Purpose",
        "total_area": 900,
        "reservatio": "RESERVED",
        "plot_munci": "NO",
        "corner_plo": "YES",
        "premium_ba": 0.0,
        "addi_premi": 36000,
        "total_prem": 396000,
        "label": null,
        "tot_premiu": 360000,
        "location": null,
        "remark": null,
        "sector_inf": "BLOCK B",
        "industrial": "GANGAPUR KHURD",
        "district_i": "SURGUJA",
        "plotno_inf": "10",
        "uniqueplot": "10",
        "plotactiva": "2018-01-31Z",
        "plotupdate": null,
        "plot_yesno": "YES",
        "category_i": "INDUSTRIAL PLOT-ALLOTED",
        "quest": "OK",
        "status_inf": "ALLOTTED",
        "applied_ti": null,
        "alloted_ti": null,
        "allotmentr": null,
        "industri_1": "GANGAPUR KHURD__BLOCK B",
        "industri_2": "GANGAPUR KHURD AMBIKAPUR",
        "gis_tid": null,
        "st_area_sh": 7.9863633e-08,
        "st_length_": 0.0011237393388,
        "uidv1": "IA-159",
        "status_from_csidc": "ALLOTTED",
        "uid": "IA-159"
      }
    },
    {
      "type": "Feature",
      "id": "csidc_industrial_area_with_plots.fid-23377b7a_19c5672bde0_7088",
      "geometry": {
        "type": "Polygon",
        "coordinates": [
          [
            [
              81.78812351,
              21.60334326
            ],
            [
              81.78810851,
              21.60317221
            ],
            [
              81.78766993,
              21.60320909
            ],
            [
              81.78768493,
              21.60338014
            ],
            [
              81.78812351,
              21.60334326
            ]
          ]
        ]
      },
      "geometry_name": "geom",
      "properties": {
        "gid": 171,
        "objectid": 3061,
        "district": "Baloda Bazar - Bhatapara",
        "plot_type": "Industrial  Purpose",
        "total_area": 900,
        "reservatio": null,
        "plot_munci": "NO",
        "corner_plo": "NO",
        "premium_ba": 1080000,
        "addi_premi": 0.0,
        "total_prem": 1080000,
        "label": "C",
        "tot_premiu": 1080000,
        "location": "Kesda",
        "remark": null,
        "sector_inf": "BLOCK - C",
        "industrial": "BALODA BAZAR - BHATAPARA",
        "district_i": "BALODA BAZAR - BHATAPARA",
        "plotno_inf": "21",
        "uniqueplot": "21",
        "plotactiva": null,
        "plotupdate": null,
        "plot_yesno": "YES",
        "category_i": "INDUSTRIAL PLOT-ALLOTED",
        "quest": null,
        "status_inf": "AVAILABLE",
        "applied_ti": null,
        "alloted_ti": null,
        "allotmentr": null,
        "industri_1": "INDUSTRIAL AREA KESDA_BLOCK - C",
        "industri_2": "INDUSTRIAL AREA KESDA",
        "gis_tid": null,
        "st_area_sh": 7.5572787e-08,
        "st_length_": 0.00122367150851,
        "uidv1": "IA-868",
        "status_from_csidc": "AVAILABLE",
        "uid": "IA-868"
      }
    },
    {
      "type": "Feature",
      "id": "csidc_industrial_area_with_plots.fid-23377b7a_19c5672bde0_7089",
      "geometry": {
        "type": "Polygon",
        "coordinates": [
          [
            [
              81.84635507,
              21.57252746
            ],
            [
              81.84635286,
              21.57230162
            ],
            [
              81.84596655,
              21.57230492
            ],
            [
              81.84596876,
              21.57253077
            ],
            [
              81.84635507,
              21.57252746
            ]
          ]
        ]
      },
      "geometry_name": "geom",
      "properties": {
        "gid": 172,
        "objectid": 3032,
        "district": "Raipur",
        "plot_type": "Industrial  Purpose",
        "total_area": 1000,
        "reservatio": null,
        "plot_munci": "NO",
        "corner_plo": "YES",
        "premium_ba": 1200000,
        "addi_premi": 120000,
        "total_prem": 1320000,
        "label": null,
        "tot_premiu": 1320000,
        "location": "Khapri Khurd",
        "remark": null,
        "sector_inf": "BLOCK -",
        "industrial": "RAIPUR",
        "district_i": "RAIPUR",
        "plotno_inf": "21",
        "uniqueplot": "21",
        "plotactiva": null,
        "plotupdate": null,
        "plot_yesno": "YES",
        "category_i": "INDUSTRIAL PLOT-ALLOTED",
        "quest": null,
        "status_inf": "AVAILABLE",
        "applied_ti": null,
        "alloted_ti": null,
        "allotmentr": null,
        "industri_1": "INDUSTRIAL AREA KHAPRI KHURD_BLOCK -",
        "industri_2": "INDUSTRIAL AREA KHAPRI KHURD",
        "gis_tid": null,
        "st_area_sh": 8.7255188e-08,
        "st_length_": 0.00122437496073,
        "uidv1": "IA-869",
        "status_from_csidc": "AVAILABLE",
        "uid": "IA-869"
      }
    },
    {
      "type": "Feature",
      "id": "csidc_industrial_area_with_plots.fid-23377b7a_19c5672bde0_708a",
      "geometry": {
        "type": "Polygon",
        "coordinates": [
          [
            [
              81.35725376,
              18.91362071
            ],
            [
              81.35726073,
              18.91361963
            ],
            [
              81.35728923,
              18.91294726
            ],
            [
              81.35712632,
              18.91293598
            ],
            [
              81.35700136,
              18.91292776
            ],
            [
              81.35697256,
              18.91360709
            ],
            [
              81.35723723,
              18.91362878
            ],
            [
              81.35725376,
              18.91362071
            ]
          ]
        ]
      },
      "geometry_name": "geom",
      "properties": {
        "gid": 173,
        "objectid": 1802,
        "district": "Dantewada",
        "plot_type": "INDUSTRIAL PURPOSE",
        "total_area": 0.0,
        "reservatio": "YES",
        "plot_munci": "NO",
        "corner_plo": "NO",
        "premium_ba": 509220,
        "addi_premi": 0.0,
        "total_prem": 509220,
        "label": null,
        "tot_premiu": 509220,
        "location": "Tekanar",
        "remark": null,
        "sector_inf": "Other",
        "industrial": "TEKNAR",
        "district_i": "Dantewada",
        "plotno_inf": "14",
        "uniqueplot": null,
        "plotactiva": "2018-01-31Z",
        "plotupdate": null,
        "plot_yesno": "YES",
        "category_i": "INDUSTRIAL PLOT-ALLOTED",
        "quest": null,
        "status_inf": "AVAILABLE",
        "applied_ti": null,
        "alloted_ti": null,
        "allotmentr": null,
        "industri_1": null,
        "industri_2": null,
        "gis_tid": null,
        "st_area_sh": 1.96599471e-07,
        "st_length_": 0.00193244653017,
        "uidv1": "IA-459",
        "status_from_csidc": "AVAILABLE",
        "uid": "IA-459"
      }
    },
    {
      "type": "Feature",
      "id": "csidc_industrial_area_with_plots.fid-23377b7a_19c5672bde0_708b",
      "geometry": {
        "type": "Polygon",
        "coordinates": [
          [
            [
              81.83773545,
              22.07855234
            ],
            [
              81.83754303,
              22.07857422
            ],
            [
              81.83757824,
              22.07884323
            ],
            [
              81.83777066,
              22.07882135
            ],
            [
              81.83773545,
              22.07855234
            ]
          ]
        ]
      },
      "geometry_name": "geom",
      "properties": {
        "gid": 174,
        "objectid": 1946,
        "district": "MUNGELI",
        "plot_type": "INDUSTRIAL PLOT",
        "total_area": 600,
        "reservatio": "UNRESERVED",
        "plot_munci": "NO",
        "corner_plo": "NO",
        "premium_ba": 168000,
        "addi_premi": 0.0,
        "total_prem": 168000,
        "label": "B",
        "tot_premiu": 0.0,
        "location": "KHAMARIA",
        "remark": null,
        "sector_inf": "Block-B",
        "industrial": "KHAMARIA INDUSTRIAL AREA",
        "district_i": "MUNGELI",
        "plotno_inf": "46",
        "uniqueplot": "46",
        "plotactiva": "2023-07-31Z",
        "plotupdate": null,
        "plot_yesno": "YES",
        "category_i": "INDUSTRIAL PLOT-ALLOTED",
        "quest": "OK",
        "status_inf": "UNAVAILABLE",
        "applied_ti": null,
        "alloted_ti": null,
        "allotmentr": null,
        "industri_1": "KHAMARIA INDUSTRIAL AREA_Block-B",
        "industri_2": "KHAMARIA INDUSTRIAL AREA",
        "gis_tid": null,
        "st_area_sh": 5.2534931e-08,
        "st_length_": 0.00092994412781,
        "uidv1": "IA-1375",
        "status_from_csidc": null,
        "uid": "IA-1375"
      }
    },
    {
      "type": "Feature",
      "id": "csidc_industrial_area_with_plots.fid-23377b7a_19c5672bde0_708c",
      "geometry": {
        "type": "Polygon",
        "coordinates": [
          [
            [
              82.90984765,
              22.97994231
            ],
            [
              82.90984304,
              22.9797614
            ],
            [
              82.90969509,
              22.97976087
            ],
            [
              82.90969878,
              22.9799056
            ],
            [
              82.90969954,
              22.97991188
            ],
            [
              82.90970147,
              22.97991798
            ],
            [
              82.90970453,
              22.97992371
            ],
            [
              82.9097086,
              22.97992889
            ],
            [
              82.90971358,
              22.97993336
            ],
            [
              82.9097193,
              22.979937
            ],
            [
              82.90972561,
              22.97993969
            ],
            [
              82.90973229,
              22.97994135
            ],
            [
              82.90973916,
              22.97994192
            ],
            [
              82.90984765,
              22.97994231
            ]
          ]
        ]
      },
      "geometry_name": "geom",
      "properties": {
        "gid": 175,
        "objectid": 2925,
        "district": "Sarguja",
        "plot_type": "Industrial  Purpose",
        "total_area": 300,
        "reservatio": null,
        "plot_munci": "NO",
        "corner_plo": "YES",
        "premium_ba": 144000,
        "addi_premi": 14400,
        "total_prem": 158400,
        "label": "D",
        "tot_premiu": 158400,
        "location": "Rikhi",
        "remark": null,
        "sector_inf": "BLOCK - D",
        "industrial": "SARGUJA",
        "district_i": "SARGUJA",
        "plotno_inf": "06",
        "uniqueplot": "06",
        "plotactiva": null,
        "plotupdate": null,
        "plot_yesno": "YES",
        "category_i": "INDUSTRIAL PLOT-ALLOTED",
        "quest": null,
        "status_inf": "AVAILABLE",
        "applied_ti": null,
        "alloted_ti": null,
        "allotmentr": null,
        "industri_1": "INDUSTRIAL AREA RIKHI_BLOCK - D",
        "industri_2": "INDUSTRIAL AREA RIKHI",
        "gis_tid": null,
        "st_area_sh": 2.6452049e-08,
        "st_length_": 0.000642115719496,
        "uidv1": "IA-29",
        "status_from_csidc": "AVAILABLE",
        "uid": "IA-29"
      }
    },
    {
      "type": "Feature",
      "id": "csidc_industrial_area_with_plots.fid-23377b7a_19c5672bde0_708d",
      "geometry": {
        "type": "Polygon",
        "coordinates": [
          [
            [
              81.84855328,
              21.57212026
            ],
            [
              81.84854974,
              21.57175891
            ],
            [
              81.84830829,
              21.57176097
            ],
            [
              81.84831183,
              21.57212232
            ],
            [
              81.84855328,
              21.57212026
            ]
          ]
        ]
      },
      "geometry_name": "geom",
      "properties": {
        "gid": 176,
        "objectid": 3018,
        "district": "Raipur",
        "plot_type": "Industrial  Purpose",
        "total_area": 1000,
        "reservatio": null,
        "plot_munci": "NO",
        "corner_plo": "NO",
        "premium_ba": 1200000,
        "addi_premi": 0.0,
        "total_prem": 1200000,
        "label": null,
        "tot_premiu": 1200000,
        "location": "Khapri Khurd",
        "remark": null,
        "sector_inf": "BLOCK -",
        "industrial": "RAIPUR",
        "district_i": "RAIPUR",
        "plotno_inf": "05",
        "uniqueplot": "05",
        "plotactiva": null,
        "plotupdate": null,
        "plot_yesno": "YES",
        "category_i": "INDUSTRIAL PLOT-ALLOTED",
        "quest": null,
        "status_inf": "AVAILABLE",
        "applied_ti": null,
        "alloted_ti": null,
        "allotmentr": null,
        "industri_1": "INDUSTRIAL AREA KHAPRI KHURD_BLOCK -",
        "industri_2": "INDUSTRIAL AREA KHAPRI KHURD",
        "gis_tid": null,
        "st_area_sh": 8.7255199e-08,
        "st_length_": 0.00120565332027,
        "uidv1": "IA-25",
        "status_from_csidc": "AVAILABLE",
        "uid": "IA-25"
      }
    },
    {
      "type": "Feature",
      "id": "csidc_industrial_area_with_plots.fid-23377b7a_19c5672bde0_708e",
      "geometry": {
        "type": "Polygon",
        "coordinates": [
          [
            [
              83.85472963,
              22.5186238
            ],
            [
              83.85480905,
              22.5182461
            ],
            [
              83.85463004,
              22.51821453
            ],
            [
              83.85454744,
              22.51860734
            ],
            [
              83.85471729,
              22.51862712
            ],
            [
              83.85472963,
              22.5186238
            ]
          ]
        ]
      },
      "geometry_name": "geom",
      "properties": {
        "gid": 177,
        "objectid": 0,
        "district": "JASPUR",
        "plot_type": "INDUSTRIAL PURPOSE",
        "total_area": 0.0,
        "reservatio": null,
        "plot_munci": "0",
        "corner_plo": "0",
        "premium_ba": 0.0,
        "addi_premi": 0.0,
        "total_prem": 0.0,
        "label": null,
        "tot_premiu": 0.0,
        "location": "Farshabahar Jaspur",
        "remark": null,
        "sector_inf": null,
        "industrial": "Farshabahar Industrial Area and Food Park",
        "district_i": "JASPUR",
        "plotno_inf": "31",
        "uniqueplot": "31",
        "plotactiva": null,
        "plotupdate": null,
        "plot_yesno": "YES",
        "category_i": "INDUSTRIAL PLOT - AVAILABLE",
        "quest": null,
        "status_inf": "AVAILABLE",
        "applied_ti": null,
        "alloted_ti": null,
        "allotmentr": null,
        "industri_1": "Food Park Farshabahar",
        "industri_2": "Food Park Farshabahar",
        "gis_tid": null,
        "st_area_sh": 0.0,
        "st_length_": 0.0,
        "uidv1": "IA-2235",
        "status_from_csidc": "AVAILABLE",
        "uid": "IA-2235"
      }
    },
    {
      "type": "Feature",
      "id": "csidc_industrial_area_with_plots.fid-23377b7a_19c5672bde0_708f",
      "geometry": {
        "type": "Polygon",
        "coordinates": [
          [
            [
              83.85445103,
              22.51818297
            ],
            [
              83.85427203,
              22.5181514
            ],
            [
              83.85419632,
              22.51851139
            ],
            [
              83.85436828,
              22.51857648
            ],
            [
              83.85445103,
              22.51818297
            ]
          ]
        ]
      },
      "geometry_name": "geom",
      "properties": {
        "gid": 178,
        "objectid": 0,
        "district": "JASPUR",
        "plot_type": "INDUSTRIAL PURPOSE",
        "total_area": 0.0,
        "reservatio": null,
        "plot_munci": "0",
        "corner_plo": "0",
        "premium_ba": 0.0,
        "addi_premi": 0.0,
        "total_prem": 0.0,
        "label": null,
        "tot_premiu": 0.0,
        "location": "Farshabahar Jaspur",
        "remark": null,
        "sector_inf": null,
        "industrial": "Farshabahar Industrial Area and Food Park",
        "district_i": "JASPUR",
        "plotno_inf": "33",
        "uniqueplot": "33",
        "plotactiva": null,
        "plotupdate": null,
        "plot_yesno": "YES",
        "category_i": "INDUSTRIAL PLOT - AVAILABLE",
        "quest": null,
        "status_inf": "AVAILABLE",
        "applied_ti": null,
        "alloted_ti": null,
        "allotmentr": null,
        "industri_1": "Food Park Farshabahar",
        "industri_2": "Food Park Farshabahar",
        "gis_tid": null,
        "st_area_sh": 0.0,
        "st_length_": 0.0,
        "uidv1": "IA-2237",
        "status_from_csidc": "AVAILABLE",
        "uid": "IA-2237"
      }
    },
    {
      "type": "Feature",
      "id": "csidc_industrial_area_with_plots.fid-23377b7a_19c5672bde0_7090",
      "geometry": {
        "type": "Polygon",
        "coordinates": [
          [
            [
              81.84807038,
              21.57212438
            ],
            [
              81.84806684,
              21.57176303
            ],
            [
              81.84782468,
              21.5717651
            ],
            [
              81.84782894,
              21.57212644
            ],
            [
              81.84807038,
              21.57212438
            ]
          ]
        ]
      },
      "geometry_name": "geom",
      "properties": {
        "gid": 179,
        "objectid": 3020,
        "district": "Raipur",
        "plot_type": "Industrial  Purpose",
        "total_area": 1000,
        "reservatio": null,
        "plot_munci": "NO",
        "corner_plo": "NO",
        "premium_ba": 1200000,
        "addi_premi": 0.0,
        "total_prem": 1200000,
        "label": null,
        "tot_premiu": 1200000,
        "location": "Khapri Khurd",
        "remark": null,
        "sector_inf": "BLOCK -",
        "industrial": "RAIPUR",
        "district_i": "RAIPUR",
        "plotno_inf": "07",
        "uniqueplot": "07",
        "plotactiva": null,
        "plotupdate": null,
        "plot_yesno": "YES",
        "category_i": "INDUSTRIAL PLOT-ALLOTED",
        "quest": null,
        "status_inf": "AVAILABLE",
        "applied_ti": null,
        "alloted_ti": null,
        "allotmentr": null,
        "industri_1": "INDUSTRIAL AREA KHAPRI KHURD_BLOCK -",
        "industri_2": "INDUSTRIAL AREA KHAPRI KHURD",
        "gis_tid": null,
        "st_area_sh": 8.7384529e-08,
        "st_length_": 0.00120637008234,
        "uidv1": "IA-35",
        "status_from_csidc": "AVAILABLE",
        "uid": "IA-35"
      }
    },
    {
      "type": "Feature",
      "id": "csidc_industrial_area_with_plots.fid-23377b7a_19c5672bde0_7091",
      "geometry": {
        "type": "Polygon",
        "coordinates": [
          [
            [
              82.91012237,
              22.98104676
            ],
            [
              82.91011707,
              22.98083871
            ],
            [
              82.9099198,
              22.980838
            ],
            [
              82.9099251,
              22.98104605
            ],
            [
              82.91012237,
              22.98104676
            ]
          ]
        ]
      },
      "geometry_name": "geom",
      "properties": {
        "gid": 180,
        "objectid": 2944,
        "district": "Sarguja",
        "plot_type": "Industrial  Purpose",
        "total_area": 460,
        "reservatio": null,
        "plot_munci": "NO",
        "corner_plo": "NO",
        "premium_ba": 220800,
        "addi_premi": 0.0,
        "total_prem": 220800,
        "label": "E",
        "tot_premiu": 220800,
        "location": "Rikhi",
        "remark": null,
        "sector_inf": "BLOCK - E",
        "industrial": "SARGUJA",
        "district_i": "SARGUJA",
        "plotno_inf": "07",
        "uniqueplot": "07",
        "plotactiva": null,
        "plotupdate": null,
        "plot_yesno": "YES",
        "category_i": "INDUSTRIAL PLOT-ALLOTED",
        "quest": null,
        "status_inf": "ALLOTTED",
        "applied_ti": null,
        "alloted_ti": null,
        "allotmentr": null,
        "industri_1": "INDUSTRIAL AREA RIKHI_BLOCK - E",
        "industri_2": "INDUSTRIAL AREA RIKHI",
        "gis_tid": null,
        "st_area_sh": 4.1038499e-08,
        "st_length_": 0.000810779688822,
        "uidv1": "IA-36",
        "status_from_csidc": "ALLOTTED",
        "uid": "IA-36"
      }
    },
    {
      "type": "Feature",
      "id": "csidc_industrial_area_with_plots.fid-23377b7a_19c5672bde0_7092",
      "geometry": {
        "type": "Polygon",
        "coordinates": [
          [
            [
              82.91031965,
              22.98104746
            ],
            [
              82.91031434,
              22.98083942
            ],
            [
              82.91011707,
              22.98083871
            ],
            [
              82.91012237,
              22.98104676
            ],
            [
              82.91031965,
              22.98104746
            ]
          ]
        ]
      },
      "geometry_name": "geom",
      "properties": {
        "gid": 181,
        "objectid": 2943,
        "district": "Sarguja",
        "plot_type": "Industrial  Purpose",
        "total_area": 460,
        "reservatio": null,
        "plot_munci": "NO",
        "corner_plo": "NO",
        "premium_ba": 220800,
        "addi_premi": 0.0,
        "total_prem": 220800,
        "label": "E",
        "tot_premiu": 220800,
        "location": "Rikhi",
        "remark": null,
        "sector_inf": "BLOCK - E",
        "industrial": "SARGUJA",
        "district_i": "SARGUJA",
        "plotno_inf": "08",
        "uniqueplot": "08",
        "plotactiva": null,
        "plotupdate": null,
        "plot_yesno": "YES",
        "category_i": "INDUSTRIAL PLOT-ALLOTED",
        "quest": null,
        "status_inf": "ALLOTTED",
        "applied_ti": null,
        "alloted_ti": null,
        "allotmentr": null,
        "industri_1": "INDUSTRIAL AREA RIKHI_BLOCK - E",
        "industri_2": "INDUSTRIAL AREA RIKHI",
        "gis_tid": null,
        "st_area_sh": 4.1038499e-08,
        "st_length_": 0.000810779688822,
        "uidv1": "IA-38",
        "status_from_csidc": "ALLOTTED",
        "uid": "IA-38"
      }
    },
    {
      "type": "Feature",
      "id": "csidc_industrial_area_with_plots.fid-23377b7a_19c5672bde0_7093",
      "geometry": {
        "type": "Polygon",
        "coordinates": [
          [
            [
              82.91051692,
              22.98104817
            ],
            [
              82.91051162,
              22.98084012
            ],
            [
              82.91031434,
              22.98083942
            ],
            [
              82.91031965,
              22.98104746
            ],
            [
              82.91051692,
              22.98104817
            ]
          ]
        ]
      },
      "geometry_name": "geom",
      "properties": {
        "gid": 182,
        "objectid": 2942,
        "district": "Sarguja",
        "plot_type": "Industrial  Purpose",
        "total_area": 460,
        "reservatio": null,
        "plot_munci": "NO",
        "corner_plo": "NO",
        "premium_ba": 220800,
        "addi_premi": 0.0,
        "total_prem": 220800,
        "label": "E",
        "tot_premiu": 220800,
        "location": "Rikhi",
        "remark": null,
        "sector_inf": "BLOCK - E",
        "industrial": "SARGUJA",
        "district_i": "SARGUJA",
        "plotno_inf": "09",
        "uniqueplot": "09",
        "plotactiva": null,
        "plotupdate": null,
        "plot_yesno": "YES",
        "category_i": "INDUSTRIAL PLOT-ALLOTED",
        "quest": null,
        "status_inf": "ALLOTTED",
        "applied_ti": null,
        "alloted_ti": null,
        "allotmentr": null,
        "industri_1": "INDUSTRIAL AREA RIKHI_BLOCK - E",
        "industri_2": "INDUSTRIAL AREA RIKHI",
        "gis_tid": null,
        "st_area_sh": 4.10386e-08,
        "st_length_": 0.000810780684911,
        "uidv1": "IA-43",
        "status_from_csidc": "ALLOTTED",
        "uid": "IA-43"
      }
    },
    {
      "type": "Feature",
      "id": "csidc_industrial_area_with_plots.fid-23377b7a_19c5672bde0_7094",
      "geometry": {
        "type": "Polygon",
        "coordinates": [
          [
            [
              82.25207335,
              22.17569327
            ],
            [
              82.2519976,
              22.17552806
            ],
            [
              82.25176492,
              22.1755997
            ],
            [
              82.25184092,
              22.1757638
            ],
            [
              82.25207335,
              22.17569327
            ]
          ]
        ]
      },
      "geometry_name": "geom",
      "properties": {
        "gid": 183,
        "objectid": 0,
        "district": "BILASPUR",
        "plot_type": "INDUSTRIAL PURPOSE",
        "total_area": 500,
        "reservatio": null,
        "plot_munci": "No",
        "corner_plo": "Yes",
        "premium_ba": 14400000,
        "addi_premi": 1440000,
        "total_prem": 792000,
        "label": null,
        "tot_premiu": 0.0,
        "location": "Selar",
        "remark": null,
        "sector_inf": "BLOCK - L",
        "industrial": "Industrial Area Selar",
        "district_i": "BILASPUR",
        "plotno_inf": "1",
        "uniqueplot": "1",
        "plotactiva": null,
        "plotupdate": null,
        "plot_yesno": "YES",
        "category_i": "INDUSTRIAL PLOT-ALLOTED",
        "quest": null,
        "status_inf": "AVAILABLE",
        "applied_ti": null,
        "alloted_ti": null,
        "allotmentr": null,
        "industri_1": "Industrial Area Selar",
        "industri_2": "Industrial Area Selar",
        "gis_tid": null,
        "st_area_sh": 0.0,
        "st_length_": 0.0,
        "uidv1": "IA-45",
        "status_from_csidc": "AVAILABLE",
        "uid": "IA-45"
      }
    },
    {
      "type": "Feature",
      "id": "csidc_industrial_area_with_plots.fid-23377b7a_19c5672bde0_7095",
      "geometry": {
        "type": "Polygon",
        "coordinates": [
          [
            [
              82.91029151,
              22.9799439
            ],
            [
              82.9102869,
              22.97976299
            ],
            [
              82.91013895,
              22.97976246
            ],
            [
              82.91014356,
              22.97994337
            ],
            [
              82.91029151,
              22.9799439
            ]
          ]
        ]
      },
      "geometry_name": "geom",
      "properties": {
        "gid": 184,
        "objectid": 2922,
        "district": "Sarguja",
        "plot_type": "Industrial  Purpose",
        "total_area": 300,
        "reservatio": null,
        "plot_munci": "NO",
        "corner_plo": "NO",
        "premium_ba": 144000,
        "addi_premi": 0.0,
        "total_prem": 144000,
        "label": "D",
        "tot_premiu": 144000,
        "location": "Rikhi",
        "remark": null,
        "sector_inf": "BLOCK - D",
        "industrial": "SARGUJA",
        "district_i": "SARGUJA",
        "plotno_inf": "09",
        "uniqueplot": "09",
        "plotactiva": null,
        "plotupdate": null,
        "plot_yesno": "YES",
        "category_i": "INDUSTRIAL PLOT-ALLOTED",
        "quest": null,
        "status_inf": "AVAILABLE",
        "applied_ti": null,
        "alloted_ti": null,
        "allotmentr": null,
        "industri_1": "INDUSTRIAL AREA RIKHI_BLOCK - D",
        "industri_2": "INDUSTRIAL AREA RIKHI",
        "gis_tid": null,
        "st_area_sh": 2.6764025e-08,
        "st_length_": 0.000657849409661,
        "uidv1": "IA-41",
        "status_from_csidc": "AVAILABLE",
        "uid": "IA-41"
      }
    },
    {
      "type": "Feature",
      "id": "csidc_industrial_area_with_plots.fid-23377b7a_19c5672bde0_7096",
      "geometry": {
        "type": "Polygon",
        "coordinates": [
          [
            [
              83.49725705,
              21.86999863
            ],
            [
              83.49722244,
              21.87028692
            ],
            [
              83.49762741,
              21.87032334
            ],
            [
              83.49766535,
              21.87003928
            ],
            [
              83.49739422,
              21.87000973
            ],
            [
              83.49725705,
              21.86999863
            ]
          ]
        ]
      },
      "geometry_name": "geom",
      "properties": {
        "gid": 185,
        "objectid": 3670,
        "district": "RAIGARH",
        "plot_type": "Industrial  Purpose",
        "total_area": 880,
        "reservatio": null,
        "plot_munci": "No.",
        "corner_plo": "No",
        "premium_ba": 0.0,
        "addi_premi": 0.0,
        "total_prem": 12000000,
        "label": null,
        "tot_premiu": 12000000,
        "location": "SIYARPALI-MAHUAPALI",
        "remark": null,
        "sector_inf": null,
        "industrial": "INDUSTRIAL AREA SIYARPALI-MAHUAPALI",
        "district_i": "RAIGARH",
        "plotno_inf": "32",
        "uniqueplot": "32",
        "plotactiva": "1899-12-29Z",
        "plotupdate": null,
        "plot_yesno": "YES",
        "category_i": "INDUSTRIAL PLOT-ALLOTED",
        "quest": null,
        "status_inf": "AVAILABLE",
        "applied_ti": "1899-12-29Z",
        "alloted_ti": "1899-12-29Z",
        "allotmentr": null,
        "industri_1": "INDUSTRIAL AREA SIYARPALI-MAHUAPALI",
        "industri_2": "INDUSTRIAL AREA SIYARPALI-MAHUAPALI",
        "gis_tid": null,
        "st_area_sh": 1.18284784e-07,
        "st_length_": 0.00139387736383,
        "uidv1": "IA-1135",
        "status_from_csidc": "AVAILABLE",
        "uid": "IA-1135"
      }
    },
    {
      "type": "Feature",
      "id": "csidc_industrial_area_with_plots.fid-23377b7a_19c5672bde0_7097",
      "geometry": {
        "type": "Polygon",
        "coordinates": [
          [
            [
              80.85455002,
              20.91614385
            ],
            [
              80.85447006,
              20.91596152
            ],
            [
              80.85393547,
              20.91616877
            ],
            [
              80.85401543,
              20.91635111
            ],
            [
              80.85455002,
              20.91614385
            ]
          ]
        ]
      },
      "geometry_name": "geom",
      "properties": {
        "gid": 186,
        "objectid": 2992,
        "district": "Rajnandgaon",
        "plot_type": "Industrial  Purpose",
        "total_area": 1885.71,
        "reservatio": null,
        "plot_munci": "NO",
        "corner_plo": "YES",
        "premium_ba": 2262852,
        "addi_premi": 226285.2,
        "total_prem": 2489137.2,
        "label": "C",
        "tot_premiu": 2489137.2,
        "location": "Pangrikhurd",
        "remark": null,
        "sector_inf": "BLOCK - C",
        "industrial": "RAJNANDGAON",
        "district_i": "RAJNANDGAON",
        "plotno_inf": "33",
        "uniqueplot": "33",
        "plotactiva": null,
        "plotupdate": null,
        "plot_yesno": "YES",
        "category_i": "INDUSTRIAL PLOT-ALLOTED",
        "quest": null,
        "status_inf": "AVAILABLE",
        "applied_ti": null,
        "alloted_ti": null,
        "allotmentr": null,
        "industri_1": "INDUSTRIAL AREA PANGRIKHURD_BLOCK - C",
        "industri_2": "INDUSTRIAL AREA PANGRIKHURD",
        "gis_tid": null,
        "st_area_sh": 1.14047911e-07,
        "st_length_": 0.001544922237,
        "uidv1": "IA-1144",
        "status_from_csidc": "AVAILABLE",
        "uid": "IA-1144"
      }
    },
    {
      "type": "Feature",
      "id": "csidc_industrial_area_with_plots.fid-23377b7a_19c5672bde0_7098",
      "geometry": {
        "type": "Polygon",
        "coordinates": [
          [
            [
              83.85630093,
              22.51850858
            ],
            [
              83.85615175,
              22.51848228
            ],
            [
              83.85609631,
              22.51874597
            ],
            [
              83.85624548,
              22.51877227
            ],
            [
              83.85630093,
              22.51850858
            ]
          ]
        ]
      },
      "geometry_name": "geom",
      "properties": {
        "gid": 187,
        "objectid": 0,
        "district": "JASPUR",
        "plot_type": "INDUSTRIAL PURPOSE",
        "total_area": 450,
        "reservatio": null,
        "plot_munci": "No",
        "corner_plo": "No",
        "premium_ba": 4800000,
        "addi_premi": 0.0,
        "total_prem": 4800000,
        "label": null,
        "tot_premiu": 4800000,
        "location": "Farshabahar Jaspur",
        "remark": null,
        "sector_inf": null,
        "industrial": "Farshabahar Industrial Area and Food Park",
        "district_i": "JASPUR",
        "plotno_inf": "18",
        "uniqueplot": "18",
        "plotactiva": null,
        "plotupdate": null,
        "plot_yesno": "YES",
        "category_i": "INDUSTRIAL PLOT-ALLOTED",
        "quest": null,
        "status_inf": "AVAILABLE",
        "applied_ti": null,
        "alloted_ti": null,
        "allotmentr": null,
        "industri_1": "Food Park Farshabahar",
        "industri_2": "Food Park Farshabahar",
        "gis_tid": null,
        "st_area_sh": 0.0,
        "st_length_": 0.0,
        "uidv1": "IA-2222",
        "status_from_csidc": "AVAILABLE",
        "uid": "IA-2222"
      }
    },
    {
      "type": "Feature",
      "id": "csidc_industrial_area_with_plots.fid-23377b7a_19c5672bde0_7099",
      "geometry": {
        "type": "Polygon",
        "coordinates": [
          [
            [
              80.85388126,
              20.91461886
            ],
            [
              80.85375405,
              20.91432878
            ],
            [
              80.85321946,
              20.91453603
            ],
            [
              80.85334667,
              20.91482611
            ],
            [
              80.85388126,
              20.91461886
            ]
          ]
        ]
      },
      "geometry_name": "geom",
      "properties": {
        "gid": 188,
        "objectid": 2964,
        "district": "Rajnandgaon",
        "plot_type": "Industrial  Purpose",
        "total_area": 2100,
        "reservatio": null,
        "plot_munci": "NO",
        "corner_plo": "YES",
        "premium_ba": 2520000,
        "addi_premi": 252000,
        "total_prem": 2772000,
        "label": "C",
        "tot_premiu": 2772000,
        "location": "Pangrikhurd",
        "remark": null,
        "sector_inf": "BLOCK - C",
        "industrial": "RAJNANDGAON",
        "district_i": "RAJNANDGAON",
        "plotno_inf": "27",
        "uniqueplot": "27",
        "plotactiva": null,
        "plotupdate": null,
        "plot_yesno": "YES",
        "category_i": "INDUSTRIAL PLOT-ALLOTED",
        "quest": null,
        "status_inf": "ALLOTTED",
        "applied_ti": null,
        "alloted_ti": null,
        "allotmentr": null,
        "industri_1": "INDUSTRIAL AREA PANGRIKHURD_BLOCK - C",
        "industri_2": "INDUSTRIAL AREA PANGRIKHURD",
        "gis_tid": null,
        "st_area_sh": 1.81437802e-07,
        "st_length_": 0.00178020799304,
        "uidv1": "IA-980",
        "status_from_csidc": "ALLOTTED",
        "uid": "IA-980"
      }
    },
    {
      "type": "Feature",
      "id": "csidc_industrial_area_with_plots.fid-23377b7a_19c5672bde0_709a",
      "geometry": {
        "type": "Polygon",
        "coordinates": [
          [
            [
              83.49425959,
              21.8704585
            ],
            [
              83.49422528,
              21.87022853
            ],
            [
              83.4938241,
              21.87028017
            ],
            [
              83.49385724,
              21.87051193
            ],
            [
              83.49425959,
              21.8704585
            ]
          ]
        ]
      },
      "geometry_name": "geom",
      "properties": {
        "gid": 189,
        "objectid": 3640,
        "district": "RAIGARH",
        "plot_type": "Industrial  Purpose",
        "total_area": 1000,
        "reservatio": null,
        "plot_munci": "No.",
        "corner_plo": "No",
        "premium_ba": 0.0,
        "addi_premi": 0.0,
        "total_prem": 12000000,
        "label": null,
        "tot_premiu": 12000000,
        "location": "SIYARPALI-MAHUAPALI",
        "remark": null,
        "sector_inf": null,
        "industrial": "INDUSTRIAL AREA SIYARPALI-MAHUAPALI",
        "district_i": "RAIGARH",
        "plotno_inf": "15",
        "uniqueplot": "15",
        "plotactiva": "1899-12-29Z",
        "plotupdate": null,
        "plot_yesno": "YES",
        "category_i": "INDUSTRIAL PLOT-ALLOTED",
        "quest": null,
        "status_inf": "AVAILABLE",
        "applied_ti": "1899-12-29Z",
        "alloted_ti": "1899-12-29Z",
        "allotmentr": null,
        "industri_1": "INDUSTRIAL AREA SIYARPALI-MAHUAPALI",
        "industri_2": "INDUSTRIAL AREA SIYARPALI-MAHUAPALI",
        "gis_tid": null,
        "st_area_sh": 9.452676e-08,
        "st_length_": 0.00127701863898,
        "uidv1": "IA-482",
        "status_from_csidc": "AVAILABLE",
        "uid": "IA-482"
      }
    },
    {
      "type": "Feature",
      "id": "csidc_industrial_area_with_plots.fid-23377b7a_19c5672bde0_709b",
      "geometry": {
        "type": "Polygon",
        "coordinates": [
          [
            [
              81.79908299,
              21.60270751
            ],
            [
              81.79871554,
              21.60259605
            ],
            [
              81.7985104,
              21.60307866
            ],
            [
              81.79888329,
              21.60317762
            ],
            [
              81.79908299,
              21.60270751
            ]
          ]
        ]
      },
      "geometry_name": "geom",
      "properties": {
        "gid": 190,
        "objectid": 3059,
        "district": "Baloda Bazar - Bhatapara",
        "plot_type": "Industrial  Purpose",
        "total_area": 2354,
        "reservatio": null,
        "plot_munci": "NO",
        "corner_plo": "YES",
        "premium_ba": 2824800,
        "addi_premi": 282480,
        "total_prem": 3107280,
        "label": "A",
        "tot_premiu": 3107280,
        "location": "Kesda",
        "remark": null,
        "sector_inf": "BLOCK - A",
        "industrial": "BALODA BAZAR - BHATAPARA",
        "district_i": "BALODA BAZAR - BHATAPARA",
        "plotno_inf": "6",
        "uniqueplot": "6",
        "plotactiva": null,
        "plotupdate": null,
        "plot_yesno": "YES",
        "category_i": "INDUSTRIAL PLOT-ALLOTED",
        "quest": null,
        "status_inf": "ALLOTTED",
        "applied_ti": null,
        "alloted_ti": null,
        "allotmentr": null,
        "industri_1": "INDUSTRIAL AREA KESDA_BLOCK - A",
        "industri_2": "INDUSTRIAL AREA KESDA",
        "gis_tid": null,
        "st_area_sh": 1.9763074e-07,
        "st_length_": 0.00180494638813,
        "uidv1": "IA-1588",
        "status_from_csidc": "ALLOTTED",
        "uid": "IA-1588"
      }
    },
    {
      "type": "Feature",
      "id": "csidc_industrial_area_with_plots.fid-23377b7a_19c5672bde0_709c",
      "geometry": {
        "type": "Polygon",
        "coordinates": [
          [
            [
              81.43766234,
              20.3869957
            ],
            [
              81.43741729,
              20.38699363
            ],
            [
              81.43744854,
              20.38718817
            ],
            [
              81.43746057,
              20.38721842
            ],
            [
              81.4375416,
              20.3873579
            ],
            [
              81.43766223,
              20.38735892
            ],
            [
              81.43766234,
              20.3869957
            ]
          ]
        ]
      },
      "geometry_name": "geom",
      "properties": {
        "gid": 191,
        "objectid": 1524,
        "district": "KANKER",
        "plot_type": "INDUSTRIAL PLOT",
        "total_area": 695,
        "reservatio": "YES",
        "plot_munci": "NO",
        "corner_plo": "NO",
        "premium_ba": 278000,
        "addi_premi": 0.0,
        "total_prem": 278000,
        "label": "D",
        "tot_premiu": 278000,
        "location": "LAKHANPURI",
        "remark": null,
        "sector_inf": "BLOCK-D",
        "industrial": "LAKHANPURI",
        "district_i": "KANKER",
        "plotno_inf": "33",
        "uniqueplot": null,
        "plotactiva": "2018-01-31Z",
        "plotupdate": null,
        "plot_yesno": "YES",
        "category_i": "INDUSTRIAL PLOT-ALLOTED",
        "quest": null,
        "status_inf": "AVAILABLE",
        "applied_ti": null,
        "alloted_ti": null,
        "allotmentr": null,
        "industri_1": null,
        "industri_2": null,
        "gis_tid": null,
        "st_area_sh": 7.3198544e-08,
        "st_length_": 0.00111981127778,
        "uidv1": "IA-1142",
        "status_from_csidc": "AVAILABLE",
        "uid": "IA-1142"
      }
    },
    {
      "type": "Feature",
      "id": "csidc_industrial_area_with_plots.fid-23377b7a_19c5672bde0_709d",
      "geometry": {
        "type": "Polygon",
        "coordinates": [
          [
            [
              82.59199938,
              23.06615312
            ],
            [
              82.59166545,
              23.06617513
            ],
            [
              82.59166754,
              23.06631118
            ],
            [
              82.59201191,
              23.06628848
            ],
            [
              82.59199938,
              23.06615312
            ]
          ]
        ]
      },
      "geometry_name": "geom",
      "properties": {
        "gid": 192,
        "objectid": 3260,
        "district": "Surajpur",
        "plot_type": "Industrial  Purpose",
        "total_area": 528,
        "reservatio": null,
        "plot_munci": "NO",
        "corner_plo": "YES",
        "premium_ba": 253440,
        "addi_premi": 25344,
        "total_prem": 278784,
        "label": "E",
        "tot_premiu": 278784,
        "location": "Barbaspur",
        "remark": null,
        "sector_inf": "BLOCK - E",
        "industrial": "SURAJPUR",
        "district_i": "SURAJPUR",
        "plotno_inf": "11",
        "uniqueplot": "11",
        "plotactiva": null,
        "plotupdate": null,
        "plot_yesno": "YES",
        "category_i": "INDUSTRIAL PLOT-ALLOTED",
        "quest": null,
        "status_inf": "AVAILABLE",
        "applied_ti": null,
        "alloted_ti": null,
        "allotmentr": null,
        "industri_1": "INDUSTRIAL AREA BARBASPUR_BLOCK - E",
        "industri_2": "INDUSTRIAL AREA BARBASPUR",
        "gis_tid": null,
        "st_area_sh": 4.6190445e-08,
        "st_length_": 0.000951791844345,
        "uidv1": "IA-254",
        "status_from_csidc": "AVAILABLE",
        "uid": "IA-254"
      }
    },
    {
      "type": "Feature",
      "id": "csidc_industrial_area_with_plots.fid-23377b7a_19c5672bde0_709e",
      "geometry": {
        "type": "Polygon",
        "coordinates": [
          [
            [
              82.19238281,
              22.01682368
            ],
            [
              82.19199512,
              22.01687857
            ],
            [
              82.19199343,
              22.01734443
            ],
            [
              82.19199221,
              22.01768267
            ],
            [
              82.1923797,
              22.0176823
            ],
            [
              82.19238098,
              22.01732858
            ],
            [
              82.19238281,
              22.01682368
            ]
          ]
        ]
      },
      "geometry_name": "geom",
      "properties": {
        "gid": 193,
        "objectid": 1843,
        "district": "BILASPUR",
        "plot_type": "INDUSTRIAL PURPOSE",
        "total_area": 3681,
        "reservatio": null,
        "plot_munci": "YES",
        "corner_plo": "YES",
        "premium_ba": 2576700,
        "addi_premi": 515340,
        "total_prem": 3092040,
        "label": null,
        "tot_premiu": 3092040,
        "location": "SILPAHARI",
        "remark": null,
        "sector_inf": "BLOCK-A",
        "industrial": "SILPAHARI INDUSTRIAL AREA",
        "district_i": "BILASPUR",
        "plotno_inf": "11",
        "uniqueplot": "11",
        "plotactiva": "2018-01-09Z",
        "plotupdate": null,
        "plot_yesno": "YES",
        "category_i": "INDUSTRIAL PLOT-ALLOTED",
        "quest": null,
        "status_inf": "ALLOTTED",
        "applied_ti": null,
        "alloted_ti": null,
        "allotmentr": null,
        "industri_1": "SILPAHARI BLOCK-A",
        "industri_2": "SILPAHARI BLOCK-A",
        "gis_tid": null,
        "st_area_sh": 3.22147719e-07,
        "st_length_": 0.00244178892577,
        "uidv1": "IA-241",
        "status_from_csidc": null,
        "uid": "IA-241"
      }
    },
    {
      "type": "Feature",
      "id": "csidc_industrial_area_with_plots.fid-23377b7a_19c5672bde0_709f",
      "geometry": {
        "type": "Polygon",
        "coordinates": [
          [
            [
              81.04926088,
              21.22579756
            ],
            [
              81.04910983,
              21.22576882
            ],
            [
              81.0490694,
              21.22627172
            ],
            [
              81.04920578,
              21.22629724
            ],
            [
              81.04926088,
              21.22579756
            ]
          ]
        ]
      },
      "geometry_name": "geom",
      "properties": {
        "gid": 194,
        "objectid": 2843,
        "district": "Rajnandgaon",
        "plot_type": "Industrial  Purpose",
        "total_area": 750,
        "reservatio": null,
        "plot_munci": "NO",
        "corner_plo": "YES",
        "premium_ba": 300000,
        "addi_premi": 30000,
        "total_prem": 330000,
        "label": "G",
        "tot_premiu": 330000,
        "location": "Mahroomkhurd",
        "remark": null,
        "sector_inf": "BLOCK - G",
        "industrial": "RAJNANDGAON",
        "district_i": "RAJNANDGAON",
        "plotno_inf": "11",
        "uniqueplot": "11",
        "plotactiva": null,
        "plotupdate": null,
        "plot_yesno": "YES",
        "category_i": "INDUSTRIAL PLOT-ALLOTED",
        "quest": null,
        "status_inf": "AVAILABLE",
        "applied_ti": null,
        "alloted_ti": null,
        "allotmentr": null,
        "industri_1": "INDUSTRIAL AREA MAHROOMKHURD_BLOCK - G",
        "industri_2": "INDUSTRIAL AREA MAHROOMKHURD",
        "gis_tid": null,
        "st_area_sh": 7.3339592e-08,
        "st_length_": 0.00129973733924,
        "uidv1": "IA-253",
        "status_from_csidc": "AVAILABLE",
        "uid": "IA-253"
      }
    },
    {
      "type": "Feature",
      "id": "csidc_industrial_area_with_plots.fid-23377b7a_19c5672bde0_70a0",
      "geometry": {
        "type": "Polygon",
        "coordinates": [
          [
            [
              83.49729185,
              21.8697105
            ],
            [
              83.49725705,
              21.86999863
            ],
            [
              83.49739422,
              21.87000973
            ],
            [
              83.49766535,
              21.87003928
            ],
            [
              83.49770434,
              21.8697473
            ],
            [
              83.49729185,
              21.8697105
            ]
          ]
        ]
      },
      "geometry_name": "geom",
      "properties": {
        "gid": 195,
        "objectid": 3672,
        "district": "RAIGARH",
        "plot_type": "Industrial  Purpose",
        "total_area": 1280,
        "reservatio": null,
        "plot_munci": "No.",
        "corner_plo": "Yes",
        "premium_ba": 0.0,
        "addi_premi": 1200000,
        "total_prem": 13200000,
        "label": null,
        "tot_premiu": 13200000,
        "location": "SIYARPALI-MAHUAPALI",
        "remark": null,
        "sector_inf": null,
        "industrial": "INDUSTRIAL AREA SIYARPALI-MAHUAPALI",
        "district_i": "RAIGARH",
        "plotno_inf": "33",
        "uniqueplot": "33",
        "plotactiva": "1899-12-29Z",
        "plotupdate": null,
        "plot_yesno": "YES",
        "category_i": "INDUSTRIAL PLOT-ALLOTED",
        "quest": null,
        "status_inf": "AVAILABLE",
        "applied_ti": "1899-12-29Z",
        "alloted_ti": "1899-12-29Z",
        "allotmentr": null,
        "industri_1": "INDUSTRIAL AREA SIYARPALI-MAHUAPALI",
        "industri_2": "INDUSTRIAL AREA SIYARPALI-MAHUAPALI",
        "gis_tid": null,
        "st_area_sh": 1.19943947e-07,
        "st_length_": 0.00140927583778,
        "uidv1": "IA-1150",
        "status_from_csidc": "AVAILABLE",
        "uid": "IA-1150"
      }
    },
    {
      "type": "Feature",
      "id": "csidc_industrial_area_with_plots.fid-23377b7a_19c5672bde0_70a1",
      "geometry": {
        "type": "Polygon",
        "coordinates": [
          [
            [
              80.85462999,
              20.91632619
            ],
            [
              80.85455002,
              20.91614385
            ],
            [
              80.85401543,
              20.91635111
            ],
            [
              80.85409539,
              20.91653344
            ],
            [
              80.85462999,
              20.91632619
            ]
          ]
        ]
      },
      "geometry_name": "geom",
      "properties": {
        "gid": 196,
        "objectid": 2995,
        "district": "Rajnandgaon",
        "plot_type": "Industrial  Purpose",
        "total_area": 1885.71,
        "reservatio": null,
        "plot_munci": "NO",
        "corner_plo": "YES",
        "premium_ba": 2262852,
        "addi_premi": 226285.2,
        "total_prem": 2489137.2,
        "label": "C",
        "tot_premiu": 2489137.2,
        "location": "Pangrikhurd",
        "remark": null,
        "sector_inf": "BLOCK - C",
        "industrial": "RAJNANDGAON",
        "district_i": "RAJNANDGAON",
        "plotno_inf": "34",
        "uniqueplot": "34",
        "plotactiva": null,
        "plotupdate": null,
        "plot_yesno": "YES",
        "category_i": "INDUSTRIAL PLOT-ALLOTED",
        "quest": null,
        "status_inf": "AVAILABLE",
        "applied_ti": null,
        "alloted_ti": null,
        "allotmentr": null,
        "industri_1": "INDUSTRIAL AREA PANGRIKHURD_BLOCK - C",
        "industri_2": "INDUSTRIAL AREA PANGRIKHURD",
        "gis_tid": null,
        "st_area_sh": 1.14048641e-07,
        "st_length_": 0.00154492540262,
        "uidv1": "IA-1158",
        "status_from_csidc": "AVAILABLE",
        "uid": "IA-1158"
      }
    },
    {
      "type": "Feature",
      "id": "csidc_industrial_area_with_plots.fid-23377b7a_19c5672bde0_70a2",
      "geometry": {
        "type": "Polygon",
        "coordinates": [
          [
            [
              82.91160713,
              22.9799944
            ],
            [
              82.91159674,
              22.97958681
            ],
            [
              82.91135015,
              22.97958592
            ],
            [
              82.91136065,
              22.97999793
            ],
            [
              82.91157549,
              22.97999346
            ],
            [
              82.91160713,
              22.9799944
            ]
          ]
        ]
      },
      "geometry_name": "geom",
      "properties": {
        "gid": 197,
        "objectid": 2919,
        "district": "Sarguja",
        "plot_type": "Industrial  Purpose",
        "total_area": 1131,
        "reservatio": null,
        "plot_munci": "NO",
        "corner_plo": "NO",
        "premium_ba": 542880,
        "addi_premi": 0.0,
        "total_prem": 542880,
        "label": "C",
        "tot_premiu": 542880,
        "location": "Rikhi",
        "remark": null,
        "sector_inf": "BLOCK - C",
        "industrial": "SARGUJA",
        "district_i": "SARGUJA",
        "plotno_inf": "01",
        "uniqueplot": "01",
        "plotactiva": null,
        "plotupdate": null,
        "plot_yesno": "YES",
        "category_i": "INDUSTRIAL PLOT-ALLOTED",
        "quest": null,
        "status_inf": "ALLOTTED",
        "applied_ti": null,
        "alloted_ti": null,
        "allotmentr": null,
        "industri_1": "INDUSTRIAL AREA RIKHI_BLOCK - C",
        "industri_2": "INDUSTRIAL AREA RIKHI",
        "gis_tid": null,
        "st_area_sh": 1.00870594e-07,
        "st_length_": 0.00131298835192,
        "uidv1": "IA-1",
        "status_from_csidc": "BOOKED",
        "uid": "IA-1"
      }
    },
    {
      "type": "Feature",
      "id": "csidc_industrial_area_with_plots.fid-23377b7a_19c5672bde0_70a3",
      "geometry": {
        "type": "Polygon",
        "coordinates": [
          [
            [
              82.2490287,
              22.17577848
            ],
            [
              82.24879743,
              22.17584873
            ],
            [
              82.24894441,
              22.17617836
            ],
            [
              82.24917615,
              22.17610736
            ],
            [
              82.2490287,
              22.17577848
            ]
          ]
        ]
      },
      "geometry_name": "geom",
      "properties": {
        "gid": 198,
        "objectid": 0,
        "district": "BILASPUR",
        "plot_type": "INDUSTRIAL PURPOSE",
        "total_area": 1000,
        "reservatio": null,
        "plot_munci": "No",
        "corner_plo": "Yes",
        "premium_ba": 14400000,
        "addi_premi": 1440000,
        "total_prem": 1584000,
        "label": null,
        "tot_premiu": 0.0,
        "location": "Selar",
        "remark": null,
        "sector_inf": "BLOCK - N",
        "industrial": "Industrial Area Selar",
        "district_i": "BILASPUR",
        "plotno_inf": "10",
        "uniqueplot": "10",
        "plotactiva": null,
        "plotupdate": null,
        "plot_yesno": "YES",
        "category_i": "INDUSTRIAL PLOT-ALLOTED",
        "quest": null,
        "status_inf": "AVAILABLE",
        "applied_ti": null,
        "alloted_ti": null,
        "allotmentr": null,
        "industri_1": "Industrial Area Selar",
        "industri_2": "Industrial Area Selar",
        "gis_tid": null,
        "st_area_sh": 0.0,
        "st_length_": 0.0,
        "uidv1": "IA-130",
        "status_from_csidc": "AVAILABLE",
        "uid": "IA-130"
      }
    },
    {
      "type": "Feature",
      "id": "csidc_industrial_area_with_plots.fid-23377b7a_19c5672bde0_70a4",
      "geometry": {
        "type": "Polygon",
        "coordinates": [
          [
            [
              81.79211808,
              21.6041101
            ],
            [
              81.79208055,
              21.60368247
            ],
            [
              81.7916907,
              21.60371526
            ],
            [
              81.79172823,
              21.60414289
            ],
            [
              81.79211808,
              21.6041101
            ]
          ]
        ]
      },
      "geometry_name": "geom",
      "properties": {
        "gid": 199,
        "objectid": 3080,
        "district": "Baloda Bazar - Bhatapara",
        "plot_type": "Industrial  Purpose",
        "total_area": 2000,
        "reservatio": null,
        "plot_munci": "NO",
        "corner_plo": "YES",
        "premium_ba": 2400000,
        "addi_premi": 240000,
        "total_prem": 2640000,
        "label": "B",
        "tot_premiu": 2640000,
        "location": "Kesda",
        "remark": null,
        "sector_inf": "BLOCK - B",
        "industrial": "BALODA BAZAR - BHATAPARA",
        "district_i": "BALODA BAZAR - BHATAPARA",
        "plotno_inf": "10",
        "uniqueplot": "10",
        "plotactiva": null,
        "plotupdate": null,
        "plot_yesno": "YES",
        "category_i": "INDUSTRIAL PLOT-ALLOTED",
        "quest": null,
        "status_inf": "ALLOTTED",
        "applied_ti": null,
        "alloted_ti": null,
        "allotmentr": null,
        "industri_1": "INDUSTRIAL AREA KESDA_BLOCK - B",
        "industri_2": "INDUSTRIAL AREA KESDA",
        "gis_tid": null,
        "st_area_sh": 1.67940115e-07,
        "st_length_": 0.00164098982308,
        "uidv1": "IA-120",
        "status_from_csidc": "BOOKED",
        "uid": "IA-120"
      }
    },
    {
      "type": "Feature",
      "id": "csidc_industrial_area_with_plots.fid-23377b7a_19c5672bde0_70a5",
      "geometry": {
        "type": "Polygon",
        "coordinates": [
          [
            [
              81.84758749,
              21.5721285
            ],
            [
              81.84758395,
              21.57176715
            ],
            [
              81.84749825,
              21.57176788
            ],
            [
              81.84746573,
              21.57176816
            ],
            [
              81.84742538,
              21.57179469
            ],
            [
              81.84734268,
              21.57178805
            ],
            [
              81.84734604,
              21.57213057
            ],
            [
              81.84758749,
              21.5721285
            ]
          ]
        ]
      },
      "geometry_name": "geom",
      "properties": {
        "gid": 200,
        "objectid": 3022,
        "district": "Raipur",
        "plot_type": "Industrial  Purpose",
        "total_area": 973,
        "reservatio": null,
        "plot_munci": "NO",
        "corner_plo": "NO",
        "premium_ba": 1167600,
        "addi_premi": 0.0,
        "total_prem": 1167600,
        "label": null,
        "tot_premiu": 1167600,
        "location": "Khapri Khurd",
        "remark": null,
        "sector_inf": "BLOCK -",
        "industrial": "RAIPUR",
        "district_i": "RAIPUR",
        "plotno_inf": "09",
        "uniqueplot": "09",
        "plotactiva": null,
        "plotupdate": null,
        "plot_yesno": "YES",
        "category_i": "INDUSTRIAL PLOT-ALLOTED",
        "quest": null,
        "status_inf": "ALLOTTED",
        "applied_ti": null,
        "alloted_ti": null,
        "allotmentr": null,
        "industri_1": "INDUSTRIAL AREA KHAPRI KHURD_BLOCK -",
        "industri_2": "INDUSTRIAL AREA KHAPRI KHURD",
        "gis_tid": null,
        "st_area_sh": 8.4863634e-08,
        "st_length_": 0.00119482753918,
        "uidv1": "IA-44",
        "status_from_csidc": "BOOKED",
        "uid": "IA-44"
      }
    },
    {
      "type": "Feature",
      "id": "csidc_industrial_area_with_plots.fid-23377b7a_19c5672bde0_70a6",
      "geometry": {
        "type": "Polygon",
        "coordinates": [
          [
            [
              81.59131394,
              21.29206474
            ],
            [
              81.5912245,
              21.29206433
            ],
            [
              81.59104965,
              21.29205843
            ],
            [
              81.59090456,
              21.29197466
            ],
            [
              81.59089805,
              21.29197038
            ],
            [
              81.59084603,
              21.29202971
            ],
            [
              81.59096149,
              21.29211687
            ],
            [
              81.59114605,
              21.29225619
            ],
            [
              81.59131394,
              21.29206474
            ]
          ]
        ]
      },
      "geometry_name": "geom",
      "properties": {
        "gid": 201,
        "objectid": 0,
        "district": "RAIPUR",
        "plot_type": "INDUSTRIAL PURPOSE",
        "total_area": 579.679,
        "reservatio": null,
        "plot_munci": "YES",
        "corner_plo": "NO",
        "premium_ba": 14400000,
        "addi_premi": 2880000,
        "total_prem": 17280000,
        "label": null,
        "tot_premiu": 0.0,
        "location": "Sarora",
        "remark": null,
        "sector_inf": null,
        "industrial": "PLASTIC PARK",
        "district_i": "RAIPUR",
        "plotno_inf": "15",
        "uniqueplot": "15",
        "plotactiva": null,
        "plotupdate": null,
        "plot_yesno": "YES",
        "category_i": "INDUSTRIAL PLOT-ALLOTED",
        "quest": null,
        "status_inf": "ALLOTTED",
        "applied_ti": null,
        "alloted_ti": null,
        "allotmentr": null,
        "industri_1": "PLASTIC PARK",
        "industri_2": "PLASTIC PARK",
        "gis_tid": null,
        "st_area_sh": 0.0,
        "st_length_": 0.0,
        "uidv1": "IA-523",
        "status_from_csidc": "BOOKED",
        "uid": "IA-523"
      }
    },
    {
      "type": "Feature",
      "id": "csidc_industrial_area_with_plots.fid-23377b7a_19c5672bde0_70a7",
      "geometry": {
        "type": "Polygon",
        "coordinates": [
          [
            [
              82.2536872,
              22.1753048
            ],
            [
              82.25359021,
              22.17509622
            ],
            [
              82.25340745,
              22.1751527
            ],
            [
              82.25350034,
              22.17536052
            ],
            [
              82.2536872,
              22.1753048
            ]
          ]
        ]
      },
      "geometry_name": "geom",
      "properties": {
        "gid": 202,
        "objectid": 0,
        "district": "BILASPUR",
        "plot_type": "INDUSTRIAL PURPOSE",
        "total_area": 0.0,
        "reservatio": null,
        "plot_munci": null,
        "corner_plo": null,
        "premium_ba": 0.0,
        "addi_premi": 0.0,
        "total_prem": 0.0,
        "label": null,
        "tot_premiu": 0.0,
        "location": "Selar",
        "remark": null,
        "sector_inf": "BLOCK - M",
        "industrial": "Industrial Area Selar",
        "district_i": "BILASPUR",
        "plotno_inf": "10",
        "uniqueplot": "10",
        "plotactiva": null,
        "plotupdate": null,
        "plot_yesno": "YES",
        "category_i": "INDUSTRIAL PLOT-ALLOTED",
        "quest": null,
        "status_inf": "UNAVAILABLE",
        "applied_ti": null,
        "alloted_ti": null,
        "allotmentr": null,
        "industri_1": "Industrial Area Selar",
        "industri_2": "Industrial Area Selar",
        "gis_tid": null,
        "st_area_sh": 0.0,
        "st_length_": 0.0,
        "uidv1": "IA-155",
        "status_from_csidc": null,
        "uid": "IA-155"
      }
    },
    {
      "type": "Feature",
      "id": "csidc_industrial_area_with_plots.fid-23377b7a_19c5672bde0_70a8",
      "geometry": {
        "type": "Polygon",
        "coordinates": [
          [
            [
              82.90986103,
              22.98046695
            ],
            [
              82.90985641,
              22.98028604
            ],
            [
              82.90970846,
              22.98028551
            ],
            [
              82.90971215,
              22.98043024
            ],
            [
              82.90971291,
              22.98043653
            ],
            [
              82.90971484,
              22.98044262
            ],
            [
              82.9097179,
              22.98044835
            ],
            [
              82.90972197,
              22.98045353
            ],
            [
              82.90972695,
              22.98045801
            ],
            [
              82.90973268,
              22.98046165
            ],
            [
              82.90973898,
              22.98046433
            ],
            [
              82.90974566,
              22.98046599
            ],
            [
              82.90975253,
              22.98046656
            ],
            [
              82.90986103,
              22.98046695
            ]
          ]
        ]
      },
      "geometry_name": "geom",
      "properties": {
        "gid": 203,
        "objectid": 2935,
        "district": "Sarguja",
        "plot_type": "Industrial  Purpose",
        "total_area": 300,
        "reservatio": null,
        "plot_munci": "NO",
        "corner_plo": "YES",
        "premium_ba": 144000,
        "addi_premi": 14400,
        "total_prem": 158400,
        "label": "D",
        "tot_premiu": 158400,
        "location": "Rikhi",
        "remark": null,
        "sector_inf": "BLOCK - D",
        "industrial": "SARGUJA",
        "district_i": "SARGUJA",
        "plotno_inf": "15",
        "uniqueplot": "15",
        "plotactiva": null,
        "plotupdate": null,
        "plot_yesno": "YES",
        "category_i": "INDUSTRIAL PLOT-ALLOTED",
        "quest": null,
        "status_inf": "AVAILABLE",
        "applied_ti": null,
        "alloted_ti": null,
        "allotmentr": null,
        "industri_1": "INDUSTRIAL AREA RIKHI_BLOCK - D",
        "industri_2": "INDUSTRIAL AREA RIKHI",
        "gis_tid": null,
        "st_area_sh": 2.6452136e-08,
        "st_length_": 0.000642116669206,
        "uidv1": "IA-516",
        "status_from_csidc": "AVAILABLE",
        "uid": "IA-516"
      }
    },
    {
      "type": "Feature",
      "id": "csidc_industrial_area_with_plots.fid-23377b7a_19c5672bde0_70a9",
      "geometry": {
        "type": "Polygon",
        "coordinates": [
          [
            [
              82.59236534,
              23.0650817
            ],
            [
              82.59207638,
              23.06510074
            ],
            [
              82.59208892,
              23.06523611
            ],
            [
              82.59237787,
              23.06521707
            ],
            [
              82.59236534,
              23.0650817
            ]
          ]
        ]
      },
      "geometry_name": "geom",
      "properties": {
        "gid": 204,
        "objectid": 3227,
        "district": "Surajpur",
        "plot_type": "Industrial  Purpose",
        "total_area": 450,
        "reservatio": null,
        "plot_munci": "NO",
        "corner_plo": "NO",
        "premium_ba": 216000,
        "addi_premi": 0.0,
        "total_prem": 216000,
        "label": "D",
        "tot_premiu": 216000,
        "location": "Barbaspur",
        "remark": null,
        "sector_inf": "BLOCK - D",
        "industrial": "SURAJPUR",
        "district_i": "SURAJPUR",
        "plotno_inf": "15",
        "uniqueplot": "15",
        "plotactiva": null,
        "plotupdate": null,
        "plot_yesno": "YES",
        "category_i": "INDUSTRIAL PLOT-ALLOTED",
        "quest": null,
        "status_inf": "AVAILABLE",
        "applied_ti": null,
        "alloted_ti": null,
        "allotmentr": null,
        "industri_1": "INDUSTRIAL AREA BARBASPUR_BLOCK - D",
        "industri_2": "INDUSTRIAL AREA BARBASPUR",
        "gis_tid": null,
        "st_area_sh": 3.9354265e-08,
        "st_length_": 0.000851060036126,
        "uidv1": "IA-519",
        "status_from_csidc": "AVAILABLE",
        "uid": "IA-519"
      }
    },
    {
      "type": "Feature",
      "id": "csidc_industrial_area_with_plots.fid-23377b7a_19c5672bde0_70aa",
      "geometry": {
        "type": "Polygon",
        "coordinates": [
          [
            [
              83.78982499,
              22.65438682
            ],
            [
              83.78954458,
              22.65453232
            ],
            [
              83.78972609,
              22.65483202
            ],
            [
              83.7899468,
              22.65471556
            ],
            [
              83.78986039,
              22.65451407
            ],
            [
              83.78982499,
              22.65438682
            ]
          ]
        ]
      },
      "geometry_name": "geom",
      "properties": {
        "gid": 205,
        "objectid": 3011,
        "district": "Jashpur",
        "plot_type": "Industrial  Purpose",
        "total_area": 1015,
        "reservatio": null,
        "plot_munci": "NO",
        "corner_plo": "NO",
        "premium_ba": 487200,
        "addi_premi": 0.0,
        "total_prem": 487200,
        "label": null,
        "tot_premiu": 487200,
        "location": "Narayanbahali",
        "remark": null,
        "sector_inf": "BLOCK -",
        "industrial": "JASHPUR",
        "district_i": "JASHPUR",
        "plotno_inf": "15",
        "uniqueplot": "15",
        "plotactiva": null,
        "plotupdate": null,
        "plot_yesno": "YES",
        "category_i": "INDUSTRIAL PLOT-ALLOTED",
        "quest": null,
        "status_inf": "AVAILABLE",
        "applied_ti": null,
        "alloted_ti": null,
        "allotmentr": null,
        "industri_1": "INDUSTRIAL AREA NARAYANBAHALI_BLOCK -",
        "industri_2": "INDUSTRIAL AREA NARAYANBAHALI",
        "gis_tid": null,
        "st_area_sh": 9.6663905e-08,
        "st_length_": 0.00126716137391,
        "uidv1": "IA-514",
        "status_from_csidc": "AVAILABLE",
        "uid": "IA-514"
      }
    },
    {
      "type": "Feature",
      "id": "csidc_industrial_area_with_plots.fid-23377b7a_19c5672bde0_70ab",
      "geometry": {
        "type": "Polygon",
        "coordinates": [
          [
            [
              81.44084905,
              20.39765971
            ],
            [
              81.44064026,
              20.39765796
            ],
            [
              81.44064019,
              20.39793037
            ],
            [
              81.44084898,
              20.39793213
            ],
            [
              81.44084905,
              20.39765971
            ]
          ]
        ]
      },
      "geometry_name": "geom",
      "properties": {
        "gid": 206,
        "objectid": 1718,
        "district": "KANKER",
        "plot_type": "INDUSTRIAL PLOT",
        "total_area": 540,
        "reservatio": "YES",
        "plot_munci": "NO",
        "corner_plo": "YES",
        "premium_ba": 216000,
        "addi_premi": 21600,
        "total_prem": 237600,
        "label": "G",
        "tot_premiu": 237600,
        "location": "LAKHANPURI",
        "remark": null,
        "sector_inf": "BLOCK-G",
        "industrial": "LAKHANPURI",
        "district_i": "KANKER",
        "plotno_inf": "12",
        "uniqueplot": null,
        "plotactiva": "2018-01-31Z",
        "plotupdate": null,
        "plot_yesno": "YES",
        "category_i": "INDUSTRIAL PLOT-ALLOTED",
        "quest": null,
        "status_inf": "ALLOTTED",
        "applied_ti": null,
        "alloted_ti": null,
        "allotmentr": null,
        "industri_1": null,
        "industri_2": null,
        "gis_tid": null,
        "st_area_sh": 5.6878106e-08,
        "st_length_": 0.000962429810626,
        "uidv1": "IA-312",
        "status_from_csidc": null,
        "uid": "IA-312"
      }
    },
    {
      "type": "Feature",
      "id": "csidc_industrial_area_with_plots.fid-23377b7a_19c5672bde0_70ac",
      "geometry": {
        "type": "Polygon",
        "coordinates": [
          [
            [
              81.59045686,
              21.29269234
            ],
            [
              81.59024871,
              21.29253521
            ],
            [
              81.58988391,
              21.29295121
            ],
            [
              81.59009206,
              21.29310833
            ],
            [
              81.59045686,
              21.29269234
            ]
          ]
        ]
      },
      "geometry_name": "geom",
      "properties": {
        "gid": 207,
        "objectid": 0,
        "district": "RAIPUR",
        "plot_type": "INDUSTRIAL PURPOSE",
        "total_area": 1624.2,
        "reservatio": null,
        "plot_munci": "YES",
        "corner_plo": "YES",
        "premium_ba": 14400000,
        "addi_premi": 4320000,
        "total_prem": 18720000,
        "label": null,
        "tot_premiu": 0.0,
        "location": "Sarora",
        "remark": null,
        "sector_inf": null,
        "industrial": "PLASTIC PARK",
        "district_i": "RAIPUR",
        "plotno_inf": "8",
        "uniqueplot": "8",
        "plotactiva": null,
        "plotupdate": null,
        "plot_yesno": "YES",
        "category_i": "INDUSTRIAL PLOT-ALLOTED",
        "quest": null,
        "status_inf": "ALLOTTED",
        "applied_ti": null,
        "alloted_ti": null,
        "allotmentr": null,
        "industri_1": "PLASTIC PARK",
        "industri_2": "PLASTIC PARK",
        "gis_tid": null,
        "st_area_sh": 0.0,
        "st_length_": 0.0,
        "uidv1": "IA-1804",
        "status_from_csidc": "ALLOTTED",
        "uid": "IA-1804"
      }
    },
    {
      "type": "Feature",
      "id": "csidc_industrial_area_with_plots.fid-23377b7a_19c5672bde0_7179",
      "geometry": {
        "type": "Polygon",
        "coordinates": [
          [
            [
              81.79345245,
              21.21142961
            ],
            [
              81.79335645,
              21.21116367
            ],
            [
              81.7928766,
              21.21132381
            ],
            [
              81.7929726,
              21.21158975
            ],
            [
              81.79345245,
              21.21142961
            ]
          ]
        ]
      },
      "geometry_name": "geom",
      "properties": {
        "gid": 1,
        "objectid": 0,
        "district": "RAIPUR",
        "plot_type": "INDUSTRIAL PURPOSE",
        "total_area": 1400,
        "reservatio": null,
        "plot_munci": null,
        "corner_plo": "YES",
        "premium_ba": 25000000,
        "addi_premi": 2500000,
        "total_prem": 27500000,
        "label": null,
        "tot_premiu": 0.0,
        "location": "Sector-5 Nava Raipur Atal Nagar",
        "remark": null,
        "sector_inf": null,
        "industrial": "READYMADE GARMENTS PARK",
        "district_i": "RAIPUR",
        "plotno_inf": "5",
        "uniqueplot": "5",
        "plotactiva": null,
        "plotupdate": null,
        "plot_yesno": "YES",
        "category_i": "INDUSTRIAL PLOT-ALLOTED",
        "quest": null,
        "status_inf": "ALLOTTED",
        "applied_ti": null,
        "alloted_ti": null,
        "allotmentr": null,
        "industri_1": "READYMADE GARMENTS PARK",
        "industri_2": "READYMADE GARMENTS PARK",
        "gis_tid": null,
        "st_area_sh": 0.0,
        "st_length_": 0.0,
        "uidv1": "IA-1407",
        "status_from_csidc": "ALLOTTED",
        "uid": "IA-1407"
      }
    },
    {
      "type": "Feature",
      "id": "csidc_industrial_area_with_plots.fid-23377b7a_19c5672bde0_717a",
      "geometry": {
        "type": "Polygon",
        "coordinates": [
          [
            [
              81.70725771,
              18.39568527
            ],
            [
              81.70721213,
              18.39546579
            ],
            [
              81.70683162,
              18.39553957
            ],
            [
              81.70687719,
              18.39575904
            ],
            [
              81.70725771,
              18.39568527
            ]
          ]
        ]
      },
      "geometry_name": "geom",
      "properties": {
        "gid": 2,
        "objectid": 2,
        "district": "SUKMA",
        "plot_type": "Industrial Purpose",
        "total_area": 1000,
        "reservatio": "NO",
        "plot_munci": "YES",
        "corner_plo": "YES",
        "premium_ba": 4000000,
        "addi_premi": 1200000,
        "total_prem": 5200000,
        "label": null,
        "tot_premiu": 0.0,
        "location": "SUKMA",
        "remark": null,
        "sector_inf": null,
        "industrial": "Food Park Sukma",
        "district_i": "Sukma",
        "plotno_inf": "2",
        "uniqueplot": "2",
        "plotactiva": null,
        "plotupdate": null,
        "plot_yesno": "Yes",
        "category_i": "INDUSTRIAL PLOT-ALLOTED",
        "quest": null,
        "status_inf": "ALLOTTED",
        "applied_ti": null,
        "alloted_ti": null,
        "allotmentr": null,
        "industri_1": "Food Park Sukma",
        "industri_2": "Food Park Sukma",
        "gis_tid": null,
        "st_area_sh": 0.0,
        "st_length_": 0.0,
        "uidv1": null,
        "status_from_csidc": "ALLOTTED",
        "uid": "IA-2030"
      }
    },
    {
      "type": "Feature",
      "id": "csidc_industrial_area_with_plots.fid-23377b7a_19c5672bde0_717b",
      "geometry": {
        "type": "Polygon",
        "coordinates": [
          [
            [
              81.35864282,
              18.91344736
            ],
            [
              81.35858429,
              18.91344331
            ],
            [
              81.35857993,
              18.91355994
            ],
            [
              81.35863846,
              18.91356399
            ],
            [
              81.35864282,
              18.91344736
            ]
          ]
        ]
      },
      "geometry_name": "geom",
      "properties": {
        "gid": 3,
        "objectid": 1807,
        "district": "Dantewada",
        "plot_type": "INDUSTRIAL PURPOSE",
        "total_area": 0.0,
        "reservatio": null,
        "plot_munci": null,
        "corner_plo": null,
        "premium_ba": 0.0,
        "addi_premi": 0.0,
        "total_prem": 0.0,
        "label": null,
        "tot_premiu": 0.0,
        "location": "Tekanar",
        "remark": null,
        "sector_inf": "Other",
        "industrial": "TEKNAR",
        "district_i": "Dantewada",
        "plotno_inf": "17 E",
        "uniqueplot": null,
        "plotactiva": "2018-01-31Z",
        "plotupdate": null,
        "plot_yesno": "YES",
        "category_i": "INDUSTRIAL PLOT-ALLOTED",
        "quest": null,
        "status_inf": "UNAVAILABLE",
        "applied_ti": null,
        "alloted_ti": null,
        "allotmentr": null,
        "industri_1": null,
        "industri_2": null,
        "gis_tid": null,
        "st_area_sh": 6.843853e-09,
        "st_length_": 0.000350757269856,
        "uidv1": "IA-615",
        "status_from_csidc": null,
        "uid": "IA-615"
      }
    },
    {
      "type": "Feature",
      "id": "csidc_industrial_area_with_plots.fid-23377b7a_19c5672bde0_717c",
      "geometry": {
        "type": "Polygon",
        "coordinates": [
          [
            [
              81.70653929,
              18.39536958
            ],
            [
              81.70653424,
              18.39536933
            ],
            [
              81.7065292,
              18.39536989
            ],
            [
              81.70627235,
              18.39541969
            ],
            [
              81.7062997,
              18.39555137
            ],
            [
              81.70658508,
              18.39549604
            ],
            [
              81.70656321,
              18.39539069
            ],
            [
              81.70656182,
              18.3953862
            ],
            [
              81.70655962,
              18.39538202
            ],
            [
              81.70655665,
              18.39537826
            ],
            [
              81.70655301,
              18.39537506
            ],
            [
              81.70654882,
              18.39537249
            ],
            [
              81.7065442,
              18.39537065
            ],
            [
              81.70653929,
              18.39536958
            ]
          ]
        ]
      },
      "geometry_name": "geom",
      "properties": {
        "gid": 4,
        "objectid": 24,
        "district": "SUKMA",
        "plot_type": "Industrial Purpose",
        "total_area": 448.07,
        "reservatio": "NO",
        "plot_munci": "YES",
        "corner_plo": "YES",
        "premium_ba": 4000000,
        "addi_premi": 1200000,
        "total_prem": 5200000,
        "label": null,
        "tot_premiu": 0.0,
        "location": "SUKMA",
        "remark": null,
        "sector_inf": null,
        "industrial": "Food Park Sukma",
        "district_i": "Sukma",
        "plotno_inf": "24",
        "uniqueplot": "24",
        "plotactiva": null,
        "plotupdate": null,
        "plot_yesno": "Yes",
        "category_i": "INDUSTRIAL PLOT-ALLOTED",
        "quest": null,
        "status_inf": "AVAILABLE",
        "applied_ti": null,
        "alloted_ti": null,
        "allotmentr": null,
        "industri_1": "Food Park Sukma",
        "industri_2": "Food Park Sukma",
        "gis_tid": null,
        "st_area_sh": 0.0,
        "st_length_": 0.0,
        "uidv1": null,
        "status_from_csidc": "AVAILABLE",
        "uid": "IA-2026"
      }
    },
    {
      "type": "Feature",
      "id": "csidc_industrial_area_with_plots.fid-23377b7a_19c5672bde0_717d",
      "geometry": {
        "type": "Polygon",
        "coordinates": [
          [
            [
              82.24659453,
              22.17809033
            ],
            [
              82.24674155,
              22.17841958
            ],
            [
              82.24720528,
              22.17827999
            ],
            [
              82.24706148,
              22.17794916
            ],
            [
              82.24659453,
              22.17809033
            ]
          ]
        ]
      },
      "geometry_name": "geom",
      "properties": {
        "gid": 5,
        "objectid": 0,
        "district": "BILASPUR",
        "plot_type": "INDUSTRIAL PURPOSE",
        "total_area": 2000,
        "reservatio": null,
        "plot_munci": "No",
        "corner_plo": "No",
        "premium_ba": 14400000,
        "addi_premi": 0.0,
        "total_prem": 2880000,
        "label": null,
        "tot_premiu": 0.0,
        "location": "Selar",
        "remark": null,
        "sector_inf": "BLOCK - G",
        "industrial": "Industrial Area Selar",
        "district_i": "BILASPUR",
        "plotno_inf": "3",
        "uniqueplot": "3",
        "plotactiva": null,
        "plotupdate": null,
        "plot_yesno": "YES",
        "category_i": "INDUSTRIAL PLOT-ALLOTED",
        "quest": null,
        "status_inf": "ALLOTTED",
        "applied_ti": null,
        "alloted_ti": null,
        "allotmentr": null,
        "industri_1": "Industrial Area Selar",
        "industri_2": "Industrial Area Selar",
        "gis_tid": null,
        "st_area_sh": 0.0,
        "st_length_": 0.0,
        "uidv1": "IA-1037",
        "status_from_csidc": "ALLOTTED",
        "uid": "IA-1037"
      }
    },
    {
      "type": "Feature",
      "id": "csidc_industrial_area_with_plots.fid-23377b7a_19c5672bde0_717e",
      "geometry": {
        "type": "Polygon",
        "coordinates": [
          [
            [
              81.59145125,
              21.29269398
            ],
            [
              81.59103662,
              21.29238099
            ],
            [
              81.59085422,
              21.29258899
            ],
            [
              81.59130154,
              21.29292665
            ],
            [
              81.59145124,
              21.29270086
            ],
            [
              81.59145428,
              21.29269626
            ],
            [
              81.59145125,
              21.29269398
            ]
          ]
        ]
      },
      "geometry_name": "geom",
      "properties": {
        "gid": 6,
        "objectid": 0,
        "district": "RAIPUR",
        "plot_type": "INDUSTRIAL PURPOSE",
        "total_area": 1687.081,
        "reservatio": null,
        "plot_munci": "YES",
        "corner_plo": "YES",
        "premium_ba": 14400000,
        "addi_premi": 4320000,
        "total_prem": 18720000,
        "label": null,
        "tot_premiu": 0.0,
        "location": "Sarora",
        "remark": null,
        "sector_inf": null,
        "industrial": "PLASTIC PARK",
        "district_i": "RAIPUR",
        "plotno_inf": "17",
        "uniqueplot": "17",
        "plotactiva": null,
        "plotupdate": null,
        "plot_yesno": "YES",
        "category_i": "INDUSTRIAL PLOT-ALLOTED",
        "quest": null,
        "status_inf": "ALLOTTED",
        "applied_ti": null,
        "alloted_ti": null,
        "allotmentr": null,
        "industri_1": "PLASTIC PARK",
        "industri_2": "PLASTIC PARK",
        "gis_tid": null,
        "st_area_sh": 0.0,
        "st_length_": 0.0,
        "uidv1": "IA-585",
        "status_from_csidc": "BOOKED",
        "uid": "IA-585"
      }
    },
    {
      "type": "Feature",
      "id": "csidc_industrial_area_with_plots.fid-23377b7a_19c5672bde0_717f",
      "geometry": {
        "type": "Polygon",
        "coordinates": [
          [
            [
              81.52910363,
              20.68997029
            ],
            [
              81.52910343,
              20.68996953
            ],
            [
              81.52905066,
              20.68976671
            ],
            [
              81.52888353,
              20.68980462
            ],
            [
              81.5289365,
              20.69000819
            ],
            [
              81.52910363,
              20.68997029
            ]
          ]
        ]
      },
      "geometry_name": "geom",
      "properties": {
        "gid": 7,
        "objectid": 6,
        "district": "Dhamtari",
        "plot_type": "INDUSTRIAL PURPOSE",
        "total_area": 540,
        "reservatio": "No",
        "plot_munci": "YES",
        "corner_plo": "No",
        "premium_ba": 4000000,
        "addi_premi": 400000,
        "total_prem": 4400000,
        "label": null,
        "tot_premiu": 0.0,
        "location": "Shyamtarai",
        "remark": null,
        "sector_inf": null,
        "industrial": "Inustrial Area Shyamtarai",
        "district_i": "Dhamtari",
        "plotno_inf": "6",
        "uniqueplot": "6",
        "plotactiva": null,
        "plotupdate": null,
        "plot_yesno": "Yes",
        "category_i": "INDUSTRIAL PLOT-ALLOTED",
        "quest": null,
        "status_inf": "ALLOTTED",
        "applied_ti": null,
        "alloted_ti": null,
        "allotmentr": null,
        "industri_1": "Industrial Area Shyamtarai",
        "industri_2": "Industrial Area Shyamtarai",
        "gis_tid": null,
        "st_area_sh": 3.6030866e-08,
        "st_length_": 0.000763451463747,
        "uidv1": null,
        "status_from_csidc": "ALLOTTED",
        "uid": "IA-2014"
      }
    },
    {
      "type": "Feature",
      "id": "csidc_industrial_area_with_plots.fid-23377b7a_19c5672bde0_7180",
      "geometry": {
        "type": "Polygon",
        "coordinates": [
          [
            [
              83.85437214,
              22.51679248
            ],
            [
              83.85437226,
              22.51679193
            ],
            [
              83.85436388,
              22.51679215
            ],
            [
              83.85414124,
              22.51676388
            ],
            [
              83.85407898,
              22.51705997
            ],
            [
              83.85430742,
              22.51710025
            ],
            [
              83.85437214,
              22.51679248
            ]
          ]
        ]
      },
      "geometry_name": "geom",
      "properties": {
        "gid": 8,
        "objectid": 0,
        "district": "JASPUR",
        "plot_type": "INDUSTRIAL PURPOSE",
        "total_area": 0.0,
        "reservatio": null,
        "plot_munci": "0",
        "corner_plo": "0",
        "premium_ba": 0.0,
        "addi_premi": 0.0,
        "total_prem": 0.0,
        "label": null,
        "tot_premiu": 0.0,
        "location": "Farshabahar Jaspur",
        "remark": null,
        "sector_inf": null,
        "industrial": "Farshabahar Industrial Area and Food Park",
        "district_i": "JASPUR",
        "plotno_inf": "11",
        "uniqueplot": "11",
        "plotactiva": null,
        "plotupdate": null,
        "plot_yesno": "YES",
        "category_i": "INDUSTRIAL PLOT-ALLOTED",
        "quest": null,
        "status_inf": "AVAILABLE",
        "applied_ti": null,
        "alloted_ti": null,
        "allotmentr": null,
        "industri_1": "Food Park Farshabahar",
        "industri_2": "Food Park Farshabahar",
        "gis_tid": null,
        "st_area_sh": 0.0,
        "st_length_": 0.0,
        "uidv1": "IA-2215",
        "status_from_csidc": "AVAILABLE",
        "uid": "IA-2215"
      }
    },
    {
      "type": "Feature",
      "id": "csidc_industrial_area_with_plots.fid-23377b7a_19c5672bde0_7181",
      "geometry": {
        "type": "Polygon",
        "coordinates": [
          [
            [
              83.85463004,
              22.51821453
            ],
            [
              83.85445103,
              22.51818297
            ],
            [
              83.85436828,
              22.51857648
            ],
            [
              83.85440643,
              22.51859092
            ],
            [
              83.85454744,
              22.51860734
            ],
            [
              83.85463004,
              22.51821453
            ]
          ]
        ]
      },
      "geometry_name": "geom",
      "properties": {
        "gid": 10,
        "objectid": 0,
        "district": "JASPUR",
        "plot_type": "INDUSTRIAL PURPOSE",
        "total_area": 0.0,
        "reservatio": null,
        "plot_munci": "0",
        "corner_plo": "0",
        "premium_ba": 0.0,
        "addi_premi": 0.0,
        "total_prem": 0.0,
        "label": null,
        "tot_premiu": 0.0,
        "location": "Farshabahar Jaspur",
        "remark": null,
        "sector_inf": null,
        "industrial": "Farshabahar Industrial Area and Food Park",
        "district_i": "JASPUR",
        "plotno_inf": "32",
        "uniqueplot": "32",
        "plotactiva": null,
        "plotupdate": null,
        "plot_yesno": "YES",
        "category_i": "INDUSTRIAL PLOT - AVAILABLE",
        "quest": null,
        "status_inf": "AVAILABLE",
        "applied_ti": null,
        "alloted_ti": null,
        "allotmentr": null,
        "industri_1": "Food Park Farshabahar",
        "industri_2": "Food Park Farshabahar",
        "gis_tid": null,
        "st_area_sh": 0.0,
        "st_length_": 0.0,
        "uidv1": "IA-2236",
        "status_from_csidc": "AVAILABLE",
        "uid": "IA-2236"
      }
    },
    {
      "type": "Feature",
      "id": "csidc_industrial_area_with_plots.fid-23377b7a_19c5672bde0_7182",
      "geometry": {
        "type": "Polygon",
        "coordinates": [
          [
            [
              83.85568984,
              22.51876602
            ],
            [
              83.85549094,
              22.51873095
            ],
            [
              83.855417,
              22.51908257
            ],
            [
              83.85557597,
              22.5191109
            ],
            [
              83.85557607,
              22.51911091
            ],
            [
              83.85558229,
              22.51911158
            ],
            [
              83.85558271,
              22.51911156
            ],
            [
              83.85558501,
              22.51911149
            ],
            [
              83.85558942,
              22.51911124
            ],
            [
              83.85559203,
              22.51911078
            ],
            [
              83.85559597,
              22.51910993
            ],
            [
              83.85559859,
              22.51910907
            ],
            [
              83.85560217,
              22.51910767
            ],
            [
              83.85560465,
              22.51910644
            ],
            [
              83.85560787,
              22.51910452
            ],
            [
              83.85561008,
              22.51910295
            ],
            [
              83.8556129,
              22.51910053
            ],
            [
              83.85561477,
              22.51909872
            ],
            [
              83.85561715,
              22.5190958
            ],
            [
              83.85561859,
              22.51909386
            ],
            [
              83.85562054,
              22.51909027
            ],
            [
              83.85562144,
              22.51908849
            ],
            [
              83.85562324,
              22.51908277
            ],
            [
              83.85568984,
              22.51876602
            ]
          ]
        ]
      },
      "geometry_name": "geom",
      "properties": {
        "gid": 11,
        "objectid": 0,
        "district": "JASPUR",
        "plot_type": "INDUSTRIAL PURPOSE",
        "total_area": 720,
        "reservatio": null,
        "plot_munci": "No",
        "corner_plo": "No",
        "premium_ba": 4800000,
        "addi_premi": 0.0,
        "total_prem": 4800000,
        "label": null,
        "tot_premiu": 4800000,
        "location": "Farshabahar Jaspur",
        "remark": null,
        "sector_inf": null,
        "industrial": "Farshabahar Industrial Area and Food Park",
        "district_i": "JASPUR",
        "plotno_inf": "22",
        "uniqueplot": "22",
        "plotactiva": null,
        "plotupdate": null,
        "plot_yesno": "YES",
        "category_i": "INDUSTRIAL PLOT-ALLOTED",
        "quest": null,
        "status_inf": "AVAILABLE",
        "applied_ti": null,
        "alloted_ti": null,
        "allotmentr": null,
        "industri_1": "Food Park Farshabahar",
        "industri_2": "Food Park Farshabahar",
        "gis_tid": null,
        "st_area_sh": 0.0,
        "st_length_": 0.0,
        "uidv1": "IA-2225",
        "status_from_csidc": "AVAILABLE",
        "uid": "IA-2225"
      }
    },
    {
      "type": "Feature",
      "id": "csidc_industrial_area_with_plots.fid-23377b7a_19c5672bde0_7183",
      "geometry": {
        "type": "Polygon",
        "coordinates": [
          [
            [
              83.85653564,
              22.51882343
            ],
            [
              83.85639466,
              22.51879857
            ],
            [
              83.85633458,
              22.51878798
            ],
            [
              83.85628837,
              22.51900772
            ],
            [
              83.85624172,
              22.51922961
            ],
            [
              83.85624164,
              22.51922996
            ],
            [
              83.85644045,
              22.51926545
            ],
            [
              83.85653564,
              22.51882343
            ]
          ]
        ]
      },
      "geometry_name": "geom",
      "properties": {
        "gid": 12,
        "objectid": 0,
        "district": "JASPUR",
        "plot_type": "INDUSTRIAL PURPOSE",
        "total_area": 0.0,
        "reservatio": null,
        "plot_munci": "0",
        "corner_plo": "0",
        "premium_ba": 0.0,
        "addi_premi": 0.0,
        "total_prem": 0.0,
        "label": null,
        "tot_premiu": 0.0,
        "location": "Farshabahar Jaspur",
        "remark": null,
        "sector_inf": null,
        "industrial": "Farshabahar Industrial Area and Food Park",
        "district_i": "JASPUR",
        "plotno_inf": "21",
        "uniqueplot": "21",
        "plotactiva": null,
        "plotupdate": null,
        "plot_yesno": "YES",
        "category_i": "INDUSTRIAL PLOT-ALLOTED",
        "quest": null,
        "status_inf": "AVAILABLE",
        "applied_ti": null,
        "alloted_ti": null,
        "allotmentr": null,
        "industri_1": "Food Park Farshabahar",
        "industri_2": "Food Park Farshabahar",
        "gis_tid": null,
        "st_area_sh": 0.0,
        "st_length_": 0.0,
        "uidv1": "IA-2226",
        "status_from_csidc": "AVAILABLE",
        "uid": "IA-2226"
      }
    },
    {
      "type": "Feature",
      "id": "csidc_industrial_area_with_plots.fid-23377b7a_19c5672bde0_7184",
      "geometry": {
        "type": "Polygon",
        "coordinates": [
          [
            [
              81.70777097,
              18.39672732
            ],
            [
              81.70772539,
              18.39650784
            ],
            [
              81.70744001,
              18.39656318
            ],
            [
              81.70748558,
              18.39678266
            ],
            [
              81.70777097,
              18.39672732
            ]
          ]
        ]
      },
      "geometry_name": "geom",
      "properties": {
        "gid": 13,
        "objectid": 10,
        "district": "SUKMA",
        "plot_type": "Industrial Purpose",
        "total_area": 750,
        "reservatio": "YES",
        "plot_munci": "YES",
        "corner_plo": "NO",
        "premium_ba": 4000000,
        "addi_premi": 800000,
        "total_prem": 4800000,
        "label": null,
        "tot_premiu": 0.0,
        "location": "SUKMA",
        "remark": null,
        "sector_inf": null,
        "industrial": "Food Park Sukma",
        "district_i": "Sukma",
        "plotno_inf": "10",
        "uniqueplot": "10",
        "plotactiva": null,
        "plotupdate": null,
        "plot_yesno": "Yes",
        "category_i": "INDUSTRIAL PLOT-ALLOTED",
        "quest": null,
        "status_inf": "AVAILABLE",
        "applied_ti": null,
        "alloted_ti": null,
        "allotmentr": null,
        "industri_1": "Food Park Sukma",
        "industri_2": "Food Park Sukma",
        "gis_tid": null,
        "st_area_sh": 0.0,
        "st_length_": 0.0,
        "uidv1": null,
        "status_from_csidc": "AVAILABLE",
        "uid": "IA-2045"
      }
    },
    {
      "type": "Feature",
      "id": "csidc_industrial_area_with_plots.fid-23377b7a_19c5672bde0_7185",
      "geometry": {
        "type": "Polygon",
        "coordinates": [
          [
            [
              81.69337577,
              20.96934505
            ],
            [
              81.69358257,
              20.96924152
            ],
            [
              81.69347287,
              20.96904696
            ],
            [
              81.69305928,
              20.96925402
            ],
            [
              81.69316897,
              20.96944857
            ],
            [
              81.69337577,
              20.96934505
            ]
          ]
        ]
      },
      "geometry_name": "geom",
      "properties": {
        "gid": 9,
        "objectid": 16,
        "district": "Dhamtari",
        "plot_type": "INDUSTRIAL PURPOSE",
        "total_area": 1250,
        "reservatio": "No",
        "plot_munci": "No",
        "corner_plo": "No",
        "premium_ba": 10000000,
        "addi_premi": 0.0,
        "total_prem": 10000000,
        "label": null,
        "tot_premiu": 0.0,
        "location": "G-Jamgoan",
        "remark": null,
        "sector_inf": null,
        "industrial": "Industrial Area G-Jamgoan",
        "district_i": "Dhamtari",
        "plotno_inf": "16",
        "uniqueplot": "16",
        "plotactiva": null,
        "plotupdate": null,
        "plot_yesno": "YES",
        "category_i": "INDUSTRIAL PLOT-ALLOTED",
        "quest": null,
        "status_inf": "AVAILABLE",
        "applied_ti": null,
        "alloted_ti": null,
        "allotmentr": null,
        "industri_1": "Industrial Area G-Jamgoan",
        "industri_2": "Industrial Area G-Jamgoan",
        "gis_tid": null,
        "st_area_sh": 0.0,
        "st_length_": 0.0,
        "uidv1": null,
        "status_from_csidc": "AVAILABLE",
        "uid": "IA-1979"
      }
    },
    {
      "type": "Feature",
      "id": "csidc_industrial_area_with_plots.fid-23377b7a_19c5672bde0_7186",
      "geometry": {
        "type": "Polygon",
        "coordinates": [
          [
            [
              81.70781108,
              18.39692046
            ],
            [
              81.70777097,
              18.39672732
            ],
            [
              81.70748558,
              18.39678266
            ],
            [
              81.70753116,
              18.39700214
            ],
            [
              81.70778801,
              18.39695233
            ],
            [
              81.70779288,
              18.39695097
            ],
            [
              81.70779744,
              18.39694885
            ],
            [
              81.70780154,
              18.39694604
            ],
            [
              81.70780507,
              18.39694262
            ],
            [
              81.70780791,
              18.39693869
            ],
            [
              81.70780999,
              18.39693437
            ],
            [
              81.70781122,
              18.39692981
            ],
            [
              81.70781159,
              18.39692512
            ],
            [
              81.70781108,
              18.39692046
            ]
          ]
        ]
      },
      "geometry_name": "geom",
      "properties": {
        "gid": 14,
        "objectid": 9,
        "district": "SUKMA",
        "plot_type": "Industrial Purpose",
        "total_area": 748.07,
        "reservatio": "YES",
        "plot_munci": "YES",
        "corner_plo": "YES",
        "premium_ba": 4000000,
        "addi_premi": 1200000,
        "total_prem": 5200000,
        "label": null,
        "tot_premiu": 0.0,
        "location": "SUKMA",
        "remark": null,
        "sector_inf": null,
        "industrial": "Food Park Sukma",
        "district_i": "Sukma",
        "plotno_inf": "9",
        "uniqueplot": "9",
        "plotactiva": null,
        "plotupdate": null,
        "plot_yesno": "Yes",
        "category_i": "INDUSTRIAL PLOT-ALLOTED",
        "quest": null,
        "status_inf": "AVAILABLE",
        "applied_ti": null,
        "alloted_ti": null,
        "allotmentr": null,
        "industri_1": "Food Park Sukma",
        "industri_2": "Food Park Sukma",
        "gis_tid": null,
        "st_area_sh": 0.0,
        "st_length_": 0.0,
        "uidv1": null,
        "status_from_csidc": "AVAILABLE",
        "uid": "IA-2047"
      }
    },
    {
      "type": "Feature",
      "id": "csidc_industrial_area_with_plots.fid-23377b7a_19c5672bde0_7187",
      "geometry": {
        "type": "Polygon",
        "coordinates": [
          [
            [
              81.70680384,
              18.39654954
            ],
            [
              81.70677649,
              18.39641785
            ],
            [
              81.7064911,
              18.39647318
            ],
            [
              81.70651845,
              18.39660487
            ],
            [
              81.70680384,
              18.39654954
            ]
          ]
        ]
      },
      "geometry_name": "geom",
      "properties": {
        "gid": 15,
        "objectid": 16,
        "district": "SUKMA",
        "plot_type": "Industrial Purpose",
        "total_area": 450,
        "reservatio": "YES",
        "plot_munci": "YES",
        "corner_plo": "YES",
        "premium_ba": 4000000,
        "addi_premi": 1200000,
        "total_prem": 5200000,
        "label": null,
        "tot_premiu": 0.0,
        "location": "SUKMA",
        "remark": null,
        "sector_inf": null,
        "industrial": "Food Park Sukma",
        "district_i": "Sukma",
        "plotno_inf": "16",
        "uniqueplot": "16",
        "plotactiva": null,
        "plotupdate": null,
        "plot_yesno": "Yes",
        "category_i": "INDUSTRIAL PLOT-ALLOTED",
        "quest": null,
        "status_inf": "AVAILABLE",
        "applied_ti": null,
        "alloted_ti": null,
        "allotmentr": null,
        "industri_1": "Food Park Sukma",
        "industri_2": "Food Park Sukma",
        "gis_tid": null,
        "st_area_sh": 0.0,
        "st_length_": 0.0,
        "uidv1": null,
        "status_from_csidc": "AVAILABLE",
        "uid": "IA-2050"
      }
    },
    {
      "type": "Feature",
      "id": "csidc_industrial_area_with_plots.fid-23377b7a_19c5672bde0_7188",
      "geometry": {
        "type": "Polygon",
        "coordinates": [
          [
            [
              81.70766906,
              18.39480459
            ],
            [
              81.7074778,
              18.39483892
            ],
            [
              81.70751426,
              18.39501451
            ],
            [
              81.70770452,
              18.39497762
            ],
            [
              81.70766906,
              18.39480459
            ]
          ]
        ]
      },
      "geometry_name": "geom",
      "properties": {
        "gid": 16,
        "objectid": 40,
        "district": "SUKMA",
        "plot_type": "Industrial Purpose",
        "total_area": 400,
        "reservatio": "YES",
        "plot_munci": "YES",
        "corner_plo": "NO",
        "premium_ba": 4000000,
        "addi_premi": 800000,
        "total_prem": 4800000,
        "label": null,
        "tot_premiu": 0.0,
        "location": "SUKMA",
        "remark": null,
        "sector_inf": null,
        "industrial": "Food Park Sukma",
        "district_i": "Sukma",
        "plotno_inf": "40",
        "uniqueplot": "40",
        "plotactiva": null,
        "plotupdate": null,
        "plot_yesno": "Yes",
        "category_i": "INDUSTRIAL PLOT-ALLOTED",
        "quest": null,
        "status_inf": "AVAILABLE",
        "applied_ti": null,
        "alloted_ti": null,
        "allotmentr": null,
        "industri_1": "Food Park Sukma",
        "industri_2": "Food Park Sukma",
        "gis_tid": null,
        "st_area_sh": 0.0,
        "st_length_": 0.0,
        "uidv1": null,
        "status_from_csidc": "AVAILABLE",
        "uid": "IA-2048"
      }
    },
    {
      "type": "Feature",
      "id": "csidc_industrial_area_with_plots.fid-23377b7a_19c5672bde0_7189",
      "geometry": {
        "type": "Polygon",
        "coordinates": [
          [
            [
              81.70753116,
              18.39700214
            ],
            [
              81.70748558,
              18.39678266
            ],
            [
              81.70710506,
              18.39685644
            ],
            [
              81.70714517,
              18.39704958
            ],
            [
              81.70714655,
              18.39705407
            ],
            [
              81.70714876,
              18.39705825
            ],
            [
              81.70715173,
              18.397062
            ],
            [
              81.70715536,
              18.39706521
            ],
            [
              81.70715956,
              18.39706778
            ],
            [
              81.70716418,
              18.39706962
            ],
            [
              81.70716909,
              18.39707068
            ],
            [
              81.70717414,
              18.39707094
            ],
            [
              81.70717918,
              18.39707038
            ],
            [
              81.70753116,
              18.39700214
            ]
          ]
        ]
      },
      "geometry_name": "geom",
      "properties": {
        "gid": 17,
        "objectid": 8,
        "district": "SUKMA",
        "plot_type": "Industrial Purpose",
        "total_area": 998.07,
        "reservatio": "NO",
        "plot_munci": "YES",
        "corner_plo": "YES",
        "premium_ba": 4000000,
        "addi_premi": 1200000,
        "total_prem": 5200000,
        "label": null,
        "tot_premiu": 0.0,
        "location": "SUKMA",
        "remark": null,
        "sector_inf": null,
        "industrial": "Food Park Sukma",
        "district_i": "Sukma",
        "plotno_inf": "8",
        "uniqueplot": "8",
        "plotactiva": null,
        "plotupdate": null,
        "plot_yesno": "Yes",
        "category_i": "INDUSTRIAL PLOT-ALLOTED",
        "quest": null,
        "status_inf": "ALLOTTED",
        "applied_ti": null,
        "alloted_ti": null,
        "allotmentr": null,
        "industri_1": "Food Park Sukma",
        "industri_2": "Food Park Sukma",
        "gis_tid": null,
        "st_area_sh": 0.0,
        "st_length_": 0.0,
        "uidv1": null,
        "status_from_csidc": "ALLOTTED",
        "uid": "IA-2046"
      }
    },
    {
      "type": "Feature",
      "id": "csidc_industrial_area_with_plots.fid-23377b7a_19c5672bde0_718a",
      "geometry": {
        "type": "Polygon",
        "coordinates": [
          [
            [
              83.85463144,
              22.51678557
            ],
            [
              83.85463155,
              22.51678502
            ],
            [
              83.85437226,
              22.51679193
            ],
            [
              83.85437214,
              22.51679248
            ],
            [
              83.85430742,
              22.51710025
            ],
            [
              83.85455604,
              22.51714409
            ],
            [
              83.85463144,
              22.51678557
            ]
          ]
        ]
      },
      "geometry_name": "geom",
      "properties": {
        "gid": 18,
        "objectid": 0,
        "district": "JASPUR",
        "plot_type": "INDUSTRIAL PURPOSE",
        "total_area": 0.0,
        "reservatio": null,
        "plot_munci": "0",
        "corner_plo": "0",
        "premium_ba": 0.0,
        "addi_premi": 0.0,
        "total_prem": 0.0,
        "label": null,
        "tot_premiu": 0.0,
        "location": "Farshabahar Jaspur",
        "remark": null,
        "sector_inf": null,
        "industrial": "Farshabahar Industrial Area and Food Park",
        "district_i": "JASPUR",
        "plotno_inf": "10",
        "uniqueplot": "10",
        "plotactiva": null,
        "plotupdate": null,
        "plot_yesno": "YES",
        "category_i": "INDUSTRIAL PLOT-ALLOTED",
        "quest": null,
        "status_inf": "AVAILABLE",
        "applied_ti": null,
        "alloted_ti": null,
        "allotmentr": null,
        "industri_1": "Food Park Farshabahar",
        "industri_2": "Food Park Farshabahar",
        "gis_tid": null,
        "st_area_sh": 0.0,
        "st_length_": 0.0,
        "uidv1": "IA-2214",
        "status_from_csidc": "AVAILABLE",
        "uid": "IA-2214"
      }
    },
    {
      "type": "Feature",
      "id": "csidc_industrial_area_with_plots.fid-23377b7a_19c5672bde0_718b",
      "geometry": {
        "type": "Polygon",
        "coordinates": [
          [
            [
              83.85488465,
              22.51680757
            ],
            [
              83.85488476,
              22.51680703
            ],
            [
              83.85482094,
              22.51681665
            ],
            [
              83.85464447,
              22.51678468
            ],
            [
              83.85463155,
              22.51678502
            ],
            [
              83.85463144,
              22.51678557
            ],
            [
              83.85455604,
              22.51714409
            ],
            [
              83.85480467,
              22.51718793
            ],
            [
              83.85488465,
              22.51680757
            ]
          ]
        ]
      },
      "geometry_name": "geom",
      "properties": {
        "gid": 19,
        "objectid": 0,
        "district": "JASPUR",
        "plot_type": "INDUSTRIAL PURPOSE",
        "total_area": 1034,
        "reservatio": null,
        "plot_munci": "No",
        "corner_plo": "No",
        "premium_ba": 4800000,
        "addi_premi": 0.0,
        "total_prem": 4800000,
        "label": null,
        "tot_premiu": 4800000,
        "location": "Farshabahar Jaspur",
        "remark": null,
        "sector_inf": null,
        "industrial": "Farshabahar Industrial Area and Food Park",
        "district_i": "JASPUR",
        "plotno_inf": "9",
        "uniqueplot": "9",
        "plotactiva": null,
        "plotupdate": null,
        "plot_yesno": "YES",
        "category_i": "INDUSTRIAL PLOT-ALLOTED",
        "quest": null,
        "status_inf": "AVAILABLE",
        "applied_ti": null,
        "alloted_ti": null,
        "allotmentr": null,
        "industri_1": "Food Park Farshabahar",
        "industri_2": "Food Park Farshabahar",
        "gis_tid": null,
        "st_area_sh": 0.0,
        "st_length_": 0.0,
        "uidv1": "IA-2213",
        "status_from_csidc": "AVAILABLE",
        "uid": "IA-2213"
      }
    },
    {
      "type": "Feature",
      "id": "csidc_industrial_area_with_plots.fid-23377b7a_19c5672bde0_718c",
      "geometry": {
        "type": "Polygon",
        "coordinates": [
          [
            [
              83.85513202,
              22.51685735
            ],
            [
              83.85513257,
              22.51685476
            ],
            [
              83.85513268,
              22.51685421
            ],
            [
              83.85488551,
              22.51680692
            ],
            [
              83.85488476,
              22.51680703
            ],
            [
              83.85488465,
              22.51680757
            ],
            [
              83.85480467,
              22.51718793
            ],
            [
              83.85505329,
              22.51723177
            ],
            [
              83.85513202,
              22.51685735
            ]
          ]
        ]
      },
      "geometry_name": "geom",
      "properties": {
        "gid": 20,
        "objectid": 0,
        "district": "JASPUR",
        "plot_type": "INDUSTRIAL PURPOSE",
        "total_area": 1079,
        "reservatio": null,
        "plot_munci": "No",
        "corner_plo": "No",
        "premium_ba": 4800000,
        "addi_premi": 0.0,
        "total_prem": 4800000,
        "label": null,
        "tot_premiu": 4800000,
        "location": "Farshabahar Jaspur",
        "remark": null,
        "sector_inf": null,
        "industrial": "Farshabahar Industrial Area and Food Park",
        "district_i": "JASPUR",
        "plotno_inf": "8",
        "uniqueplot": "8",
        "plotactiva": null,
        "plotupdate": null,
        "plot_yesno": "YES",
        "category_i": "INDUSTRIAL PLOT-ALLOTED",
        "quest": null,
        "status_inf": "AVAILABLE",
        "applied_ti": null,
        "alloted_ti": null,
        "allotmentr": null,
        "industri_1": "Food Park Farshabahar",
        "industri_2": "Food Park Farshabahar",
        "gis_tid": null,
        "st_area_sh": 0.0,
        "st_length_": 0.0,
        "uidv1": "IA-2212",
        "status_from_csidc": "AVAILABLE",
        "uid": "IA-2212"
      }
    },
    {
      "type": "Feature",
      "id": "csidc_industrial_area_with_plots.fid-23377b7a_19c5672bde0_718d",
      "geometry": {
        "type": "Polygon",
        "coordinates": [
          [
            [
              81.70748558,
              18.39678266
            ],
            [
              81.70744001,
              18.39656318
            ],
            [
              81.70705949,
              18.39663696
            ],
            [
              81.70710506,
              18.39685644
            ],
            [
              81.70748558,
              18.39678266
            ]
          ]
        ]
      },
      "geometry_name": "geom",
      "properties": {
        "gid": 21,
        "objectid": 7,
        "district": "SUKMA",
        "plot_type": "Industrial Purpose",
        "total_area": 1000,
        "reservatio": "NO",
        "plot_munci": "YES",
        "corner_plo": "YES",
        "premium_ba": 4000000,
        "addi_premi": 1200000,
        "total_prem": 5200000,
        "label": null,
        "tot_premiu": 0.0,
        "location": "SUKMA",
        "remark": null,
        "sector_inf": null,
        "industrial": "Food Park Sukma",
        "district_i": "Sukma",
        "plotno_inf": "7",
        "uniqueplot": "7",
        "plotactiva": null,
        "plotupdate": null,
        "plot_yesno": "Yes",
        "category_i": "INDUSTRIAL PLOT-ALLOTED",
        "quest": null,
        "status_inf": "ALLOTTED",
        "applied_ti": null,
        "alloted_ti": null,
        "allotmentr": null,
        "industri_1": "Food Park Sukma",
        "industri_2": "Food Park Sukma",
        "gis_tid": null,
        "st_area_sh": 0.0,
        "st_length_": 0.0,
        "uidv1": null,
        "status_from_csidc": "ALLOTTED",
        "uid": "IA-2049"
      }
    },
    {
      "type": "Feature",
      "id": "csidc_industrial_area_with_plots.fid-23377b7a_19c5672bde0_718e",
      "geometry": {
        "type": "Polygon",
        "coordinates": [
          [
            [
              81.70767982,
              18.39628837
            ],
            [
              81.70765247,
              18.39615668
            ],
            [
              81.70736709,
              18.39621201
            ],
            [
              81.70739443,
              18.3963437
            ],
            [
              81.70767982,
              18.39628837
            ]
          ]
        ]
      },
      "geometry_name": "geom",
      "properties": {
        "gid": 22,
        "objectid": 12,
        "district": "SUKMA",
        "plot_type": "Industrial Purpose",
        "total_area": 450,
        "reservatio": "YES",
        "plot_munci": "YES",
        "corner_plo": "NO",
        "premium_ba": 4000000,
        "addi_premi": 800000,
        "total_prem": 4800000,
        "label": null,
        "tot_premiu": 0.0,
        "location": "SUKMA",
        "remark": null,
        "sector_inf": null,
        "industrial": "Food Park Sukma",
        "district_i": "Sukma",
        "plotno_inf": "12",
        "uniqueplot": "12",
        "plotactiva": null,
        "plotupdate": null,
        "plot_yesno": "Yes",
        "category_i": "INDUSTRIAL PLOT-ALLOTED",
        "quest": null,
        "status_inf": "AVAILABLE",
        "applied_ti": null,
        "alloted_ti": null,
        "allotmentr": null,
        "industri_1": "Food Park Sukma",
        "industri_2": "Food Park Sukma",
        "gis_tid": null,
        "st_area_sh": 0.0,
        "st_length_": 0.0,
        "uidv1": null,
        "status_from_csidc": "AVAILABLE",
        "uid": "IA-1950"
      }
    },
    {
      "type": "Feature",
      "id": "csidc_industrial_area_with_plots.fid-23377b7a_19c5672bde0_718f",
      "geometry": {
        "type": "Polygon",
        "coordinates": [
          [
            [
              81.35846723,
              18.91343521
            ],
            [
              81.3584087,
              18.91343115
            ],
            [
              81.35840434,
              18.91354778
            ],
            [
              81.35846287,
              18.91355183
            ],
            [
              81.35846723,
              18.91343521
            ]
          ]
        ]
      },
      "geometry_name": "geom",
      "properties": {
        "gid": 24,
        "objectid": 1804,
        "district": "Dantewada",
        "plot_type": "INDUSTRIAL PURPOSE",
        "total_area": 0.0,
        "reservatio": null,
        "plot_munci": null,
        "corner_plo": null,
        "premium_ba": 0.0,
        "addi_premi": 0.0,
        "total_prem": 0.0,
        "label": null,
        "tot_premiu": 0.0,
        "location": "Tekanar",
        "remark": null,
        "sector_inf": "Other",
        "industrial": "TEKNAR",
        "district_i": "Dantewada",
        "plotno_inf": "17 B",
        "uniqueplot": null,
        "plotactiva": "2018-01-31Z",
        "plotupdate": null,
        "plot_yesno": "YES",
        "category_i": "INDUSTRIAL PLOT-ALLOTED",
        "quest": null,
        "status_inf": "UNAVAILABLE",
        "applied_ti": null,
        "alloted_ti": null,
        "allotmentr": null,
        "industri_1": null,
        "industri_2": null,
        "gis_tid": null,
        "st_area_sh": 6.843945e-09,
        "st_length_": 0.000350759373212,
        "uidv1": "IA-612",
        "status_from_csidc": null,
        "uid": "IA-612"
      }
    },
    {
      "type": "Feature",
      "id": "csidc_industrial_area_with_plots.fid-23377b7a_19c5672bde0_7190",
      "geometry": {
        "type": "Polygon",
        "coordinates": [
          [
            [
              81.70736709,
              18.39621201
            ],
            [
              81.70734886,
              18.39612422
            ],
            [
              81.70696834,
              18.396198
            ],
            [
              81.70701392,
              18.39641748
            ],
            [
              81.70739443,
              18.3963437
            ],
            [
              81.70736709,
              18.39621201
            ]
          ]
        ]
      },
      "geometry_name": "geom",
      "properties": {
        "gid": 25,
        "objectid": 5,
        "district": "SUKMA",
        "plot_type": "Industrial Purpose",
        "total_area": 1000,
        "reservatio": "NO",
        "plot_munci": "YES",
        "corner_plo": "YES",
        "premium_ba": 4000000,
        "addi_premi": 1200000,
        "total_prem": 5200000,
        "label": null,
        "tot_premiu": 0.0,
        "location": "SUKMA",
        "remark": null,
        "sector_inf": null,
        "industrial": "Food Park Sukma",
        "district_i": "Sukma",
        "plotno_inf": "5",
        "uniqueplot": "5",
        "plotactiva": null,
        "plotupdate": null,
        "plot_yesno": "Yes",
        "category_i": "INDUSTRIAL PLOT-ALLOTED",
        "quest": null,
        "status_inf": "ALLOTTED",
        "applied_ti": null,
        "alloted_ti": null,
        "allotmentr": null,
        "industri_1": "Food Park Sukma",
        "industri_2": "Food Park Sukma",
        "gis_tid": null,
        "st_area_sh": 0.0,
        "st_length_": 0.0,
        "uidv1": null,
        "status_from_csidc": "ALLOTTED",
        "uid": "IA-1953"
      }
    },
    {
      "type": "Feature",
      "id": "csidc_industrial_area_with_plots.fid-23377b7a_19c5672bde0_7191",
      "geometry": {
        "type": "Polygon",
        "coordinates": [
          [
            [
              81.69304231,
              20.96760601
            ],
            [
              81.69291068,
              20.96737254
            ],
            [
              81.69274524,
              20.96745536
            ],
            [
              81.69287687,
              20.96768883
            ],
            [
              81.69304231,
              20.96760601
            ]
          ]
        ]
      },
      "geometry_name": "geom",
      "properties": {
        "gid": 26,
        "objectid": 32,
        "district": "Dhamtari",
        "plot_type": "INDUSTRIAL PURPOSE",
        "total_area": 600,
        "reservatio": "yes",
        "plot_munci": "No",
        "corner_plo": "No",
        "premium_ba": 10000000,
        "addi_premi": 0.0,
        "total_prem": 10000000,
        "label": null,
        "tot_premiu": 0.0,
        "location": "G-Jamgoan",
        "remark": null,
        "sector_inf": null,
        "industrial": "Industrial Area G-Jamgoan",
        "district_i": "Dhamtari",
        "plotno_inf": "32",
        "uniqueplot": "32",
        "plotactiva": null,
        "plotupdate": null,
        "plot_yesno": "YES",
        "category_i": "INDUSTRIAL PLOT-ALLOTED",
        "quest": null,
        "status_inf": "AVAILABLE",
        "applied_ti": null,
        "alloted_ti": null,
        "allotmentr": null,
        "industri_1": "Industrial Area G-Jamgoan",
        "industri_2": "Industrial Area G-Jamgoan",
        "gis_tid": null,
        "st_area_sh": 0.0,
        "st_length_": 0.0,
        "uidv1": null,
        "status_from_csidc": "AVAILABLE",
        "uid": "IA-1962"
      }
    },
    {
      "type": "Feature",
      "id": "csidc_industrial_area_with_plots.fid-23377b7a_19c5672bde0_7192",
      "geometry": {
        "type": "Polygon",
        "coordinates": [
          [
            [
              81.692485,
              20.96710665
            ],
            [
              81.69237531,
              20.9669121
            ],
            [
              81.69220987,
              20.96699492
            ],
            [
              81.69231956,
              20.96718947
            ],
            [
              81.692485,
              20.96710665
            ]
          ]
        ]
      },
      "geometry_name": "geom",
      "properties": {
        "gid": 27,
        "objectid": 38,
        "district": "Dhamtari",
        "plot_type": "INDUSTRIAL PURPOSE",
        "total_area": 500,
        "reservatio": "yes",
        "plot_munci": "No",
        "corner_plo": "No",
        "premium_ba": 10000000,
        "addi_premi": 0.0,
        "total_prem": 10000000,
        "label": null,
        "tot_premiu": 0.0,
        "location": "G-Jamgoan",
        "remark": null,
        "sector_inf": null,
        "industrial": "Industrial Area G-Jamgoan",
        "district_i": "Dhamtari",
        "plotno_inf": "38",
        "uniqueplot": "38",
        "plotactiva": null,
        "plotupdate": null,
        "plot_yesno": "YES",
        "category_i": "INDUSTRIAL PLOT-ALLOTED",
        "quest": null,
        "status_inf": "ALLOTTED",
        "applied_ti": null,
        "alloted_ti": null,
        "allotmentr": null,
        "industri_1": "Industrial Area G-Jamgoan",
        "industri_2": "Industrial Area G-Jamgoan",
        "gis_tid": null,
        "st_area_sh": 0.0,
        "st_length_": 0.0,
        "uidv1": null,
        "status_from_csidc": "ALLOTTED",
        "uid": "IA-1956"
      }
    },
    {
      "type": "Feature",
      "id": "csidc_industrial_area_with_plots.fid-23377b7a_19c5672bde0_7193",
      "geometry": {
        "type": "Polygon",
        "coordinates": [
          [
            [
              81.69265044,
              20.96702383
            ],
            [
              81.69254075,
              20.96682927
            ],
            [
              81.69237531,
              20.9669121
            ],
            [
              81.692485,
              20.96710665
            ],
            [
              81.69265044,
              20.96702383
            ]
          ]
        ]
      },
      "geometry_name": "geom",
      "properties": {
        "gid": 28,
        "objectid": 39,
        "district": "Dhamtari",
        "plot_type": "INDUSTRIAL PURPOSE",
        "total_area": 500,
        "reservatio": "yes",
        "plot_munci": "No",
        "corner_plo": "No",
        "premium_ba": 10000000,
        "addi_premi": 0.0,
        "total_prem": 10000000,
        "label": null,
        "tot_premiu": 0.0,
        "location": "G-Jamgoan",
        "remark": null,
        "sector_inf": null,
        "industrial": "Industrial Area G-Jamgoan",
        "district_i": "Dhamtari",
        "plotno_inf": "39",
        "uniqueplot": "39",
        "plotactiva": null,
        "plotupdate": null,
        "plot_yesno": "YES",
        "category_i": "INDUSTRIAL PLOT-ALLOTED",
        "quest": null,
        "status_inf": "AVAILABLE",
        "applied_ti": null,
        "alloted_ti": null,
        "allotmentr": null,
        "industri_1": "Industrial Area G-Jamgoan",
        "industri_2": "Industrial Area G-Jamgoan",
        "gis_tid": null,
        "st_area_sh": 0.0,
        "st_length_": 0.0,
        "uidv1": null,
        "status_from_csidc": "AVAILABLE",
        "uid": "IA-1955"
      }
    },
    {
      "type": "Feature",
      "id": "csidc_industrial_area_with_plots.fid-23377b7a_19c5672bde0_7194",
      "geometry": {
        "type": "Polygon",
        "coordinates": [
          [
            [
              81.69274524,
              20.96745536
            ],
            [
              81.69261361,
              20.96722189
            ],
            [
              81.69244817,
              20.96730471
            ],
            [
              81.6925798,
              20.96753818
            ],
            [
              81.69274524,
              20.96745536
            ]
          ]
        ]
      },
      "geometry_name": "geom",
      "properties": {
        "gid": 29,
        "objectid": 36,
        "district": "Dhamtari",
        "plot_type": "INDUSTRIAL PURPOSE",
        "total_area": 600,
        "reservatio": "No",
        "plot_munci": "No",
        "corner_plo": "No",
        "premium_ba": 10000000,
        "addi_premi": 0.0,
        "total_prem": 10000000,
        "label": null,
        "tot_premiu": 0.0,
        "location": "G-Jamgoan",
        "remark": null,
        "sector_inf": null,
        "industrial": "Industrial Area G-Jamgoan",
        "district_i": "Dhamtari",
        "plotno_inf": "36",
        "uniqueplot": "36",
        "plotactiva": null,
        "plotupdate": null,
        "plot_yesno": "YES",
        "category_i": "INDUSTRIAL PLOT-ALLOTED",
        "quest": null,
        "status_inf": "ALLOTTED",
        "applied_ti": null,
        "alloted_ti": null,
        "allotmentr": null,
        "industri_1": "Industrial Area G-Jamgoan",
        "industri_2": "Industrial Area G-Jamgoan",
        "gis_tid": null,
        "st_area_sh": 0.0,
        "st_length_": 0.0,
        "uidv1": null,
        "status_from_csidc": "BOOKED",
        "uid": "IA-1959"
      }
    },
    {
      "type": "Feature",
      "id": "csidc_industrial_area_with_plots.fid-23377b7a_19c5672bde0_7195",
      "geometry": {
        "type": "Polygon",
        "coordinates": [
          [
            [
              81.6925798,
              20.96753818
            ],
            [
              81.69244817,
              20.96730471
            ],
            [
              81.69228273,
              20.96738753
            ],
            [
              81.69241437,
              20.967621
            ],
            [
              81.6925798,
              20.96753818
            ]
          ]
        ]
      },
      "geometry_name": "geom",
      "properties": {
        "gid": 30,
        "objectid": 37,
        "district": "Dhamtari",
        "plot_type": "INDUSTRIAL PURPOSE",
        "total_area": 600,
        "reservatio": "No",
        "plot_munci": "No",
        "corner_plo": "No",
        "premium_ba": 10000000,
        "addi_premi": 0.0,
        "total_prem": 10000000,
        "label": null,
        "tot_premiu": 0.0,
        "location": "G-Jamgoan",
        "remark": null,
        "sector_inf": null,
        "industrial": "Industrial Area G-Jamgoan",
        "district_i": "Dhamtari",
        "plotno_inf": "37",
        "uniqueplot": "37",
        "plotactiva": null,
        "plotupdate": null,
        "plot_yesno": "YES",
        "category_i": "INDUSTRIAL PLOT-ALLOTED",
        "quest": null,
        "status_inf": "ALLOTTED",
        "applied_ti": null,
        "alloted_ti": null,
        "allotmentr": null,
        "industri_1": "Industrial Area G-Jamgoan",
        "industri_2": "Industrial Area G-Jamgoan",
        "gis_tid": null,
        "st_area_sh": 0.0,
        "st_length_": 0.0,
        "uidv1": null,
        "status_from_csidc": "BOOKED",
        "uid": "IA-1961"
      }
    },
    {
      "type": "Feature",
      "id": "csidc_industrial_area_with_plots.fid-23377b7a_19c5672bde0_7196",
      "geometry": {
        "type": "Polygon",
        "coordinates": [
          [
            [
              81.69286551,
              20.96691617
            ],
            [
              81.69274591,
              20.96675178
            ],
            [
              81.69268651,
              20.9667563
            ],
            [
              81.69254075,
              20.96682927
            ],
            [
              81.69265044,
              20.96702383
            ],
            [
              81.69286551,
              20.96691617
            ]
          ]
        ]
      },
      "geometry_name": "geom",
      "properties": {
        "gid": 31,
        "objectid": 40,
        "district": "Dhamtari",
        "plot_type": "INDUSTRIAL PURPOSE",
        "total_area": 635,
        "reservatio": "yes",
        "plot_munci": "No",
        "corner_plo": "Yes",
        "premium_ba": 10000000,
        "addi_premi": 1000000,
        "total_prem": 11000000,
        "label": null,
        "tot_premiu": 0.0,
        "location": "G-Jamgoan",
        "remark": null,
        "sector_inf": null,
        "industrial": "Industrial Area G-Jamgoan",
        "district_i": "Dhamtari",
        "plotno_inf": "40",
        "uniqueplot": "40",
        "plotactiva": null,
        "plotupdate": null,
        "plot_yesno": "YES",
        "category_i": "INDUSTRIAL PLOT-ALLOTED",
        "quest": null,
        "status_inf": "ALLOTTED",
        "applied_ti": null,
        "alloted_ti": null,
        "allotmentr": null,
        "industri_1": "Industrial Area G-Jamgoan",
        "industri_2": "Industrial Area G-Jamgoan",
        "gis_tid": null,
        "st_area_sh": 0.0,
        "st_length_": 0.0,
        "uidv1": null,
        "status_from_csidc": "BOOKED",
        "uid": "IA-1954"
      }
    },
    {
      "type": "Feature",
      "id": "csidc_industrial_area_with_plots.fid-23377b7a_19c5672bde0_7197",
      "geometry": {
        "type": "Polygon",
        "coordinates": [
          [
            [
              81.35870135,
              18.91345141
            ],
            [
              81.35864282,
              18.91344736
            ],
            [
              81.35863846,
              18.91356399
            ],
            [
              81.35869699,
              18.91356804
            ],
            [
              81.35870135,
              18.91345141
            ]
          ]
        ]
      },
      "geometry_name": "geom",
      "properties": {
        "gid": 34,
        "objectid": 1808,
        "district": "Dantewada",
        "plot_type": "INDUSTRIAL PURPOSE",
        "total_area": 0.0,
        "reservatio": null,
        "plot_munci": null,
        "corner_plo": null,
        "premium_ba": 0.0,
        "addi_premi": 0.0,
        "total_prem": 0.0,
        "label": null,
        "tot_premiu": 0.0,
        "location": "Tekanar",
        "remark": null,
        "sector_inf": "Other",
        "industrial": "TEKNAR",
        "district_i": "Dantewada",
        "plotno_inf": "17 F",
        "uniqueplot": null,
        "plotactiva": "2018-01-31Z",
        "plotupdate": null,
        "plot_yesno": "YES",
        "category_i": "INDUSTRIAL PLOT-ALLOTED",
        "quest": null,
        "status_inf": "UNAVAILABLE",
        "applied_ti": null,
        "alloted_ti": null,
        "allotmentr": null,
        "industri_1": null,
        "industri_2": null,
        "gis_tid": null,
        "st_area_sh": 6.843941e-09,
        "st_length_": 0.000350759298463,
        "uidv1": "IA-616",
        "status_from_csidc": null,
        "uid": "IA-616"
      }
    },
    {
      "type": "Feature",
      "id": "csidc_industrial_area_with_plots.fid-23377b7a_19c5672bde0_7198",
      "geometry": {
        "type": "Polygon",
        "coordinates": [
          [
            [
              81.69300728,
              20.96820233
            ],
            [
              81.69304864,
              20.96818162
            ],
            [
              81.69287313,
              20.96787033
            ],
            [
              81.69266633,
              20.96797385
            ],
            [
              81.69284184,
              20.96828515
            ],
            [
              81.69300728,
              20.96820233
            ]
          ]
        ]
      },
      "geometry_name": "geom",
      "properties": {
        "gid": 37,
        "objectid": 28,
        "district": "Dhamtari",
        "plot_type": "INDUSTRIAL PURPOSE",
        "total_area": 1000,
        "reservatio": "yes",
        "plot_munci": "No",
        "corner_plo": "No",
        "premium_ba": 10000000,
        "addi_premi": 0.0,
        "total_prem": 10000000,
        "label": null,
        "tot_premiu": 0.0,
        "location": "G-Jamgoan",
        "remark": null,
        "sector_inf": null,
        "industrial": "Industrial Area G-Jamgoan",
        "district_i": "Dhamtari",
        "plotno_inf": "28",
        "uniqueplot": "28",
        "plotactiva": null,
        "plotupdate": null,
        "plot_yesno": "YES",
        "category_i": "INDUSTRIAL PLOT-ALLOTED",
        "quest": null,
        "status_inf": "ALLOTTED",
        "applied_ti": null,
        "alloted_ti": null,
        "allotmentr": null,
        "industri_1": "Industrial Area G-Jamgoan",
        "industri_2": "Industrial Area G-Jamgoan",
        "gis_tid": null,
        "st_area_sh": 0.0,
        "st_length_": 0.0,
        "uidv1": null,
        "status_from_csidc": "ALLOTTED",
        "uid": "IA-1967"
      }
    },
    {
      "type": "Feature",
      "id": "csidc_industrial_area_with_plots.fid-23377b7a_19c5672bde0_7199",
      "geometry": {
        "type": "Polygon",
        "coordinates": [
          [
            [
              81.69318279,
              20.96851362
            ],
            [
              81.69300728,
              20.96820233
            ],
            [
              81.69284184,
              20.96828515
            ],
            [
              81.69280048,
              20.96830585
            ],
            [
              81.69297599,
              20.96861715
            ],
            [
              81.69318279,
              20.96851362
            ]
          ]
        ]
      },
      "geometry_name": "geom",
      "properties": {
        "gid": 38,
        "objectid": 24,
        "district": "Dhamtari",
        "plot_type": "INDUSTRIAL PURPOSE",
        "total_area": 1000,
        "reservatio": "No",
        "plot_munci": "No",
        "corner_plo": "No",
        "premium_ba": 10000000,
        "addi_premi": 0.0,
        "total_prem": 10000000,
        "label": null,
        "tot_premiu": 0.0,
        "location": "G-Jamgoan",
        "remark": null,
        "sector_inf": null,
        "industrial": "Industrial Area G-Jamgoan",
        "district_i": "Dhamtari",
        "plotno_inf": "24",
        "uniqueplot": "24",
        "plotactiva": null,
        "plotupdate": null,
        "plot_yesno": "YES",
        "category_i": "INDUSTRIAL PLOT-ALLOTED",
        "quest": null,
        "status_inf": "ALLOTTED",
        "applied_ti": null,
        "alloted_ti": null,
        "allotmentr": null,
        "industri_1": "Industrial Area G-Jamgoan",
        "industri_2": "Industrial Area G-Jamgoan",
        "gis_tid": null,
        "st_area_sh": 0.0,
        "st_length_": 0.0,
        "uidv1": null,
        "status_from_csidc": "ALLOTTED",
        "uid": "IA-1971"
      }
    },
    {
      "type": "Feature",
      "id": "csidc_industrial_area_with_plots.fid-23377b7a_19c5672bde0_719a",
      "geometry": {
        "type": "Polygon",
        "coordinates": [
          [
            [
              81.69338958,
              20.96841009
            ],
            [
              81.69321408,
              20.9680988
            ],
            [
              81.69304864,
              20.96818162
            ],
            [
              81.69300728,
              20.96820233
            ],
            [
              81.69318279,
              20.96851362
            ],
            [
              81.69338958,
              20.96841009
            ]
          ]
        ]
      },
      "geometry_name": "geom",
      "properties": {
        "gid": 39,
        "objectid": 23,
        "district": "Dhamtari",
        "plot_type": "INDUSTRIAL PURPOSE",
        "total_area": 1000,
        "reservatio": "No",
        "plot_munci": "No",
        "corner_plo": "No",
        "premium_ba": 10000000,
        "addi_premi": 0.0,
        "total_prem": 10000000,
        "label": null,
        "tot_premiu": 0.0,
        "location": "G-Jamgoan",
        "remark": null,
        "sector_inf": null,
        "industrial": "Industrial Area G-Jamgoan",
        "district_i": "Dhamtari",
        "plotno_inf": "23",
        "uniqueplot": "23",
        "plotactiva": null,
        "plotupdate": null,
        "plot_yesno": "YES",
        "category_i": "INDUSTRIAL PLOT-ALLOTED",
        "quest": null,
        "status_inf": "ALLOTTED",
        "applied_ti": null,
        "alloted_ti": null,
        "allotmentr": null,
        "industri_1": "Industrial Area G-Jamgoan",
        "industri_2": "Industrial Area G-Jamgoan",
        "gis_tid": null,
        "st_area_sh": 0.0,
        "st_length_": 0.0,
        "uidv1": null,
        "status_from_csidc": "ALLOTTED",
        "uid": "IA-1970"
      }
    },
    {
      "type": "Feature",
      "id": "csidc_industrial_area_with_plots.fid-23377b7a_19c5672bde0_719b",
      "geometry": {
        "type": "Polygon",
        "coordinates": [
          [
            [
              81.69363774,
              20.96828586
            ],
            [
              81.69346223,
              20.96797457
            ],
            [
              81.69325543,
              20.96807809
            ],
            [
              81.69321408,
              20.9680988
            ],
            [
              81.69338958,
              20.96841009
            ],
            [
              81.69363774,
              20.96828586
            ]
          ]
        ]
      },
      "geometry_name": "geom",
      "properties": {
        "gid": 40,
        "objectid": 22,
        "district": "Dhamtari",
        "plot_type": "INDUSTRIAL PURPOSE",
        "total_area": 1200,
        "reservatio": "No",
        "plot_munci": "No",
        "corner_plo": "Yes",
        "premium_ba": 10000000,
        "addi_premi": 1000000,
        "total_prem": 11000000,
        "label": null,
        "tot_premiu": 0.0,
        "location": "G-Jamgoan",
        "remark": null,
        "sector_inf": null,
        "industrial": "Industrial Area G-Jamgoan",
        "district_i": "Dhamtari",
        "plotno_inf": "22",
        "uniqueplot": "22",
        "plotactiva": null,
        "plotupdate": null,
        "plot_yesno": "YES",
        "category_i": "INDUSTRIAL PLOT-ALLOTED",
        "quest": null,
        "status_inf": "ALLOTTED",
        "applied_ti": null,
        "alloted_ti": null,
        "allotmentr": null,
        "industri_1": "Industrial Area G-Jamgoan",
        "industri_2": "Industrial Area G-Jamgoan",
        "gis_tid": null,
        "st_area_sh": 0.0,
        "st_length_": 0.0,
        "uidv1": null,
        "status_from_csidc": "ALLOTTED",
        "uid": "IA-1969"
      }
    },
    {
      "type": "Feature",
      "id": "csidc_industrial_area_with_plots.fid-23377b7a_19c5672bde0_719c",
      "geometry": {
        "type": "Polygon",
        "coordinates": [
          [
            [
              81.69287687,
              20.96768883
            ],
            [
              81.69274524,
              20.96745536
            ],
            [
              81.6925798,
              20.96753818
            ],
            [
              81.69271143,
              20.96777165
            ],
            [
              81.69287687,
              20.96768883
            ]
          ]
        ]
      },
      "geometry_name": "geom",
      "properties": {
        "gid": 42,
        "objectid": 31,
        "district": "Dhamtari",
        "plot_type": "INDUSTRIAL PURPOSE",
        "total_area": 600,
        "reservatio": "yes",
        "plot_munci": "No",
        "corner_plo": "No",
        "premium_ba": 10000000,
        "addi_premi": 0.0,
        "total_prem": 10000000,
        "label": null,
        "tot_premiu": 0.0,
        "location": "G-Jamgoan",
        "remark": null,
        "sector_inf": null,
        "industrial": "Industrial Area G-Jamgoan",
        "district_i": "Dhamtari",
        "plotno_inf": "31",
        "uniqueplot": "31",
        "plotactiva": null,
        "plotupdate": null,
        "plot_yesno": "YES",
        "category_i": "INDUSTRIAL PLOT-ALLOTED",
        "quest": null,
        "status_inf": "AVAILABLE",
        "applied_ti": null,
        "alloted_ti": null,
        "allotmentr": null,
        "industri_1": "Industrial Area G-Jamgoan",
        "industri_2": "Industrial Area G-Jamgoan",
        "gis_tid": null,
        "st_area_sh": 0.0,
        "st_length_": 0.0,
        "uidv1": null,
        "status_from_csidc": "AVAILABLE",
        "uid": "IA-1963"
      }
    },
    {
      "type": "Feature",
      "id": "csidc_industrial_area_with_plots.fid-23377b7a_19c5672bde0_719d",
      "geometry": {
        "type": "Polygon",
        "coordinates": [
          [
            [
              81.69271143,
              20.96777165
            ],
            [
              81.6925798,
              20.96753818
            ],
            [
              81.69241437,
              20.967621
            ],
            [
              81.69254599,
              20.96785447
            ],
            [
              81.69271143,
              20.96777165
            ]
          ]
        ]
      },
      "geometry_name": "geom",
      "properties": {
        "gid": 43,
        "objectid": 30,
        "district": "Dhamtari",
        "plot_type": "INDUSTRIAL PURPOSE",
        "total_area": 600,
        "reservatio": "yes",
        "plot_munci": "No",
        "corner_plo": "No",
        "premium_ba": 10000000,
        "addi_premi": 0.0,
        "total_prem": 10000000,
        "label": null,
        "tot_premiu": 0.0,
        "location": "G-Jamgoan",
        "remark": null,
        "sector_inf": null,
        "industrial": "Industrial Area G-Jamgoan",
        "district_i": "Dhamtari",
        "plotno_inf": "30",
        "uniqueplot": "30",
        "plotactiva": null,
        "plotupdate": null,
        "plot_yesno": "YES",
        "category_i": "INDUSTRIAL PLOT-ALLOTED",
        "quest": null,
        "status_inf": "AVAILABLE",
        "applied_ti": null,
        "alloted_ti": null,
        "allotmentr": null,
        "industri_1": "Industrial Area G-Jamgoan",
        "industri_2": "Industrial Area G-Jamgoan",
        "gis_tid": null,
        "st_area_sh": 0.0,
        "st_length_": 0.0,
        "uidv1": null,
        "status_from_csidc": "AVAILABLE",
        "uid": "IA-1964"
      }
    },
    {
      "type": "Feature",
      "id": "csidc_industrial_area_with_plots.fid-23377b7a_19c5672bde0_719e",
      "geometry": {
        "type": "Polygon",
        "coordinates": [
          [
            [
              81.69382641,
              20.9686205
            ],
            [
              81.69371672,
              20.96842595
            ],
            [
              81.69325349,
              20.96865784
            ],
            [
              81.69336318,
              20.9688524
            ],
            [
              81.69382641,
              20.9686205
            ]
          ]
        ]
      },
      "geometry_name": "geom",
      "properties": {
        "gid": 35,
        "objectid": 19,
        "district": "Dhamtari",
        "plot_type": "INDUSTRIAL PURPOSE",
        "total_area": 1400,
        "reservatio": "No",
        "plot_munci": "No",
        "corner_plo": "Yes",
        "premium_ba": 10000000,
        "addi_premi": 1000000,
        "total_prem": 11000000,
        "label": null,
        "tot_premiu": 0.0,
        "location": "G-Jamgoan",
        "remark": null,
        "sector_inf": null,
        "industrial": "Industrial Area G-Jamgoan",
        "district_i": "Dhamtari",
        "plotno_inf": "19",
        "uniqueplot": "19",
        "plotactiva": null,
        "plotupdate": null,
        "plot_yesno": "YES",
        "category_i": "INDUSTRIAL PLOT-ALLOTED",
        "quest": null,
        "status_inf": "AVAILABLE",
        "applied_ti": null,
        "alloted_ti": null,
        "allotmentr": null,
        "industri_1": "Industrial Area G-Jamgoan",
        "industri_2": "Industrial Area G-Jamgoan",
        "gis_tid": null,
        "st_area_sh": 0.0,
        "st_length_": 0.0,
        "uidv1": null,
        "status_from_csidc": "AVAILABLE",
        "uid": "IA-1973"
      }
    },
    {
      "type": "Feature",
      "id": "csidc_industrial_area_with_plots.fid-23377b7a_19c5672bde0_719f",
      "geometry": {
        "type": "Polygon",
        "coordinates": [
          [
            [
              81.69280048,
              20.96830585
            ],
            [
              81.69284184,
              20.96828515
            ],
            [
              81.69266633,
              20.96797385
            ],
            [
              81.69251744,
              20.96804839
            ],
            [
              81.69269295,
              20.96835969
            ],
            [
              81.69280048,
              20.96830585
            ]
          ]
        ]
      },
      "geometry_name": "geom",
      "properties": {
        "gid": 41,
        "objectid": 29,
        "district": "Dhamtari",
        "plot_type": "INDUSTRIAL PURPOSE",
        "total_area": 720,
        "reservatio": "yes",
        "plot_munci": "No",
        "corner_plo": "No",
        "premium_ba": 10000000,
        "addi_premi": 0.0,
        "total_prem": 10000000,
        "label": null,
        "tot_premiu": 0.0,
        "location": "G-Jamgoan",
        "remark": null,
        "sector_inf": null,
        "industrial": "Industrial Area G-Jamgoan",
        "district_i": "Dhamtari",
        "plotno_inf": "29",
        "uniqueplot": "29",
        "plotactiva": null,
        "plotupdate": null,
        "plot_yesno": "YES",
        "category_i": "INDUSTRIAL PLOT-ALLOTED",
        "quest": null,
        "status_inf": "AVAILABLE",
        "applied_ti": null,
        "alloted_ti": null,
        "allotmentr": null,
        "industri_1": "Industrial Area G-Jamgoan",
        "industri_2": "Industrial Area G-Jamgoan",
        "gis_tid": null,
        "st_area_sh": 0.0,
        "st_length_": 0.0,
        "uidv1": null,
        "status_from_csidc": "AVAILABLE",
        "uid": "IA-1968"
      }
    },
    {
      "type": "Feature",
      "id": "csidc_industrial_area_with_plots.fid-23377b7a_19c5672bde0_71a0",
      "geometry": {
        "type": "Polygon",
        "coordinates": [
          [
            [
              81.69321408,
              20.9680988
            ],
            [
              81.69325543,
              20.96807809
            ],
            [
              81.69307993,
              20.9677668
            ],
            [
              81.69287313,
              20.96787033
            ],
            [
              81.69304864,
              20.96818162
            ],
            [
              81.69321408,
              20.9680988
            ]
          ]
        ]
      },
      "geometry_name": "geom",
      "properties": {
        "gid": 44,
        "objectid": 27,
        "district": "Dhamtari",
        "plot_type": "INDUSTRIAL PURPOSE",
        "total_area": 1000,
        "reservatio": "yes",
        "plot_munci": "No",
        "corner_plo": "No",
        "premium_ba": 10000000,
        "addi_premi": 0.0,
        "total_prem": 10000000,
        "label": null,
        "tot_premiu": 0.0,
        "location": "G-Jamgoan",
        "remark": null,
        "sector_inf": null,
        "industrial": "Industrial Area G-Jamgoan",
        "district_i": "Dhamtari",
        "plotno_inf": "27",
        "uniqueplot": "27",
        "plotactiva": null,
        "plotupdate": null,
        "plot_yesno": "YES",
        "category_i": "INDUSTRIAL PLOT-ALLOTED",
        "quest": null,
        "status_inf": "AVAILABLE",
        "applied_ti": null,
        "alloted_ti": null,
        "allotmentr": null,
        "industri_1": "Industrial Area G-Jamgoan",
        "industri_2": "Industrial Area G-Jamgoan",
        "gis_tid": null,
        "st_area_sh": 0.0,
        "st_length_": 0.0,
        "uidv1": null,
        "status_from_csidc": "AVAILABLE",
        "uid": "IA-1966"
      }
    },
    {
      "type": "Feature",
      "id": "csidc_industrial_area_with_plots.fid-23377b7a_19c5672bde0_71a1",
      "geometry": {
        "type": "Polygon",
        "coordinates": [
          [
            [
              81.69307612,
              20.96728972
            ],
            [
              81.69294449,
              20.96705625
            ],
            [
              81.69277905,
              20.96713907
            ],
            [
              81.69291068,
              20.96737254
            ],
            [
              81.69307612,
              20.96728972
            ]
          ]
        ]
      },
      "geometry_name": "geom",
      "properties": {
        "gid": 33,
        "objectid": 34,
        "district": "Dhamtari",
        "plot_type": "INDUSTRIAL PURPOSE",
        "total_area": 600,
        "reservatio": "No",
        "plot_munci": "No",
        "corner_plo": "Yes",
        "premium_ba": 10000000,
        "addi_premi": 1000000,
        "total_prem": 11000000,
        "label": null,
        "tot_premiu": 0.0,
        "location": "G-Jamgoan",
        "remark": null,
        "sector_inf": null,
        "industrial": "Industrial Area G-Jamgoan",
        "district_i": "Dhamtari",
        "plotno_inf": "34",
        "uniqueplot": "34",
        "plotactiva": null,
        "plotupdate": null,
        "plot_yesno": "YES",
        "category_i": "INDUSTRIAL PLOT-ALLOTED",
        "quest": null,
        "status_inf": "AVAILABLE",
        "applied_ti": null,
        "alloted_ti": null,
        "allotmentr": null,
        "industri_1": "Industrial Area G-Jamgoan",
        "industri_2": "Industrial Area G-Jamgoan",
        "gis_tid": null,
        "st_area_sh": 0.0,
        "st_length_": 0.0,
        "uidv1": null,
        "status_from_csidc": "AVAILABLE",
        "uid": "IA-1957"
      }
    },
    {
      "type": "Feature",
      "id": "csidc_industrial_area_with_plots.fid-23377b7a_19c5672bde0_71a2",
      "geometry": {
        "type": "Polygon",
        "coordinates": [
          [
            [
              81.69336318,
              20.9688524
            ],
            [
              81.69325349,
              20.96865784
            ],
            [
              81.6928399,
              20.9688649
            ],
            [
              81.69294959,
              20.96905946
            ],
            [
              81.69336318,
              20.9688524
            ]
          ]
        ]
      },
      "geometry_name": "geom",
      "properties": {
        "gid": 36,
        "objectid": 18,
        "district": "Dhamtari",
        "plot_type": "INDUSTRIAL PURPOSE",
        "total_area": 1250,
        "reservatio": "No",
        "plot_munci": "No",
        "corner_plo": "Yes",
        "premium_ba": 10000000,
        "addi_premi": 1000000,
        "total_prem": 11000000,
        "label": null,
        "tot_premiu": 0.0,
        "location": "G-Jamgoan",
        "remark": null,
        "sector_inf": null,
        "industrial": "Industrial Area G-Jamgoan",
        "district_i": "Dhamtari",
        "plotno_inf": "18",
        "uniqueplot": "18",
        "plotactiva": null,
        "plotupdate": null,
        "plot_yesno": "YES",
        "category_i": "INDUSTRIAL PLOT-ALLOTED",
        "quest": null,
        "status_inf": "AVAILABLE",
        "applied_ti": null,
        "alloted_ti": null,
        "allotmentr": null,
        "industri_1": "Industrial Area G-Jamgoan",
        "industri_2": "Industrial Area G-Jamgoan",
        "gis_tid": null,
        "st_area_sh": 0.0,
        "st_length_": 0.0,
        "uidv1": null,
        "status_from_csidc": "AVAILABLE",
        "uid": "IA-1975"
      }
    },
    {
      "type": "Feature",
      "id": "csidc_industrial_area_with_plots.fid-23377b7a_19c5672bde0_71a3",
      "geometry": {
        "type": "Polygon",
        "coordinates": [
          [
            [
              81.69297599,
              20.96861715
            ],
            [
              81.69280048,
              20.96830585
            ],
            [
              81.69269295,
              20.96835969
            ],
            [
              81.69259368,
              20.96840938
            ],
            [
              81.69276919,
              20.96872067
            ],
            [
              81.69297599,
              20.96861715
            ]
          ]
        ]
      },
      "geometry_name": "geom",
      "properties": {
        "gid": 45,
        "objectid": 25,
        "district": "Dhamtari",
        "plot_type": "INDUSTRIAL PURPOSE",
        "total_area": 1000,
        "reservatio": "No",
        "plot_munci": "No",
        "corner_plo": "No",
        "premium_ba": 10000000,
        "addi_premi": 0.0,
        "total_prem": 10000000,
        "label": null,
        "tot_premiu": 0.0,
        "location": "G-Jamgoan",
        "remark": null,
        "sector_inf": null,
        "industrial": "Industrial Area G-Jamgoan",
        "district_i": "Dhamtari",
        "plotno_inf": "25",
        "uniqueplot": "25",
        "plotactiva": null,
        "plotupdate": null,
        "plot_yesno": "YES",
        "category_i": "INDUSTRIAL PLOT-ALLOTED",
        "quest": null,
        "status_inf": "ALLOTTED",
        "applied_ti": null,
        "alloted_ti": null,
        "allotmentr": null,
        "industri_1": "Industrial Area G-Jamgoan",
        "industri_2": "Industrial Area G-Jamgoan",
        "gis_tid": null,
        "st_area_sh": 0.0,
        "st_length_": 0.0,
        "uidv1": null,
        "status_from_csidc": "ALLOTTED",
        "uid": "IA-1972"
      }
    },
    {
      "type": "Feature",
      "id": "csidc_industrial_area_with_plots.fid-23377b7a_19c5672bde0_71a4",
      "geometry": {
        "type": "Polygon",
        "coordinates": [
          [
            [
              81.69346223,
              20.96797457
            ],
            [
              81.69328672,
              20.96766327
            ],
            [
              81.69307993,
              20.9677668
            ],
            [
              81.69325543,
              20.96807809
            ],
            [
              81.69346223,
              20.96797457
            ]
          ]
        ]
      },
      "geometry_name": "geom",
      "properties": {
        "gid": 47,
        "objectid": 26,
        "district": "Dhamtari",
        "plot_type": "INDUSTRIAL PURPOSE",
        "total_area": 1000,
        "reservatio": "yes",
        "plot_munci": "No",
        "corner_plo": "Yes",
        "premium_ba": 10000000,
        "addi_premi": 1000000,
        "total_prem": 11000000,
        "label": null,
        "tot_premiu": 0.0,
        "location": "G-Jamgoan",
        "remark": null,
        "sector_inf": null,
        "industrial": "Industrial Area G-Jamgoan",
        "district_i": "Dhamtari",
        "plotno_inf": "26",
        "uniqueplot": "26",
        "plotactiva": null,
        "plotupdate": null,
        "plot_yesno": "YES",
        "category_i": "INDUSTRIAL PLOT-ALLOTED",
        "quest": null,
        "status_inf": "ALLOTTED",
        "applied_ti": null,
        "alloted_ti": null,
        "allotmentr": null,
        "industri_1": "Industrial Area G-Jamgoan",
        "industri_2": "Industrial Area G-Jamgoan",
        "gis_tid": null,
        "st_area_sh": 0.0,
        "st_length_": 0.0,
        "uidv1": null,
        "status_from_csidc": "ALLOTTED",
        "uid": "IA-1965"
      }
    },
    {
      "type": "Feature",
      "id": "csidc_industrial_area_with_plots.fid-23377b7a_19c5672bde0_71a5",
      "geometry": {
        "type": "Polygon",
        "coordinates": [
          [
            [
              81.83796309,
              22.07879947
            ],
            [
              81.83777066,
              22.07882135
            ],
            [
              81.83780587,
              22.07909037
            ],
            [
              81.8379983,
              22.07906849
            ],
            [
              81.83796309,
              22.07879947
            ]
          ]
        ]
      },
      "geometry_name": "geom",
      "properties": {
        "gid": 48,
        "objectid": 1958,
        "district": "MUNGELI",
        "plot_type": "INDUSTRIAL PLOT",
        "total_area": 600,
        "reservatio": "UNRESERVED",
        "plot_munci": "NO",
        "corner_plo": "YES",
        "premium_ba": 168000,
        "addi_premi": 16800,
        "total_prem": 184800,
        "label": "B",
        "tot_premiu": 0.0,
        "location": "KHAMARIA",
        "remark": null,
        "sector_inf": "Block-B",
        "industrial": "KHAMARIA INDUSTRIAL AREA",
        "district_i": "MUNGELI",
        "plotno_inf": "44",
        "uniqueplot": "44",
        "plotactiva": "2023-07-31Z",
        "plotupdate": null,
        "plot_yesno": "YES",
        "category_i": "INDUSTRIAL PLOT-ALLOTED",
        "quest": "OK",
        "status_inf": "UNAVAILABLE",
        "applied_ti": null,
        "alloted_ti": null,
        "allotmentr": null,
        "industri_1": "KHAMARIA INDUSTRIAL AREA_Block-B",
        "industri_2": "KHAMARIA INDUSTRIAL AREA",
        "gis_tid": null,
        "st_area_sh": 5.2534852e-08,
        "st_length_": 0.000929943249234,
        "uidv1": "IA-1359",
        "status_from_csidc": null,
        "uid": "IA-1359"
      }
    },
    {
      "type": "Feature",
      "id": "csidc_industrial_area_with_plots.fid-23377b7a_19c5672bde0_71a6",
      "geometry": {
        "type": "Polygon",
        "coordinates": [
          [
            [
              81.6954058,
              20.96992239
            ],
            [
              81.69525411,
              20.96964907
            ],
            [
              81.69479145,
              20.96988069
            ],
            [
              81.69494502,
              20.97015307
            ],
            [
              81.6954058,
              20.96992239
            ]
          ]
        ]
      },
      "geometry_name": "geom",
      "properties": {
        "gid": 49,
        "objectid": 2,
        "district": "Dhamtari",
        "plot_type": "INDUSTRIAL PURPOSE",
        "total_area": 1954,
        "reservatio": "No",
        "plot_munci": "No",
        "corner_plo": "Yes",
        "premium_ba": 10000000,
        "addi_premi": 1000000,
        "total_prem": 11000000,
        "label": null,
        "tot_premiu": 0.0,
        "location": "G-Jamgoan",
        "remark": null,
        "sector_inf": null,
        "industrial": "Industrial Area G-Jamgoan",
        "district_i": "Dhamtari",
        "plotno_inf": "2",
        "uniqueplot": "2",
        "plotactiva": null,
        "plotupdate": null,
        "plot_yesno": "YES",
        "category_i": "INDUSTRIAL PLOT-ALLOTED",
        "quest": null,
        "status_inf": "ALLOTTED",
        "applied_ti": null,
        "alloted_ti": null,
        "allotmentr": null,
        "industri_1": "Industrial Area G-Jamgoan",
        "industri_2": "Industrial Area G-Jamgoan",
        "gis_tid": null,
        "st_area_sh": 0.0,
        "st_length_": 0.0,
        "uidv1": null,
        "status_from_csidc": "BOOKED",
        "uid": "IA-1988"
      }
    },
    {
      "type": "Feature",
      "id": "csidc_industrial_area_with_plots.fid-23377b7a_19c5672bde0_71a7",
      "geometry": {
        "type": "Polygon",
        "coordinates": [
          [
            [
              81.69525411,
              20.96964907
            ],
            [
              81.69522737,
              20.9696009
            ],
            [
              81.69511423,
              20.96936984
            ],
            [
              81.69463788,
              20.9696083
            ],
            [
              81.69479145,
              20.96988069
            ],
            [
              81.69525411,
              20.96964907
            ]
          ]
        ]
      },
      "geometry_name": "geom",
      "properties": {
        "gid": 50,
        "objectid": 3,
        "district": "Dhamtari",
        "plot_type": "INDUSTRIAL PURPOSE",
        "total_area": 1982,
        "reservatio": "No",
        "plot_munci": "No",
        "corner_plo": "Yes",
        "premium_ba": 10000000,
        "addi_premi": 1000000,
        "total_prem": 11000000,
        "label": null,
        "tot_premiu": 0.0,
        "location": "G-Jamgoan",
        "remark": null,
        "sector_inf": null,
        "industrial": "Industrial Area G-Jamgoan",
        "district_i": "Dhamtari",
        "plotno_inf": "3",
        "uniqueplot": "3",
        "plotactiva": null,
        "plotupdate": null,
        "plot_yesno": "YES",
        "category_i": "INDUSTRIAL PLOT-ALLOTED",
        "quest": null,
        "status_inf": "ALLOTTED",
        "applied_ti": null,
        "alloted_ti": null,
        "allotmentr": null,
        "industri_1": "Industrial Area G-Jamgoan",
        "industri_2": "Industrial Area G-Jamgoan",
        "gis_tid": null,
        "st_area_sh": 0.0,
        "st_length_": 0.0,
        "uidv1": null,
        "status_from_csidc": "BOOKED",
        "uid": "IA-1985"
      }
    },
    {
      "type": "Feature",
      "id": "csidc_industrial_area_with_plots.fid-23377b7a_19c5672bde0_71a8",
      "geometry": {
        "type": "Polygon",
        "coordinates": [
          [
            [
              81.69431287,
              20.96995365
            ],
            [
              81.69413736,
              20.96964235
            ],
            [
              81.69393056,
              20.96974588
            ],
            [
              81.69410607,
              20.97005717
            ],
            [
              81.69431287,
              20.96995365
            ]
          ]
        ]
      },
      "geometry_name": "geom",
      "properties": {
        "gid": 52,
        "objectid": 10,
        "district": "Dhamtari",
        "plot_type": "INDUSTRIAL PURPOSE",
        "total_area": 1000,
        "reservatio": "yes",
        "plot_munci": "No",
        "corner_plo": "No",
        "premium_ba": 10000000,
        "addi_premi": 0.0,
        "total_prem": 10000000,
        "label": null,
        "tot_premiu": 0.0,
        "location": "G-Jamgoan",
        "remark": null,
        "sector_inf": null,
        "industrial": "Industrial Area G-Jamgoan",
        "district_i": "Dhamtari",
        "plotno_inf": "10",
        "uniqueplot": "10",
        "plotactiva": null,
        "plotupdate": null,
        "plot_yesno": "YES",
        "category_i": "INDUSTRIAL PLOT-ALLOTED",
        "quest": null,
        "status_inf": "ALLOTTED",
        "applied_ti": null,
        "alloted_ti": null,
        "allotmentr": null,
        "industri_1": "Industrial Area G-Jamgoan",
        "industri_2": "Industrial Area G-Jamgoan",
        "gis_tid": null,
        "st_area_sh": 0.0,
        "st_length_": 0.0,
        "uidv1": null,
        "status_from_csidc": "ALLOTTED",
        "uid": "IA-1987"
      }
    },
    {
      "type": "Feature",
      "id": "csidc_industrial_area_with_plots.fid-23377b7a_19c5672bde0_71a9",
      "geometry": {
        "type": "Polygon",
        "coordinates": [
          [
            [
              81.69410607,
              20.97005717
            ],
            [
              81.69393056,
              20.96974588
            ],
            [
              81.69372376,
              20.9698494
            ],
            [
              81.69389927,
              20.9701607
            ],
            [
              81.69410607,
              20.97005717
            ]
          ]
        ]
      },
      "geometry_name": "geom",
      "properties": {
        "gid": 55,
        "objectid": 11,
        "district": "Dhamtari",
        "plot_type": "INDUSTRIAL PURPOSE",
        "total_area": 1000,
        "reservatio": "yes",
        "plot_munci": "No",
        "corner_plo": "No",
        "premium_ba": 10000000,
        "addi_premi": 0.0,
        "total_prem": 10000000,
        "label": null,
        "tot_premiu": 0.0,
        "location": "G-Jamgoan",
        "remark": null,
        "sector_inf": null,
        "industrial": "Industrial Area G-Jamgoan",
        "district_i": "Dhamtari",
        "plotno_inf": "11",
        "uniqueplot": "11",
        "plotactiva": null,
        "plotupdate": null,
        "plot_yesno": "YES",
        "category_i": "INDUSTRIAL PLOT-ALLOTED",
        "quest": null,
        "status_inf": "ALLOTTED",
        "applied_ti": null,
        "alloted_ti": null,
        "allotmentr": null,
        "industri_1": "Industrial Area G-Jamgoan",
        "industri_2": "Industrial Area G-Jamgoan",
        "gis_tid": null,
        "st_area_sh": 0.0,
        "st_length_": 0.0,
        "uidv1": null,
        "status_from_csidc": "ALLOTTED",
        "uid": "IA-1989"
      }
    },
    {
      "type": "Feature",
      "id": "csidc_industrial_area_with_plots.fid-23377b7a_19c5672bde0_71aa",
      "geometry": {
        "type": "Polygon",
        "coordinates": [
          [
            [
              81.69347287,
              20.96904696
            ],
            [
              81.69336318,
              20.9688524
            ],
            [
              81.69294959,
              20.96905946
            ],
            [
              81.69305928,
              20.96925402
            ],
            [
              81.69347287,
              20.96904696
            ]
          ]
        ]
      },
      "geometry_name": "geom",
      "properties": {
        "gid": 56,
        "objectid": 17,
        "district": "Dhamtari",
        "plot_type": "INDUSTRIAL PURPOSE",
        "total_area": 1250,
        "reservatio": "No",
        "plot_munci": "No",
        "corner_plo": "No",
        "premium_ba": 10000000,
        "addi_premi": 0.0,
        "total_prem": 10000000,
        "label": null,
        "tot_premiu": 0.0,
        "location": "G-Jamgoan",
        "remark": null,
        "sector_inf": null,
        "industrial": "Industrial Area G-Jamgoan",
        "district_i": "Dhamtari",
        "plotno_inf": "17",
        "uniqueplot": "17",
        "plotactiva": null,
        "plotupdate": null,
        "plot_yesno": "YES",
        "category_i": "INDUSTRIAL PLOT-ALLOTED",
        "quest": null,
        "status_inf": "ALLOTTED",
        "applied_ti": null,
        "alloted_ti": null,
        "allotmentr": null,
        "industri_1": "Industrial Area G-Jamgoan",
        "industri_2": "Industrial Area G-Jamgoan",
        "gis_tid": null,
        "st_area_sh": 0.0,
        "st_length_": 0.0,
        "uidv1": null,
        "status_from_csidc": "BOOKED",
        "uid": "IA-1977"
      }
    },
    {
      "type": "Feature",
      "id": "csidc_industrial_area_with_plots.fid-23377b7a_19c5672bde0_71ab",
      "geometry": {
        "type": "Polygon",
        "coordinates": [
          [
            [
              81.69378936,
              20.969138
            ],
            [
              81.69404579,
              20.96900962
            ],
            [
              81.6939361,
              20.96881506
            ],
            [
              81.69347287,
              20.96904696
            ],
            [
              81.69358257,
              20.96924152
            ],
            [
              81.69378936,
              20.969138
            ]
          ]
        ]
      },
      "geometry_name": "geom",
      "properties": {
        "gid": 58,
        "objectid": 21,
        "district": "Dhamtari",
        "plot_type": "INDUSTRIAL PURPOSE",
        "total_area": 1400,
        "reservatio": "No",
        "plot_munci": "No",
        "corner_plo": "Yes",
        "premium_ba": 10000000,
        "addi_premi": 1000000,
        "total_prem": 11000000,
        "label": null,
        "tot_premiu": 0.0,
        "location": "G-Jamgoan",
        "remark": null,
        "sector_inf": null,
        "industrial": "Industrial Area G-Jamgoan",
        "district_i": "Dhamtari",
        "plotno_inf": "21",
        "uniqueplot": "21",
        "plotactiva": null,
        "plotupdate": null,
        "plot_yesno": "YES",
        "category_i": "INDUSTRIAL PLOT-ALLOTED",
        "quest": null,
        "status_inf": "ALLOTTED",
        "applied_ti": null,
        "alloted_ti": null,
        "allotmentr": null,
        "industri_1": "Industrial Area G-Jamgoan",
        "industri_2": "Industrial Area G-Jamgoan",
        "gis_tid": null,
        "st_area_sh": 0.0,
        "st_length_": 0.0,
        "uidv1": null,
        "status_from_csidc": "BOOKED",
        "uid": "IA-1976"
      }
    },
    {
      "type": "Feature",
      "id": "csidc_industrial_area_with_plots.fid-23377b7a_19c5672bde0_71ac",
      "geometry": {
        "type": "Polygon",
        "coordinates": [
          [
            [
              81.69451966,
              20.96985012
            ],
            [
              81.69434415,
              20.96953883
            ],
            [
              81.69413736,
              20.96964235
            ],
            [
              81.69431287,
              20.96995365
            ],
            [
              81.69451966,
              20.96985012
            ]
          ]
        ]
      },
      "geometry_name": "geom",
      "properties": {
        "gid": 59,
        "objectid": 9,
        "district": "Dhamtari",
        "plot_type": "INDUSTRIAL PURPOSE",
        "total_area": 1000,
        "reservatio": "yes",
        "plot_munci": "No",
        "corner_plo": "Yes",
        "premium_ba": 10000000,
        "addi_premi": 1000000,
        "total_prem": 11000000,
        "label": null,
        "tot_premiu": 0.0,
        "location": "G-Jamgoan",
        "remark": null,
        "sector_inf": null,
        "industrial": "Industrial Area G-Jamgoan",
        "district_i": "Dhamtari",
        "plotno_inf": "9",
        "uniqueplot": "9",
        "plotactiva": null,
        "plotupdate": null,
        "plot_yesno": "YES",
        "category_i": "INDUSTRIAL PLOT-ALLOTED",
        "quest": null,
        "status_inf": "ALLOTTED",
        "applied_ti": null,
        "alloted_ti": null,
        "allotmentr": null,
        "industri_1": "Industrial Area G-Jamgoan",
        "industri_2": "Industrial Area G-Jamgoan",
        "gis_tid": null,
        "st_area_sh": 0.0,
        "st_length_": 0.0,
        "uidv1": null,
        "status_from_csidc": "ALLOTTED",
        "uid": "IA-1986"
      }
    },
    {
      "type": "Feature",
      "id": "csidc_industrial_area_with_plots.fid-23377b7a_19c5672bde0_71ad",
      "geometry": {
        "type": "Polygon",
        "coordinates": [
          [
            [
              81.69471711,
              20.97020033
            ],
            [
              81.69451966,
              20.96985012
            ],
            [
              81.69431287,
              20.96995365
            ],
            [
              81.69451031,
              20.97030385
            ],
            [
              81.69471711,
              20.97020033
            ]
          ]
        ]
      },
      "geometry_name": "geom",
      "properties": {
        "gid": 60,
        "objectid": 6,
        "district": "Dhamtari",
        "plot_type": "INDUSTRIAL PURPOSE",
        "total_area": 1125,
        "reservatio": "No",
        "plot_munci": "No",
        "corner_plo": "Yes",
        "premium_ba": 10000000,
        "addi_premi": 1000000,
        "total_prem": 11000000,
        "label": null,
        "tot_premiu": 0.0,
        "location": "G-Jamgoan",
        "remark": null,
        "sector_inf": null,
        "industrial": "Industrial Area G-Jamgoan",
        "district_i": "Dhamtari",
        "plotno_inf": "6",
        "uniqueplot": "6",
        "plotactiva": null,
        "plotupdate": null,
        "plot_yesno": "YES",
        "category_i": "INDUSTRIAL PLOT-ALLOTED",
        "quest": null,
        "status_inf": "ALLOTTED",
        "applied_ti": null,
        "alloted_ti": null,
        "allotmentr": null,
        "industri_1": "Industrial Area G-Jamgoan",
        "industri_2": "Industrial Area G-Jamgoan",
        "gis_tid": null,
        "st_area_sh": 0.0,
        "st_length_": 0.0,
        "uidv1": null,
        "status_from_csidc": "ALLOTTED",
        "uid": "IA-1990"
      }
    },
    {
      "type": "Feature",
      "id": "csidc_industrial_area_with_plots.fid-23377b7a_19c5672bde0_71ae",
      "geometry": {
        "type": "Polygon",
        "coordinates": [
          [
            [
              81.69496969,
              20.96909293
            ],
            [
              81.6948167,
              20.96882756
            ],
            [
              81.69481336,
              20.96882193
            ],
            [
              81.69433075,
              20.96906354
            ],
            [
              81.69448432,
              20.96933592
            ],
            [
              81.69496969,
              20.96909293
            ]
          ]
        ]
      },
      "geometry_name": "geom",
      "properties": {
        "gid": 51,
        "objectid": 5,
        "district": "Dhamtari",
        "plot_type": "INDUSTRIAL PURPOSE",
        "total_area": 2048,
        "reservatio": "No",
        "plot_munci": "No",
        "corner_plo": "Yes",
        "premium_ba": 10000000,
        "addi_premi": 1000000,
        "total_prem": 11000000,
        "label": null,
        "tot_premiu": 0.0,
        "location": "G-Jamgoan",
        "remark": null,
        "sector_inf": null,
        "industrial": "Industrial Area G-Jamgoan",
        "district_i": "Dhamtari",
        "plotno_inf": "5",
        "uniqueplot": "5",
        "plotactiva": null,
        "plotupdate": null,
        "plot_yesno": "YES",
        "category_i": "INDUSTRIAL PLOT-ALLOTED",
        "quest": null,
        "status_inf": "AVAILABLE",
        "applied_ti": null,
        "alloted_ti": null,
        "allotmentr": null,
        "industri_1": "Industrial Area G-Jamgoan",
        "industri_2": "Industrial Area G-Jamgoan",
        "gis_tid": null,
        "st_area_sh": 0.0,
        "st_length_": 0.0,
        "uidv1": null,
        "status_from_csidc": "AVAILABLE",
        "uid": "IA-1978"
      }
    },
    {
      "type": "Feature",
      "id": "csidc_industrial_area_with_plots.fid-23377b7a_19c5672bde0_71af",
      "geometry": {
        "type": "Polygon",
        "coordinates": [
          [
            [
              81.69400875,
              20.96952711
            ],
            [
              81.69378936,
              20.969138
            ],
            [
              81.69358257,
              20.96924152
            ],
            [
              81.69380195,
              20.96963064
            ],
            [
              81.69400875,
              20.96952711
            ]
          ]
        ]
      },
      "geometry_name": "geom",
      "properties": {
        "gid": 54,
        "objectid": 13,
        "district": "Dhamtari",
        "plot_type": "INDUSTRIAL PURPOSE",
        "total_area": 1250,
        "reservatio": "No",
        "plot_munci": "No",
        "corner_plo": "No",
        "premium_ba": 10000000,
        "addi_premi": 0.0,
        "total_prem": 10000000,
        "label": null,
        "tot_premiu": 0.0,
        "location": "G-Jamgoan",
        "remark": null,
        "sector_inf": null,
        "industrial": "Industrial Area G-Jamgoan",
        "district_i": "Dhamtari",
        "plotno_inf": "13",
        "uniqueplot": "13",
        "plotactiva": null,
        "plotupdate": null,
        "plot_yesno": "YES",
        "category_i": "INDUSTRIAL PLOT-ALLOTED",
        "quest": null,
        "status_inf": "AVAILABLE",
        "applied_ti": null,
        "alloted_ti": null,
        "allotmentr": null,
        "industri_1": "Industrial Area G-Jamgoan",
        "industri_2": "Industrial Area G-Jamgoan",
        "gis_tid": null,
        "st_area_sh": 0.0,
        "st_length_": 0.0,
        "uidv1": null,
        "status_from_csidc": "AVAILABLE",
        "uid": "IA-1982"
      }
    },
    {
      "type": "Feature",
      "id": "csidc_industrial_area_with_plots.fid-23377b7a_19c5672bde0_71b0",
      "geometry": {
        "type": "Polygon",
        "coordinates": [
          [
            [
              81.6939361,
              20.96881506
            ],
            [
              81.69382641,
              20.9686205
            ],
            [
              81.69336318,
              20.9688524
            ],
            [
              81.69347287,
              20.96904696
            ],
            [
              81.6939361,
              20.96881506
            ]
          ]
        ]
      },
      "geometry_name": "geom",
      "properties": {
        "gid": 46,
        "objectid": 20,
        "district": "Dhamtari",
        "plot_type": "INDUSTRIAL PURPOSE",
        "total_area": 1400,
        "reservatio": "No",
        "plot_munci": "No",
        "corner_plo": "Yes",
        "premium_ba": 10000000,
        "addi_premi": 1000000,
        "total_prem": 11000000,
        "label": null,
        "tot_premiu": 0.0,
        "location": "G-Jamgoan",
        "remark": null,
        "sector_inf": null,
        "industrial": "Industrial Area G-Jamgoan",
        "district_i": "Dhamtari",
        "plotno_inf": "20",
        "uniqueplot": "20",
        "plotactiva": null,
        "plotupdate": null,
        "plot_yesno": "YES",
        "category_i": "INDUSTRIAL PLOT-ALLOTED",
        "quest": null,
        "status_inf": "AVAILABLE",
        "applied_ti": null,
        "alloted_ti": null,
        "allotmentr": null,
        "industri_1": "Industrial Area G-Jamgoan",
        "industri_2": "Industrial Area G-Jamgoan",
        "gis_tid": null,
        "st_area_sh": 0.0,
        "st_length_": 0.0,
        "uidv1": null,
        "status_from_csidc": "AVAILABLE",
        "uid": "IA-1974"
      }
    },
    {
      "type": "Feature",
      "id": "csidc_industrial_area_with_plots.fid-23377b7a_19c5672bde0_71b1",
      "geometry": {
        "type": "Polygon",
        "coordinates": [
          [
            [
              81.69359515,
              20.96973417
            ],
            [
              81.69337577,
              20.96934505
            ],
            [
              81.69316897,
              20.96944857
            ],
            [
              81.69338836,
              20.96983769
            ],
            [
              81.69359515,
              20.96973417
            ]
          ]
        ]
      },
      "geometry_name": "geom",
      "properties": {
        "gid": 57,
        "objectid": 15,
        "district": "Dhamtari",
        "plot_type": "INDUSTRIAL PURPOSE",
        "total_area": 1250,
        "reservatio": "No",
        "plot_munci": "No",
        "corner_plo": "Yes",
        "premium_ba": 10000000,
        "addi_premi": 1000000,
        "total_prem": 11000000,
        "label": null,
        "tot_premiu": 0.0,
        "location": "G-Jamgoan",
        "remark": null,
        "sector_inf": null,
        "industrial": "Industrial Area G-Jamgoan",
        "district_i": "Dhamtari",
        "plotno_inf": "15",
        "uniqueplot": "15",
        "plotactiva": null,
        "plotupdate": null,
        "plot_yesno": "YES",
        "category_i": "INDUSTRIAL PLOT-ALLOTED",
        "quest": null,
        "status_inf": "AVAILABLE",
        "applied_ti": null,
        "alloted_ti": null,
        "allotmentr": null,
        "industri_1": "Industrial Area G-Jamgoan",
        "industri_2": "Industrial Area G-Jamgoan",
        "gis_tid": null,
        "st_area_sh": 0.0,
        "st_length_": 0.0,
        "uidv1": null,
        "status_from_csidc": "AVAILABLE",
        "uid": "IA-1984"
      }
    },
    {
      "type": "Feature",
      "id": "csidc_industrial_area_with_plots.fid-23377b7a_19c5672bde0_71b2",
      "geometry": {
        "type": "Polygon",
        "coordinates": [
          [
            [
              81.83777066,
              22.07882135
            ],
            [
              81.83757824,
              22.07884323
            ],
            [
              81.83761345,
              22.07911224
            ],
            [
              81.83780587,
              22.07909037
            ],
            [
              81.83777066,
              22.07882135
            ]
          ]
        ]
      },
      "geometry_name": "geom",
      "properties": {
        "gid": 62,
        "objectid": 1957,
        "district": "MUNGELI",
        "plot_type": "INDUSTRIAL PLOT",
        "total_area": 600,
        "reservatio": "UNRESERVED",
        "plot_munci": "NO",
        "corner_plo": "YES",
        "premium_ba": 168000,
        "addi_premi": 16800,
        "total_prem": 184800,
        "label": "B",
        "tot_premiu": 0.0,
        "location": "KHAMARIA",
        "remark": null,
        "sector_inf": "Block-B",
        "industrial": "KHAMARIA INDUSTRIAL AREA",
        "district_i": "MUNGELI",
        "plotno_inf": "45",
        "uniqueplot": "45",
        "plotactiva": "2023-07-31Z",
        "plotupdate": null,
        "plot_yesno": "YES",
        "category_i": "INDUSTRIAL PLOT-ALLOTED",
        "quest": "OK",
        "status_inf": "UNAVAILABLE",
        "applied_ti": null,
        "alloted_ti": null,
        "allotmentr": null,
        "industri_1": "KHAMARIA INDUSTRIAL AREA_Block-B",
        "industri_2": "KHAMARIA INDUSTRIAL AREA",
        "gis_tid": null,
        "st_area_sh": 5.2534941e-08,
        "st_length_": 0.000929943887123,
        "uidv1": "IA-1360",
        "status_from_csidc": null,
        "uid": "IA-1360"
      }
    },
    {
      "type": "Feature",
      "id": "csidc_industrial_area_with_plots.fid-23377b7a_19c5672bde0_71b3",
      "geometry": {
        "type": "Polygon",
        "coordinates": [
          [
            [
              81.44101317,
              20.39092333
            ],
            [
              81.44072321,
              20.39092089
            ],
            [
              81.44072311,
              20.3912841
            ],
            [
              81.44101307,
              20.39128655
            ],
            [
              81.44101317,
              20.39092333
            ]
          ]
        ]
      },
      "geometry_name": "geom",
      "properties": {
        "gid": 63,
        "objectid": 1595,
        "district": "KANKER",
        "plot_type": "INDUSTRIAL PLOT",
        "total_area": 1000,
        "reservatio": "YES",
        "plot_munci": "NO",
        "corner_plo": "YES",
        "premium_ba": 400000,
        "addi_premi": 40000,
        "total_prem": 440000,
        "label": "D",
        "tot_premiu": 440000,
        "location": "LAKHANPURI",
        "remark": null,
        "sector_inf": "BLOCK-D",
        "industrial": "LAKHANPURI",
        "district_i": "KANKER",
        "plotno_inf": "46",
        "uniqueplot": null,
        "plotactiva": "2018-01-31Z",
        "plotupdate": null,
        "plot_yesno": "YES",
        "category_i": "INDUSTRIAL PLOT-ALLOTED",
        "quest": null,
        "status_inf": "AVAILABLE",
        "applied_ti": null,
        "alloted_ti": null,
        "allotmentr": null,
        "industri_1": null,
        "industri_2": null,
        "gis_tid": null,
        "st_area_sh": 1.0532082e-07,
        "st_length_": 0.00130638660866,
        "uidv1": "IA-1374",
        "status_from_csidc": null,
        "uid": "IA-1374"
      }
    },
    {
      "type": "Feature",
      "id": "csidc_industrial_area_with_plots.fid-23377b7a_19c5672bde0_71b4",
      "geometry": {
        "type": "Polygon",
        "coordinates": [
          [
            [
              81.43831949,
              20.39237165
            ],
            [
              81.43802952,
              20.39236921
            ],
            [
              81.43802942,
              20.39273243
            ],
            [
              81.43831939,
              20.39273487
            ],
            [
              81.43831949,
              20.39237165
            ]
          ]
        ]
      },
      "geometry_name": "geom",
      "properties": {
        "gid": 64,
        "objectid": 1619,
        "district": "KANKER",
        "plot_type": "INDUSTRIAL PLOT",
        "total_area": 1000,
        "reservatio": null,
        "plot_munci": "NO",
        "corner_plo": "NO",
        "premium_ba": 400000,
        "addi_premi": 0.0,
        "total_prem": 400000,
        "label": "D",
        "tot_premiu": 400000,
        "location": "LAKHANPURI",
        "remark": null,
        "sector_inf": "BLOCK-D",
        "industrial": "LAKHANPURI",
        "district_i": "KANKER",
        "plotno_inf": "14",
        "uniqueplot": null,
        "plotactiva": "2018-01-31Z",
        "plotupdate": null,
        "plot_yesno": "YES",
        "category_i": "INDUSTRIAL PLOT-ALLOTED",
        "quest": null,
        "status_inf": "ALLOTTED",
        "applied_ti": null,
        "alloted_ti": null,
        "allotmentr": null,
        "industri_1": null,
        "industri_2": null,
        "gis_tid": null,
        "st_area_sh": 1.05324319e-07,
        "st_length_": 0.00130640770435,
        "uidv1": "IA-464",
        "status_from_csidc": "BOOKED",
        "uid": "IA-464"
      }
    },
    {
      "type": "Feature",
      "id": "csidc_industrial_area_with_plots.fid-23377b7a_19c5672bde0_71b5",
      "geometry": {
        "type": "Polygon",
        "coordinates": [
          [
            [
              81.52937541,
              20.6894076
            ],
            [
              81.52929597,
              20.68910223
            ],
            [
              81.52904527,
              20.68915909
            ],
            [
              81.52912472,
              20.68946446
            ],
            [
              81.52937541,
              20.6894076
            ]
          ]
        ]
      },
      "geometry_name": "geom",
      "properties": {
        "gid": 66,
        "objectid": 22,
        "district": "Dhamtari",
        "plot_type": "INDUSTRIAL PURPOSE",
        "total_area": 1215,
        "reservatio": "No",
        "plot_munci": "YES",
        "corner_plo": "No",
        "premium_ba": 4000000,
        "addi_premi": 400000,
        "total_prem": 4400000,
        "label": null,
        "tot_premiu": 0.0,
        "location": "Shyamtarai",
        "remark": null,
        "sector_inf": null,
        "industrial": "Inustrial Area Shyamtarai",
        "district_i": "Dhamtari",
        "plotno_inf": "22",
        "uniqueplot": "22",
        "plotactiva": null,
        "plotupdate": null,
        "plot_yesno": "Yes",
        "category_i": "INDUSTRIAL PLOT-ALLOTED",
        "quest": null,
        "status_inf": "ALLOTTED",
        "applied_ti": null,
        "alloted_ti": null,
        "allotmentr": null,
        "industri_1": "Industrial Area Shyamtarai",
        "industri_2": "Industrial Area Shyamtarai",
        "gis_tid": null,
        "st_area_sh": 8.1069309e-08,
        "st_length_": 0.00114517562426,
        "uidv1": null,
        "status_from_csidc": "ALLOTTED",
        "uid": "IA-1995"
      }
    },
    {
      "type": "Feature",
      "id": "csidc_industrial_area_with_plots.fid-23377b7a_19c5672bde0_71b6",
      "geometry": {
        "type": "Polygon",
        "coordinates": [
          [
            [
              81.69451031,
              20.97030385
            ],
            [
              81.69431287,
              20.96995365
            ],
            [
              81.69410607,
              20.97005717
            ],
            [
              81.69430351,
              20.97040738
            ],
            [
              81.69451031,
              20.97030385
            ]
          ]
        ]
      },
      "geometry_name": "geom",
      "properties": {
        "gid": 67,
        "objectid": 7,
        "district": "Dhamtari",
        "plot_type": "INDUSTRIAL PURPOSE",
        "total_area": 1125,
        "reservatio": "No",
        "plot_munci": "No",
        "corner_plo": "No",
        "premium_ba": 10000000,
        "addi_premi": 0.0,
        "total_prem": 10000000,
        "label": null,
        "tot_premiu": 0.0,
        "location": "G-Jamgoan",
        "remark": null,
        "sector_inf": null,
        "industrial": "Industrial Area G-Jamgoan",
        "district_i": "Dhamtari",
        "plotno_inf": "7",
        "uniqueplot": "7",
        "plotactiva": null,
        "plotupdate": null,
        "plot_yesno": "YES",
        "category_i": "INDUSTRIAL PLOT-ALLOTED",
        "quest": null,
        "status_inf": "ALLOTTED",
        "applied_ti": null,
        "alloted_ti": null,
        "allotmentr": null,
        "industri_1": "Industrial Area G-Jamgoan",
        "industri_2": "Industrial Area G-Jamgoan",
        "gis_tid": null,
        "st_area_sh": 0.0,
        "st_length_": 0.0,
        "uidv1": null,
        "status_from_csidc": "BOOKED",
        "uid": "IA-1991"
      }
    },
    {
      "type": "Feature",
      "id": "csidc_industrial_area_with_plots.fid-23377b7a_19c5672bde0_71b7",
      "geometry": {
        "type": "Polygon",
        "coordinates": [
          [
            [
              81.52912472,
              20.68946446
            ],
            [
              81.52904527,
              20.68915909
            ],
            [
              81.52879458,
              20.68921595
            ],
            [
              81.52885241,
              20.68943824
            ],
            [
              81.52887403,
              20.68952132
            ],
            [
              81.52912472,
              20.68946446
            ]
          ]
        ]
      },
      "geometry_name": "geom",
      "properties": {
        "gid": 68,
        "objectid": 23,
        "district": "Dhamtari",
        "plot_type": "INDUSTRIAL PURPOSE",
        "total_area": 1215,
        "reservatio": "No",
        "plot_munci": "YES",
        "corner_plo": "No",
        "premium_ba": 4000000,
        "addi_premi": 400000,
        "total_prem": 4400000,
        "label": null,
        "tot_premiu": 0.0,
        "location": "Shyamtarai",
        "remark": null,
        "sector_inf": null,
        "industrial": "Inustrial Area Shyamtarai",
        "district_i": "Dhamtari",
        "plotno_inf": "23",
        "uniqueplot": "23",
        "plotactiva": null,
        "plotupdate": null,
        "plot_yesno": "Yes",
        "category_i": "INDUSTRIAL PLOT-ALLOTED",
        "quest": null,
        "status_inf": "ALLOTTED",
        "applied_ti": null,
        "alloted_ti": null,
        "allotmentr": null,
        "industri_1": "Industrial Area Shyamtarai",
        "industri_2": "Industrial Area Shyamtarai",
        "gis_tid": null,
        "st_area_sh": 8.1069336e-08,
        "st_length_": 0.0011451762748,
        "uidv1": null,
        "status_from_csidc": "ALLOTTED",
        "uid": "IA-1996"
      }
    },
    {
      "type": "Feature",
      "id": "csidc_industrial_area_with_plots.fid-23377b7a_19c5672bde0_71b8",
      "geometry": {
        "type": "Polygon",
        "coordinates": [
          [
            [
              81.69430351,
              20.97040738
            ],
            [
              81.69410607,
              20.97005717
            ],
            [
              81.69389927,
              20.9701607
            ],
            [
              81.69409672,
              20.9705109
            ],
            [
              81.69430351,
              20.97040738
            ]
          ]
        ]
      },
      "geometry_name": "geom",
      "properties": {
        "gid": 69,
        "objectid": 8,
        "district": "Dhamtari",
        "plot_type": "INDUSTRIAL PURPOSE",
        "total_area": 1125,
        "reservatio": "No",
        "plot_munci": "No",
        "corner_plo": "No",
        "premium_ba": 10000000,
        "addi_premi": 0.0,
        "total_prem": 10000000,
        "label": null,
        "tot_premiu": 0.0,
        "location": "G-Jamgoan",
        "remark": null,
        "sector_inf": null,
        "industrial": "Industrial Area G-Jamgoan",
        "district_i": "Dhamtari",
        "plotno_inf": "8",
        "uniqueplot": "8",
        "plotactiva": null,
        "plotupdate": null,
        "plot_yesno": "YES",
        "category_i": "INDUSTRIAL PLOT-ALLOTED",
        "quest": null,
        "status_inf": "ALLOTTED",
        "applied_ti": null,
        "alloted_ti": null,
        "allotmentr": null,
        "industri_1": "Industrial Area G-Jamgoan",
        "industri_2": "Industrial Area G-Jamgoan",
        "gis_tid": null,
        "st_area_sh": 0.0,
        "st_length_": 0.0,
        "uidv1": null,
        "status_from_csidc": "BOOKED",
        "uid": "IA-1993"
      }
    },
    {
      "type": "Feature",
      "id": "csidc_industrial_area_with_plots.fid-23377b7a_19c5672bde0_71b9",
      "geometry": {
        "type": "Polygon",
        "coordinates": [
          [
            [
              81.5298863,
              20.68957718
            ],
            [
              81.52984795,
              20.68942977
            ],
            [
              81.52968082,
              20.68946768
            ],
            [
              81.52971917,
              20.68961509
            ],
            [
              81.5298863,
              20.68957718
            ]
          ]
        ]
      },
      "geometry_name": "geom",
      "properties": {
        "gid": 70,
        "objectid": 20,
        "district": "Dhamtari",
        "plot_type": "INDUSTRIAL PURPOSE",
        "total_area": 390.96,
        "reservatio": "Yes",
        "plot_munci": "YES",
        "corner_plo": "Yes",
        "premium_ba": 4000000,
        "addi_premi": 800000,
        "total_prem": 4800000,
        "label": null,
        "tot_premiu": 0.0,
        "location": "Shyamtarai",
        "remark": null,
        "sector_inf": null,
        "industrial": "Inustrial Area Shyamtarai",
        "district_i": "Dhamtari",
        "plotno_inf": "20",
        "uniqueplot": "20",
        "plotactiva": null,
        "plotupdate": null,
        "plot_yesno": "Yes",
        "category_i": "INDUSTRIAL PLOT-ALLOTED",
        "quest": null,
        "status_inf": "ALLOTTED",
        "applied_ti": null,
        "alloted_ti": null,
        "allotmentr": null,
        "industri_1": "Industrial Area Shyamtarai",
        "industri_2": "Industrial Area Shyamtarai",
        "gis_tid": null,
        "st_area_sh": 2.6089746e-08,
        "st_length_": 0.000647375934868,
        "uidv1": null,
        "status_from_csidc": "ALLOTTED",
        "uid": "IA-1997"
      }
    },
    {
      "type": "Feature",
      "id": "csidc_industrial_area_with_plots.fid-23377b7a_19c5672bde0_71ba",
      "geometry": {
        "type": "Polygon",
        "coordinates": [
          [
            [
              81.69557865,
              20.97023502
            ],
            [
              81.69553662,
              20.97015809
            ],
            [
              81.6954058,
              20.96992239
            ],
            [
              81.69494502,
              20.97015307
            ],
            [
              81.69512053,
              20.97046436
            ],
            [
              81.69557865,
              20.97023502
            ]
          ]
        ]
      },
      "geometry_name": "geom",
      "properties": {
        "gid": 71,
        "objectid": 1,
        "district": "Dhamtari",
        "plot_type": "INDUSTRIAL PURPOSE",
        "total_area": 2223,
        "reservatio": "No",
        "plot_munci": "No",
        "corner_plo": "Yes",
        "premium_ba": 10000000,
        "addi_premi": 1000000,
        "total_prem": 11000000,
        "label": null,
        "tot_premiu": 0.0,
        "location": "G-Jamgoan",
        "remark": null,
        "sector_inf": null,
        "industrial": "Industrial Area G-Jamgoan",
        "district_i": "Dhamtari",
        "plotno_inf": "1",
        "uniqueplot": "1",
        "plotactiva": null,
        "plotupdate": null,
        "plot_yesno": "YES",
        "category_i": "INDUSTRIAL PLOT-ALLOTED",
        "quest": null,
        "status_inf": "ALLOTTED",
        "applied_ti": null,
        "alloted_ti": null,
        "allotmentr": null,
        "industri_1": "Industrial Area G-Jamgoan",
        "industri_2": "Industrial Area G-Jamgoan",
        "gis_tid": null,
        "st_area_sh": 0.0,
        "st_length_": 0.0,
        "uidv1": null,
        "status_from_csidc": "BOOKED",
        "uid": "IA-1992"
      }
    },
    {
      "type": "Feature",
      "id": "csidc_industrial_area_with_plots.fid-23377b7a_19c5672bde0_71bb",
      "geometry": {
        "type": "Polygon",
        "coordinates": [
          [
            [
              83.5083778,
              22.6771772
            ],
            [
              83.50810956,
              22.67688435
            ],
            [
              83.50792601,
              22.67702566
            ],
            [
              83.50818547,
              22.67732162
            ],
            [
              83.5083778,
              22.6771772
            ]
          ]
        ]
      },
      "geometry_name": "geom",
      "properties": {
        "gid": 72,
        "objectid": 0,
        "district": "SURGUJA",
        "plot_type": "INDUSTRIAL PURPOSE",
        "total_area": 1000,
        "reservatio": null,
        "plot_munci": "No.",
        "corner_plo": null,
        "premium_ba": 4800000,
        "addi_premi": 0.0,
        "total_prem": 4800000,
        "label": null,
        "tot_premiu": 4800000,
        "location": "ULAKIYA FOOD PARK SURGUJA",
        "remark": null,
        "sector_inf": "Block-C",
        "industrial": "Ulakiya Industrial Area and Food Park",
        "district_i": "RAIPUR",
        "plotno_inf": "4",
        "uniqueplot": "4",
        "plotactiva": null,
        "plotupdate": null,
        "plot_yesno": "YES",
        "category_i": "INDUSTRIAL PLOT-ALLOTED",
        "quest": null,
        "status_inf": "AVAILABLE",
        "applied_ti": null,
        "alloted_ti": null,
        "allotmentr": null,
        "industri_1": "FOOD PARK ULAKIYA",
        "industri_2": "FOOD PARK ULAKIYA",
        "gis_tid": null,
        "st_area_sh": 0.0,
        "st_length_": 0.0,
        "uidv1": "IA-2167",
        "status_from_csidc": "AVAILABLE",
        "uid": "IA-2167"
      }
    },
    {
      "type": "Feature",
      "id": "csidc_industrial_area_with_plots.fid-23377b7a_19c5672bde0_71bc",
      "geometry": {
        "type": "Polygon",
        "coordinates": [
          [
            [
              81.52971917,
              20.68961509
            ],
            [
              81.52968082,
              20.68946768
            ],
            [
              81.5295137,
              20.68950559
            ],
            [
              81.52955205,
              20.68965299
            ],
            [
              81.52971917,
              20.68961509
            ]
          ]
        ]
      },
      "geometry_name": "geom",
      "properties": {
        "gid": 73,
        "objectid": 19,
        "district": "Dhamtari",
        "plot_type": "INDUSTRIAL PURPOSE",
        "total_area": 390.96,
        "reservatio": "Yes",
        "plot_munci": "YES",
        "corner_plo": "No",
        "premium_ba": 4000000,
        "addi_premi": 400000,
        "total_prem": 4400000,
        "label": null,
        "tot_premiu": 0.0,
        "location": "Shyamtarai",
        "remark": null,
        "sector_inf": null,
        "industrial": "Inustrial Area Shyamtarai",
        "district_i": "Dhamtari",
        "plotno_inf": "19",
        "uniqueplot": "19",
        "plotactiva": null,
        "plotupdate": null,
        "plot_yesno": "Yes",
        "category_i": "INDUSTRIAL PLOT-ALLOTED",
        "quest": null,
        "status_inf": "AVAILABLE",
        "applied_ti": null,
        "alloted_ti": null,
        "allotmentr": null,
        "industri_1": "Industrial Area Shyamtarai",
        "industri_2": "Industrial Area Shyamtarai",
        "gis_tid": null,
        "st_area_sh": 2.6089605e-08,
        "st_length_": 0.000647374159926,
        "uidv1": null,
        "status_from_csidc": "AVAILABLE",
        "uid": "IA-1998"
      }
    },
    {
      "type": "Feature",
      "id": "csidc_industrial_area_with_plots.fid-23377b7a_19c5672bde0_71bd",
      "geometry": {
        "type": "Polygon",
        "coordinates": [
          [
            [
              81.52955205,
              20.68965299
            ],
            [
              81.5295137,
              20.68950559
            ],
            [
              81.52934657,
              20.68954349
            ],
            [
              81.52938492,
              20.6896909
            ],
            [
              81.52955205,
              20.68965299
            ]
          ]
        ]
      },
      "geometry_name": "geom",
      "properties": {
        "gid": 74,
        "objectid": 18,
        "district": "Dhamtari",
        "plot_type": "INDUSTRIAL PURPOSE",
        "total_area": 390.96,
        "reservatio": "Yes",
        "plot_munci": "YES",
        "corner_plo": "No",
        "premium_ba": 4000000,
        "addi_premi": 400000,
        "total_prem": 4400000,
        "label": null,
        "tot_premiu": 0.0,
        "location": "Shyamtarai",
        "remark": null,
        "sector_inf": null,
        "industrial": "Inustrial Area Shyamtarai",
        "district_i": "Dhamtari",
        "plotno_inf": "18",
        "uniqueplot": "18",
        "plotactiva": null,
        "plotupdate": null,
        "plot_yesno": "Yes",
        "category_i": "INDUSTRIAL PLOT-ALLOTED",
        "quest": null,
        "status_inf": "AVAILABLE",
        "applied_ti": null,
        "alloted_ti": null,
        "allotmentr": null,
        "industri_1": "Industrial Area Shyamtarai",
        "industri_2": "Industrial Area Shyamtarai",
        "gis_tid": null,
        "st_area_sh": 2.6089827e-08,
        "st_length_": 0.000647377249406,
        "uidv1": null,
        "status_from_csidc": "AVAILABLE",
        "uid": "IA-1999"
      }
    },
    {
      "type": "Feature",
      "id": "csidc_industrial_area_with_plots.fid-23377b7a_19c5672bde0_71be",
      "geometry": {
        "type": "Polygon",
        "coordinates": [
          [
            [
              81.52938492,
              20.6896909
            ],
            [
              81.52934657,
              20.68954349
            ],
            [
              81.52917944,
              20.6895814
            ],
            [
              81.52921779,
              20.68972881
            ],
            [
              81.52938492,
              20.6896909
            ]
          ]
        ]
      },
      "geometry_name": "geom",
      "properties": {
        "gid": 75,
        "objectid": 17,
        "district": "Dhamtari",
        "plot_type": "INDUSTRIAL PURPOSE",
        "total_area": 390.96,
        "reservatio": "Yes",
        "plot_munci": "YES",
        "corner_plo": "No",
        "premium_ba": 4000000,
        "addi_premi": 400000,
        "total_prem": 4400000,
        "label": null,
        "tot_premiu": 0.0,
        "location": "Shyamtarai",
        "remark": null,
        "sector_inf": null,
        "industrial": "Inustrial Area Shyamtarai",
        "district_i": "Dhamtari",
        "plotno_inf": "17",
        "uniqueplot": "17",
        "plotactiva": null,
        "plotupdate": null,
        "plot_yesno": "Yes",
        "category_i": "INDUSTRIAL PLOT-ALLOTED",
        "quest": null,
        "status_inf": "AVAILABLE",
        "applied_ti": null,
        "alloted_ti": null,
        "allotmentr": null,
        "industri_1": "Industrial Area Shyamtarai",
        "industri_2": "Industrial Area Shyamtarai",
        "gis_tid": null,
        "st_area_sh": 2.6089411e-08,
        "st_length_": 0.000647372000636,
        "uidv1": null,
        "status_from_csidc": "AVAILABLE",
        "uid": "IA-2000"
      }
    },
    {
      "type": "Feature",
      "id": "csidc_industrial_area_with_plots.fid-23377b7a_19c5672bde0_71bf",
      "geometry": {
        "type": "Polygon",
        "coordinates": [
          [
            [
              81.69380195,
              20.96963064
            ],
            [
              81.69358257,
              20.96924152
            ],
            [
              81.69337577,
              20.96934505
            ],
            [
              81.69359515,
              20.96973417
            ],
            [
              81.69380195,
              20.96963064
            ]
          ]
        ]
      },
      "geometry_name": "geom",
      "properties": {
        "gid": 61,
        "objectid": 14,
        "district": "Dhamtari",
        "plot_type": "INDUSTRIAL PURPOSE",
        "total_area": 1250,
        "reservatio": "No",
        "plot_munci": "No",
        "corner_plo": "No",
        "premium_ba": 10000000,
        "addi_premi": 0.0,
        "total_prem": 10000000,
        "label": null,
        "tot_premiu": 0.0,
        "location": "G-Jamgoan",
        "remark": null,
        "sector_inf": null,
        "industrial": "Industrial Area G-Jamgoan",
        "district_i": "Dhamtari",
        "plotno_inf": "14",
        "uniqueplot": "14",
        "plotactiva": null,
        "plotupdate": null,
        "plot_yesno": "YES",
        "category_i": "INDUSTRIAL PLOT-ALLOTED",
        "quest": null,
        "status_inf": "AVAILABLE",
        "applied_ti": null,
        "alloted_ti": null,
        "allotmentr": null,
        "industri_1": "Industrial Area G-Jamgoan",
        "industri_2": "Industrial Area G-Jamgoan",
        "gis_tid": null,
        "st_area_sh": 0.0,
        "st_length_": 0.0,
        "uidv1": null,
        "status_from_csidc": "AVAILABLE",
        "uid": "IA-1983"
      }
    },
    {
      "type": "Feature",
      "id": "csidc_industrial_area_with_plots.fid-23377b7a_19c5672bde0_71c0",
      "geometry": {
        "type": "Polygon",
        "coordinates": [
          [
            [
              81.5296261,
              20.68935074
            ],
            [
              81.52954666,
              20.68904537
            ],
            [
              81.52929597,
              20.68910223
            ],
            [
              81.52937541,
              20.6894076
            ],
            [
              81.5296261,
              20.68935074
            ]
          ]
        ]
      },
      "geometry_name": "geom",
      "properties": {
        "gid": 65,
        "objectid": 21,
        "district": "Dhamtari",
        "plot_type": "INDUSTRIAL PURPOSE",
        "total_area": 1215,
        "reservatio": "No",
        "plot_munci": "YES",
        "corner_plo": "No",
        "premium_ba": 4000000,
        "addi_premi": 400000,
        "total_prem": 4400000,
        "label": null,
        "tot_premiu": 0.0,
        "location": "Shyamtarai",
        "remark": null,
        "sector_inf": null,
        "industrial": "Inustrial Area Shyamtarai",
        "district_i": "Dhamtari",
        "plotno_inf": "21",
        "uniqueplot": "21",
        "plotactiva": null,
        "plotupdate": null,
        "plot_yesno": "Yes",
        "category_i": "INDUSTRIAL PLOT-ALLOTED",
        "quest": null,
        "status_inf": "AVAILABLE",
        "applied_ti": null,
        "alloted_ti": null,
        "allotmentr": null,
        "industri_1": "Industrial Area Shyamtarai",
        "industri_2": "Industrial Area Shyamtarai",
        "gis_tid": null,
        "st_area_sh": 8.106916e-08,
        "st_length_": 0.00114517455502,
        "uidv1": null,
        "status_from_csidc": "AVAILABLE",
        "uid": "IA-1994"
      }
    },
    {
      "type": "Feature",
      "id": "csidc_industrial_area_with_plots.fid-23377b7a_19c5672bde0_71c1",
      "geometry": {
        "type": "Polygon",
        "coordinates": [
          [
            [
              83.49453247,
              21.86942615
            ],
            [
              83.4945324,
              21.86942564
            ],
            [
              83.49450867,
              21.86924923
            ],
            [
              83.49425514,
              21.86928368
            ],
            [
              83.49427995,
              21.86945583
            ],
            [
              83.4942809,
              21.86946238
            ],
            [
              83.49450601,
              21.86942955
            ],
            [
              83.49453247,
              21.86942615
            ]
          ]
        ]
      },
      "geometry_name": "geom",
      "properties": {
        "gid": 76,
        "objectid": 3659,
        "district": "RAIGARH",
        "plot_type": "Industrial  Purpose",
        "total_area": 475,
        "reservatio": null,
        "plot_munci": "No.",
        "corner_plo": "No",
        "premium_ba": 0.0,
        "addi_premi": 0.0,
        "total_prem": 12000000,
        "label": null,
        "tot_premiu": 12000000,
        "location": "SIYARPALI-MAHUAPALI",
        "remark": null,
        "sector_inf": null,
        "industrial": "INDUSTRIAL AREA SIYARPALI-MAHUAPALI",
        "district_i": "RAIGARH",
        "plotno_inf": "43",
        "uniqueplot": "43",
        "plotactiva": "1899-12-29Z",
        "plotupdate": null,
        "plot_yesno": "YES",
        "category_i": "INDUSTRIAL PLOT-ALLOTED",
        "quest": null,
        "status_inf": "AVAILABLE",
        "applied_ti": "1899-12-29Z",
        "alloted_ti": "1899-12-29Z",
        "allotmentr": null,
        "industri_1": "INDUSTRIAL AREA SIYARPALI-MAHUAPALI",
        "industri_2": "INDUSTRIAL AREA SIYARPALI-MAHUAPALI",
        "gis_tid": null,
        "st_area_sh": 4.5728883e-08,
        "st_length_": 0.000869075531559,
        "uidv1": "IA-1349",
        "status_from_csidc": "AVAILABLE",
        "uid": "IA-1349"
      }
    },
    {
      "type": "Feature",
      "id": "csidc_industrial_area_with_plots.fid-23377b7a_19c5672bde0_71c2",
      "geometry": {
        "type": "Polygon",
        "coordinates": [
          [
            [
              81.59544109,
              21.28734228
            ],
            [
              81.59542406,
              21.28711059
            ],
            [
              81.59510161,
              21.28742203
            ],
            [
              81.59522723,
              21.28753297
            ],
            [
              81.59544109,
              21.28734228
            ]
          ]
        ]
      },
      "geometry_name": "geom",
      "properties": {
        "gid": 77,
        "objectid": 0,
        "district": "RAIPUR",
        "plot_type": "INDUSTRIAL PURPOSE",
        "total_area": 1344.718,
        "reservatio": null,
        "plot_munci": "YES",
        "corner_plo": "NO",
        "premium_ba": 0.0,
        "addi_premi": 0.0,
        "total_prem": 0.0,
        "label": null,
        "tot_premiu": 0.0,
        "location": "Sarora",
        "remark": null,
        "sector_inf": null,
        "industrial": "PLASTIC PARK",
        "district_i": "RAIPUR",
        "plotno_inf": "44",
        "uniqueplot": "44",
        "plotactiva": null,
        "plotupdate": null,
        "plot_yesno": "YES",
        "category_i": "INDUSTRIAL PLOT-ALLOTED",
        "quest": null,
        "status_inf": "UNAVAILABLE",
        "applied_ti": null,
        "alloted_ti": null,
        "allotmentr": null,
        "industri_1": "PLASTIC PARK",
        "industri_2": "PLASTIC PARK",
        "gis_tid": null,
        "st_area_sh": 0.0,
        "st_length_": 0.0,
        "uidv1": "IA-1355",
        "status_from_csidc": null,
        "uid": "IA-1355"
      }
    },
    {
      "type": "Feature",
      "id": "csidc_industrial_area_with_plots.fid-23377b7a_19c5672bde0_71c3",
      "geometry": {
        "type": "Polygon",
        "coordinates": [
          [
            [
              81.52888353,
              20.68980462
            ],
            [
              81.52884518,
              20.68965721
            ],
            [
              81.52867806,
              20.68969512
            ],
            [
              81.52871641,
              20.68984253
            ],
            [
              81.52888353,
              20.68980462
            ]
          ]
        ]
      },
      "geometry_name": "geom",
      "properties": {
        "gid": 78,
        "objectid": 14,
        "district": "Dhamtari",
        "plot_type": "INDUSTRIAL PURPOSE",
        "total_area": 390.96,
        "reservatio": "Yes",
        "plot_munci": "YES",
        "corner_plo": "No",
        "premium_ba": 4000000,
        "addi_premi": 400000,
        "total_prem": 4400000,
        "label": null,
        "tot_premiu": 0.0,
        "location": "Shyamtarai",
        "remark": null,
        "sector_inf": null,
        "industrial": "Inustrial Area Shyamtarai",
        "district_i": "Dhamtari",
        "plotno_inf": "14",
        "uniqueplot": "14",
        "plotactiva": null,
        "plotupdate": null,
        "plot_yesno": "Yes",
        "category_i": "INDUSTRIAL PLOT-ALLOTED",
        "quest": null,
        "status_inf": "AVAILABLE",
        "applied_ti": null,
        "alloted_ti": null,
        "allotmentr": null,
        "industri_1": "Industrial Area Shyamtarai",
        "industri_2": "Industrial Area Shyamtarai",
        "gis_tid": null,
        "st_area_sh": 2.6089518e-08,
        "st_length_": 0.000647373322575,
        "uidv1": null,
        "status_from_csidc": "AVAILABLE",
        "uid": "IA-2004"
      }
    },
    {
      "type": "Feature",
      "id": "csidc_industrial_area_with_plots.fid-23377b7a_19c5672bde0_71c4",
      "geometry": {
        "type": "Polygon",
        "coordinates": [
          [
            [
              81.52871641,
              20.68984253
            ],
            [
              81.52867806,
              20.68969512
            ],
            [
              81.52851093,
              20.68973302
            ],
            [
              81.52854928,
              20.68988043
            ],
            [
              81.52871641,
              20.68984253
            ]
          ]
        ]
      },
      "geometry_name": "geom",
      "properties": {
        "gid": 79,
        "objectid": 13,
        "district": "Dhamtari",
        "plot_type": "INDUSTRIAL PURPOSE",
        "total_area": 390.96,
        "reservatio": "Yes",
        "plot_munci": "YES",
        "corner_plo": "No",
        "premium_ba": 4000000,
        "addi_premi": 400000,
        "total_prem": 4400000,
        "label": null,
        "tot_premiu": 0.0,
        "location": "Shyamtarai",
        "remark": null,
        "sector_inf": null,
        "industrial": "Inustrial Area Shyamtarai",
        "district_i": "Dhamtari",
        "plotno_inf": "13",
        "uniqueplot": "13",
        "plotactiva": null,
        "plotupdate": null,
        "plot_yesno": "Yes",
        "category_i": "INDUSTRIAL PLOT-ALLOTED",
        "quest": null,
        "status_inf": "AVAILABLE",
        "applied_ti": null,
        "alloted_ti": null,
        "allotmentr": null,
        "industri_1": "Industrial Area Shyamtarai",
        "industri_2": "Industrial Area Shyamtarai",
        "gis_tid": null,
        "st_area_sh": 2.6089827e-08,
        "st_length_": 0.000647377249431,
        "uidv1": null,
        "status_from_csidc": "AVAILABLE",
        "uid": "IA-2005"
      }
    },
    {
      "type": "Feature",
      "id": "csidc_industrial_area_with_plots.fid-23377b7a_19c5672bde0_71c5",
      "geometry": {
        "type": "Polygon",
        "coordinates": [
          [
            [
              81.52854928,
              20.68988043
            ],
            [
              81.52851093,
              20.68973302
            ],
            [
              81.5283438,
              20.68977093
            ],
            [
              81.52838215,
              20.68991834
            ],
            [
              81.52854928,
              20.68988043
            ]
          ]
        ]
      },
      "geometry_name": "geom",
      "properties": {
        "gid": 80,
        "objectid": 12,
        "district": "Dhamtari",
        "plot_type": "INDUSTRIAL PURPOSE",
        "total_area": 390.96,
        "reservatio": "Yes",
        "plot_munci": "YES",
        "corner_plo": "No",
        "premium_ba": 4000000,
        "addi_premi": 400000,
        "total_prem": 4400000,
        "label": null,
        "tot_premiu": 0.0,
        "location": "Shyamtarai",
        "remark": null,
        "sector_inf": null,
        "industrial": "Inustrial Area Shyamtarai",
        "district_i": "Dhamtari",
        "plotno_inf": "12",
        "uniqueplot": "12",
        "plotactiva": null,
        "plotupdate": null,
        "plot_yesno": "Yes",
        "category_i": "INDUSTRIAL PLOT-ALLOTED",
        "quest": null,
        "status_inf": "AVAILABLE",
        "applied_ti": null,
        "alloted_ti": null,
        "allotmentr": null,
        "industri_1": "Industrial Area Shyamtarai",
        "industri_2": "Industrial Area Shyamtarai",
        "gis_tid": null,
        "st_area_sh": 2.6089484e-08,
        "st_length_": 0.000647372924798,
        "uidv1": null,
        "status_from_csidc": "AVAILABLE",
        "uid": "IA-2006"
      }
    },
    {
      "type": "Feature",
      "id": "csidc_industrial_area_with_plots.fid-23377b7a_19c5672bde0_71c6",
      "geometry": {
        "type": "Polygon",
        "coordinates": [
          [
            [
              81.52960501,
              20.68985657
            ],
            [
              81.52955205,
              20.68965299
            ],
            [
              81.52938492,
              20.6896909
            ],
            [
              81.52943782,
              20.68989422
            ],
            [
              81.52943788,
              20.68989447
            ],
            [
              81.52960501,
              20.68985657
            ]
          ]
        ]
      },
      "geometry_name": "geom",
      "properties": {
        "gid": 84,
        "objectid": 3,
        "district": "Dhamtari",
        "plot_type": "INDUSTRIAL PURPOSE",
        "total_area": 540,
        "reservatio": "No",
        "plot_munci": "YES",
        "corner_plo": "No",
        "premium_ba": 4000000,
        "addi_premi": 400000,
        "total_prem": 4400000,
        "label": null,
        "tot_premiu": 0.0,
        "location": "Shyamtarai",
        "remark": null,
        "sector_inf": null,
        "industrial": "Inustrial Area Shyamtarai",
        "district_i": "Dhamtari",
        "plotno_inf": "3",
        "uniqueplot": "3",
        "plotactiva": null,
        "plotupdate": null,
        "plot_yesno": "Yes",
        "category_i": "INDUSTRIAL PLOT-ALLOTED",
        "quest": null,
        "status_inf": "ALLOTTED",
        "applied_ti": null,
        "alloted_ti": null,
        "allotmentr": null,
        "industri_1": "Industrial Area Shyamtarai",
        "industri_2": "Industrial Area Shyamtarai",
        "gis_tid": null,
        "st_area_sh": 3.6030505e-08,
        "st_length_": 0.000763446878635,
        "uidv1": null,
        "status_from_csidc": "BOOKED",
        "uid": "IA-2010"
      }
    },
    {
      "type": "Feature",
      "id": "csidc_industrial_area_with_plots.fid-23377b7a_19c5672bde0_71c7",
      "geometry": {
        "type": "Polygon",
        "coordinates": [
          [
            [
              81.52801258,
              20.68985843
            ],
            [
              81.52796845,
              20.68968879
            ],
            [
              81.52763241,
              20.689765
            ],
            [
              81.52759705,
              20.68977302
            ],
            [
              81.52764119,
              20.68994267
            ],
            [
              81.52801258,
              20.68985843
            ]
          ]
        ]
      },
      "geometry_name": "geom",
      "properties": {
        "gid": 86,
        "objectid": 24,
        "district": "Dhamtari",
        "plot_type": "INDUSTRIAL PURPOSE",
        "total_area": 1000,
        "reservatio": "No",
        "plot_munci": "YES",
        "corner_plo": "No",
        "premium_ba": 4000000,
        "addi_premi": 400000,
        "total_prem": 4400000,
        "label": null,
        "tot_premiu": 0.0,
        "location": "Shyamtarai",
        "remark": null,
        "sector_inf": null,
        "industrial": "Inustrial Area Shyamtarai",
        "district_i": "Dhamtari",
        "plotno_inf": "24",
        "uniqueplot": "24",
        "plotactiva": null,
        "plotupdate": null,
        "plot_yesno": "Yes",
        "category_i": "INDUSTRIAL PLOT-ALLOTED",
        "quest": null,
        "status_inf": "ALLOTTED",
        "applied_ti": null,
        "alloted_ti": null,
        "allotmentr": null,
        "industri_1": "Industrial Area Shyamtarai",
        "industri_2": "Industrial Area Shyamtarai",
        "gis_tid": null,
        "st_area_sh": 6.67235e-08,
        "st_length_": 0.00111224416471,
        "uidv1": null,
        "status_from_csidc": "BOOKED",
        "uid": "IA-2003"
      }
    },
    {
      "type": "Feature",
      "id": "csidc_industrial_area_with_plots.fid-23377b7a_19c5672bde0_71c8",
      "geometry": {
        "type": "Polygon",
        "coordinates": [
          [
            [
              81.52921779,
              20.68972881
            ],
            [
              81.52917944,
              20.6895814
            ],
            [
              81.52901231,
              20.68961931
            ],
            [
              81.52905066,
              20.68976671
            ],
            [
              81.52921779,
              20.68972881
            ]
          ]
        ]
      },
      "geometry_name": "geom",
      "properties": {
        "gid": 87,
        "objectid": 16,
        "district": "Dhamtari",
        "plot_type": "INDUSTRIAL PURPOSE",
        "total_area": 390.96,
        "reservatio": "Yes",
        "plot_munci": "YES",
        "corner_plo": "No",
        "premium_ba": 4000000,
        "addi_premi": 400000,
        "total_prem": 4400000,
        "label": null,
        "tot_premiu": 0.0,
        "location": "Shyamtarai",
        "remark": null,
        "sector_inf": null,
        "industrial": "Inustrial Area Shyamtarai",
        "district_i": "Dhamtari",
        "plotno_inf": "16",
        "uniqueplot": "16",
        "plotactiva": null,
        "plotupdate": null,
        "plot_yesno": "Yes",
        "category_i": "INDUSTRIAL PLOT-ALLOTED",
        "quest": null,
        "status_inf": "AVAILABLE",
        "applied_ti": null,
        "alloted_ti": null,
        "allotmentr": null,
        "industri_1": "Industrial Area Shyamtarai",
        "industri_2": "Industrial Area Shyamtarai",
        "gis_tid": null,
        "st_area_sh": 2.6089334e-08,
        "st_length_": 0.000647371183994,
        "uidv1": null,
        "status_from_csidc": "AVAILABLE",
        "uid": "IA-2001"
      }
    },
    {
      "type": "Feature",
      "id": "csidc_industrial_area_with_plots.fid-23377b7a_19c5672bde0_71c9",
      "geometry": {
        "type": "Polygon",
        "coordinates": [
          [
            [
              81.52905066,
              20.68976671
            ],
            [
              81.52901231,
              20.68961931
            ],
            [
              81.52884518,
              20.68965721
            ],
            [
              81.52888353,
              20.68980462
            ],
            [
              81.52905066,
              20.68976671
            ]
          ]
        ]
      },
      "geometry_name": "geom",
      "properties": {
        "gid": 88,
        "objectid": 15,
        "district": "Dhamtari",
        "plot_type": "INDUSTRIAL PURPOSE",
        "total_area": 390.96,
        "reservatio": "Yes",
        "plot_munci": "YES",
        "corner_plo": "No",
        "premium_ba": 4000000,
        "addi_premi": 400000,
        "total_prem": 4400000,
        "label": null,
        "tot_premiu": 0.0,
        "location": "Shyamtarai",
        "remark": null,
        "sector_inf": null,
        "industrial": "Inustrial Area Shyamtarai",
        "district_i": "Dhamtari",
        "plotno_inf": "15",
        "uniqueplot": "15",
        "plotactiva": null,
        "plotupdate": null,
        "plot_yesno": "Yes",
        "category_i": "INDUSTRIAL PLOT-ALLOTED",
        "quest": null,
        "status_inf": "AVAILABLE",
        "applied_ti": null,
        "alloted_ti": null,
        "allotmentr": null,
        "industri_1": "Industrial Area Shyamtarai",
        "industri_2": "Industrial Area Shyamtarai",
        "gis_tid": null,
        "st_area_sh": 2.608955e-08,
        "st_length_": 0.000647373986667,
        "uidv1": null,
        "status_from_csidc": "AVAILABLE",
        "uid": "IA-2002"
      }
    },
    {
      "type": "Feature",
      "id": "csidc_industrial_area_with_plots.fid-23377b7a_19c5672bde0_71ca",
      "geometry": {
        "type": "Polygon",
        "coordinates": [
          [
            [
              81.70713375,
              18.39508829
            ],
            [
              81.70709729,
              18.3949127
            ],
            [
              81.70690703,
              18.39494959
            ],
            [
              81.70694349,
              18.39512517
            ],
            [
              81.70713375,
              18.39508829
            ]
          ]
        ]
      },
      "geometry_name": "geom",
      "properties": {
        "gid": 90,
        "objectid": 37,
        "district": "SUKMA",
        "plot_type": "Industrial Purpose",
        "total_area": 400,
        "reservatio": "NO",
        "plot_munci": "YES",
        "corner_plo": "NO",
        "premium_ba": 4000000,
        "addi_premi": 800000,
        "total_prem": 4800000,
        "label": null,
        "tot_premiu": 0.0,
        "location": "SUKMA",
        "remark": null,
        "sector_inf": null,
        "industrial": "Food Park Sukma",
        "district_i": "Sukma",
        "plotno_inf": "37",
        "uniqueplot": "37",
        "plotactiva": null,
        "plotupdate": null,
        "plot_yesno": "Yes",
        "category_i": "INDUSTRIAL PLOT-ALLOTED",
        "quest": null,
        "status_inf": "ALLOTTED",
        "applied_ti": null,
        "alloted_ti": null,
        "allotmentr": null,
        "industri_1": "Food Park Sukma",
        "industri_2": "Food Park Sukma",
        "gis_tid": null,
        "st_area_sh": 0.0,
        "st_length_": 0.0,
        "uidv1": null,
        "status_from_csidc": "BOOKED",
        "uid": "IA-2022"
      }
    },
    {
      "type": "Feature",
      "id": "csidc_industrial_area_with_plots.fid-23377b7a_19c5672bde0_71cb",
      "geometry": {
        "type": "Polygon",
        "coordinates": [
          [
            [
              81.52830334,
              20.6901518
            ],
            [
              81.52843511,
              20.69012191
            ],
            [
              81.52838215,
              20.68991834
            ],
            [
              81.52821502,
              20.68995624
            ],
            [
              81.52826799,
              20.69015982
            ],
            [
              81.52830334,
              20.6901518
            ]
          ]
        ]
      },
      "geometry_name": "geom",
      "properties": {
        "gid": 89,
        "objectid": 10,
        "district": "Dhamtari",
        "plot_type": "INDUSTRIAL PURPOSE",
        "total_area": 540,
        "reservatio": "No",
        "plot_munci": "YES",
        "corner_plo": "Yes",
        "premium_ba": 4000000,
        "addi_premi": 800000,
        "total_prem": 4800000,
        "label": null,
        "tot_premiu": 0.0,
        "location": "Shyamtarai",
        "remark": null,
        "sector_inf": null,
        "industrial": "Inustrial Area Shyamtarai",
        "district_i": "Dhamtari",
        "plotno_inf": "10",
        "uniqueplot": "10",
        "plotactiva": null,
        "plotupdate": null,
        "plot_yesno": "Yes",
        "category_i": "INDUSTRIAL PLOT-ALLOTED",
        "quest": null,
        "status_inf": "ALLOTTED",
        "applied_ti": null,
        "alloted_ti": null,
        "allotmentr": null,
        "industri_1": "Industrial Area Shyamtarai",
        "industri_2": "Industrial Area Shyamtarai",
        "gis_tid": null,
        "st_area_sh": 3.6030814e-08,
        "st_length_": 0.000763450128123,
        "uidv1": null,
        "status_from_csidc": "ALLOTTED",
        "uid": "IA-2018"
      }
    },
    {
      "type": "Feature",
      "id": "csidc_industrial_area_with_plots.fid-23377b7a_19c5672bde0_71cc",
      "geometry": {
        "type": "Polygon",
        "coordinates": [
          [
            [
              81.52977214,
              20.68981866
            ],
            [
              81.52971917,
              20.68961509
            ],
            [
              81.52955205,
              20.68965299
            ],
            [
              81.52960501,
              20.68985657
            ],
            [
              81.52977214,
              20.68981866
            ]
          ]
        ]
      },
      "geometry_name": "geom",
      "properties": {
        "gid": 83,
        "objectid": 2,
        "district": "Dhamtari",
        "plot_type": "INDUSTRIAL PURPOSE",
        "total_area": 540,
        "reservatio": "No",
        "plot_munci": "YES",
        "corner_plo": "No",
        "premium_ba": 4000000,
        "addi_premi": 400000,
        "total_prem": 4400000,
        "label": null,
        "tot_premiu": 0.0,
        "location": "Shyamtarai",
        "remark": null,
        "sector_inf": null,
        "industrial": "Inustrial Area Shyamtarai",
        "district_i": "Dhamtari",
        "plotno_inf": "2",
        "uniqueplot": "2",
        "plotactiva": null,
        "plotupdate": null,
        "plot_yesno": "Yes",
        "category_i": "INDUSTRIAL PLOT-ALLOTED",
        "quest": null,
        "status_inf": "AVAILABLE",
        "applied_ti": null,
        "alloted_ti": null,
        "allotmentr": null,
        "industri_1": "Industrial Area Shyamtarai",
        "industri_2": "Industrial Area Shyamtarai",
        "gis_tid": null,
        "st_area_sh": 3.603077e-08,
        "st_length_": 0.000763449449354,
        "uidv1": null,
        "status_from_csidc": "AVAILABLE",
        "uid": "IA-2009"
      }
    },
    {
      "type": "Feature",
      "id": "csidc_industrial_area_with_plots.fid-23377b7a_19c5672bde0_71cd",
      "geometry": {
        "type": "Polygon",
        "coordinates": [
          [
            [
              81.52993927,
              20.68978075
            ],
            [
              81.5298863,
              20.68957718
            ],
            [
              81.52971917,
              20.68961509
            ],
            [
              81.52977214,
              20.68981866
            ],
            [
              81.52993927,
              20.68978075
            ]
          ]
        ]
      },
      "geometry_name": "geom",
      "properties": {
        "gid": 81,
        "objectid": 1,
        "district": "Dhamtari",
        "plot_type": "INDUSTRIAL PURPOSE",
        "total_area": 540,
        "reservatio": "No",
        "plot_munci": "YES",
        "corner_plo": "Yes",
        "premium_ba": 4000000,
        "addi_premi": 800000,
        "total_prem": 4800000,
        "label": null,
        "tot_premiu": 0.0,
        "location": "Shyamtarai",
        "remark": null,
        "sector_inf": null,
        "industrial": "Inustrial Area Shyamtarai",
        "district_i": "Dhamtari",
        "plotno_inf": "1",
        "uniqueplot": "1",
        "plotactiva": null,
        "plotupdate": null,
        "plot_yesno": "Yes",
        "category_i": "INDUSTRIAL PLOT-ALLOTED",
        "quest": null,
        "status_inf": "AVAILABLE",
        "applied_ti": null,
        "alloted_ti": null,
        "allotmentr": null,
        "industri_1": "Industrial Area Shyamtarai",
        "industri_2": "Industrial Area Shyamtarai",
        "gis_tid": null,
        "st_area_sh": 3.6030551e-08,
        "st_length_": 0.000763447770968,
        "uidv1": null,
        "status_from_csidc": "AVAILABLE",
        "uid": "IA-2008"
      }
    },
    {
      "type": "Feature",
      "id": "csidc_industrial_area_with_plots.fid-23377b7a_19c5672bde0_71ce",
      "geometry": {
        "type": "Polygon",
        "coordinates": [
          [
            [
              81.52943788,
              20.68989447
            ],
            [
              81.52943782,
              20.68989422
            ],
            [
              81.52938492,
              20.6896909
            ],
            [
              81.52921779,
              20.68972881
            ],
            [
              81.52927062,
              20.68993187
            ],
            [
              81.52927075,
              20.68993238
            ],
            [
              81.52943788,
              20.68989447
            ]
          ]
        ]
      },
      "geometry_name": "geom",
      "properties": {
        "gid": 85,
        "objectid": 4,
        "district": "Dhamtari",
        "plot_type": "INDUSTRIAL PURPOSE",
        "total_area": 540,
        "reservatio": "No",
        "plot_munci": "YES",
        "corner_plo": "No",
        "premium_ba": 4000000,
        "addi_premi": 400000,
        "total_prem": 4400000,
        "label": null,
        "tot_premiu": 0.0,
        "location": "Shyamtarai",
        "remark": null,
        "sector_inf": null,
        "industrial": "Inustrial Area Shyamtarai",
        "district_i": "Dhamtari",
        "plotno_inf": "4",
        "uniqueplot": "4",
        "plotactiva": null,
        "plotupdate": null,
        "plot_yesno": "Yes",
        "category_i": "INDUSTRIAL PLOT-ALLOTED",
        "quest": null,
        "status_inf": "AVAILABLE",
        "applied_ti": null,
        "alloted_ti": null,
        "allotmentr": null,
        "industri_1": "Industrial Area Shyamtarai",
        "industri_2": "Industrial Area Shyamtarai",
        "gis_tid": null,
        "st_area_sh": 3.6030539e-08,
        "st_length_": 0.000763445976557,
        "uidv1": null,
        "status_from_csidc": "AVAILABLE",
        "uid": "IA-2011"
      }
    },
    {
      "type": "Feature",
      "id": "csidc_industrial_area_with_plots.fid-23377b7a_19c5672bde0_71cf",
      "geometry": {
        "type": "Polygon",
        "coordinates": [
          [
            [
              81.52860224,
              20.69008401
            ],
            [
              81.52854928,
              20.68988043
            ],
            [
              81.52838215,
              20.68991834
            ],
            [
              81.52843511,
              20.69012191
            ],
            [
              81.52860224,
              20.69008401
            ]
          ]
        ]
      },
      "geometry_name": "geom",
      "properties": {
        "gid": 91,
        "objectid": 9,
        "district": "Dhamtari",
        "plot_type": "INDUSTRIAL PURPOSE",
        "total_area": 540,
        "reservatio": "No",
        "plot_munci": "YES",
        "corner_plo": "No",
        "premium_ba": 4000000,
        "addi_premi": 400000,
        "total_prem": 4400000,
        "label": null,
        "tot_premiu": 0.0,
        "location": "Shyamtarai",
        "remark": null,
        "sector_inf": null,
        "industrial": "Inustrial Area Shyamtarai",
        "district_i": "Dhamtari",
        "plotno_inf": "9",
        "uniqueplot": "9",
        "plotactiva": null,
        "plotupdate": null,
        "plot_yesno": "Yes",
        "category_i": "INDUSTRIAL PLOT-ALLOTED",
        "quest": null,
        "status_inf": "ALLOTTED",
        "applied_ti": null,
        "alloted_ti": null,
        "allotmentr": null,
        "industri_1": "Industrial Area Shyamtarai",
        "industri_2": "Industrial Area Shyamtarai",
        "gis_tid": null,
        "st_area_sh": 3.6030741e-08,
        "st_length_": 0.000763449709434,
        "uidv1": null,
        "status_from_csidc": "ALLOTTED",
        "uid": "IA-2017"
      }
    },
    {
      "type": "Feature",
      "id": "csidc_industrial_area_with_plots.fid-23377b7a_19c5672bde0_71d0",
      "geometry": {
        "type": "Polygon",
        "coordinates": [
          [
            [
              81.5289365,
              20.69000819
            ],
            [
              81.52888353,
              20.68980462
            ],
            [
              81.52871641,
              20.68984253
            ],
            [
              81.52876937,
              20.6900461
            ],
            [
              81.5289365,
              20.69000819
            ]
          ]
        ]
      },
      "geometry_name": "geom",
      "properties": {
        "gid": 93,
        "objectid": 7,
        "district": "Dhamtari",
        "plot_type": "INDUSTRIAL PURPOSE",
        "total_area": 540,
        "reservatio": "No",
        "plot_munci": "YES",
        "corner_plo": "No",
        "premium_ba": 4000000,
        "addi_premi": 400000,
        "total_prem": 4400000,
        "label": null,
        "tot_premiu": 0.0,
        "location": "Shyamtarai",
        "remark": null,
        "sector_inf": null,
        "industrial": "Inustrial Area Shyamtarai",
        "district_i": "Dhamtari",
        "plotno_inf": "7",
        "uniqueplot": "7",
        "plotactiva": null,
        "plotupdate": null,
        "plot_yesno": "Yes",
        "category_i": "INDUSTRIAL PLOT-ALLOTED",
        "quest": null,
        "status_inf": "ALLOTTED",
        "applied_ti": null,
        "alloted_ti": null,
        "allotmentr": null,
        "industri_1": "Industrial Area Shyamtarai",
        "industri_2": "Industrial Area Shyamtarai",
        "gis_tid": null,
        "st_area_sh": 3.6030564e-08,
        "st_length_": 0.000763447716049,
        "uidv1": null,
        "status_from_csidc": "BOOKED",
        "uid": "IA-2015"
      }
    },
    {
      "type": "Feature",
      "id": "csidc_industrial_area_with_plots.fid-23377b7a_19c5672bde0_71d1",
      "geometry": {
        "type": "Polygon",
        "coordinates": [
          [
            [
              81.707324,
              18.3950514
            ],
            [
              81.70728754,
              18.39487581
            ],
            [
              81.70724041,
              18.39488495
            ],
            [
              81.70709729,
              18.3949127
            ],
            [
              81.70713375,
              18.39508829
            ],
            [
              81.707324,
              18.3950514
            ]
          ]
        ]
      },
      "geometry_name": "geom",
      "properties": {
        "gid": 94,
        "objectid": 38,
        "district": "SUKMA",
        "plot_type": "Industrial Purpose",
        "total_area": 400,
        "reservatio": "YES",
        "plot_munci": "YES",
        "corner_plo": "NO",
        "premium_ba": 4000000,
        "addi_premi": 800000,
        "total_prem": 4800000,
        "label": null,
        "tot_premiu": 0.0,
        "location": "SUKMA",
        "remark": null,
        "sector_inf": null,
        "industrial": "Food Park Sukma",
        "district_i": "Sukma",
        "plotno_inf": "38",
        "uniqueplot": "38",
        "plotactiva": null,
        "plotupdate": null,
        "plot_yesno": "Yes",
        "category_i": "INDUSTRIAL PLOT-ALLOTED",
        "quest": null,
        "status_inf": "AVAILABLE",
        "applied_ti": null,
        "alloted_ti": null,
        "allotmentr": null,
        "industri_1": "Food Park Sukma",
        "industri_2": "Food Park Sukma",
        "gis_tid": null,
        "st_area_sh": 0.0,
        "st_length_": 0.0,
        "uidv1": null,
        "status_from_csidc": "AVAILABLE",
        "uid": "IA-2021"
      }
    },
    {
      "type": "Feature",
      "id": "csidc_industrial_area_with_plots.fid-23377b7a_19c5672bde0_71d2",
      "geometry": {
        "type": "Polygon",
        "coordinates": [
          [
            [
              81.70651946,
              18.39517999
            ],
            [
              81.70648847,
              18.39503075
            ],
            [
              81.70629821,
              18.39506763
            ],
            [
              81.70633467,
              18.39524322
            ],
            [
              81.70649639,
              18.39521186
            ],
            [
              81.70650126,
              18.3952105
            ],
            [
              81.70650582,
              18.39520838
            ],
            [
              81.70650992,
              18.39520557
            ],
            [
              81.70651345,
              18.39520214
            ],
            [
              81.70651629,
              18.39519822
            ],
            [
              81.70651837,
              18.3951939
            ],
            [
              81.70651961,
              18.39518933
            ],
            [
              81.70651997,
              18.39518465
            ],
            [
              81.70651946,
              18.39517999
            ]
          ]
        ]
      },
      "geometry_name": "geom",
      "properties": {
        "gid": 95,
        "objectid": 35,
        "district": "SUKMA",
        "plot_type": "Industrial Purpose",
        "total_area": 398.07,
        "reservatio": "YES",
        "plot_munci": "YES",
        "corner_plo": "YES",
        "premium_ba": 4000000,
        "addi_premi": 1200000,
        "total_prem": 5200000,
        "label": null,
        "tot_premiu": 0.0,
        "location": "SUKMA",
        "remark": null,
        "sector_inf": null,
        "industrial": "Food Park Sukma",
        "district_i": "Sukma",
        "plotno_inf": "35",
        "uniqueplot": "35",
        "plotactiva": null,
        "plotupdate": null,
        "plot_yesno": "Yes",
        "category_i": "INDUSTRIAL PLOT-ALLOTED",
        "quest": null,
        "status_inf": "AVAILABLE",
        "applied_ti": null,
        "alloted_ti": null,
        "allotmentr": null,
        "industri_1": "Food Park Sukma",
        "industri_2": "Food Park Sukma",
        "gis_tid": null,
        "st_area_sh": 0.0,
        "st_length_": 0.0,
        "uidv1": null,
        "status_from_csidc": "AVAILABLE",
        "uid": "IA-2023"
      }
    },
    {
      "type": "Feature",
      "id": "csidc_industrial_area_with_plots.fid-23377b7a_19c5672bde0_71d3",
      "geometry": {
        "type": "Polygon",
        "coordinates": [
          [
            [
              81.70614441,
              18.39528011
            ],
            [
              81.70610795,
              18.39510452
            ],
            [
              81.7059177,
              18.39514141
            ],
            [
              81.70595415,
              18.39531699
            ],
            [
              81.70614441,
              18.39528011
            ]
          ]
        ]
      },
      "geometry_name": "geom",
      "properties": {
        "gid": 96,
        "objectid": 33,
        "district": "SUKMA",
        "plot_type": "Industrial Purpose",
        "total_area": 400,
        "reservatio": "YES",
        "plot_munci": "YES",
        "corner_plo": "NO",
        "premium_ba": 4000000,
        "addi_premi": 800000,
        "total_prem": 4800000,
        "label": null,
        "tot_premiu": 0.0,
        "location": "SUKMA",
        "remark": null,
        "sector_inf": null,
        "industrial": "Food Park Sukma",
        "district_i": "Sukma",
        "plotno_inf": "33",
        "uniqueplot": "33",
        "plotactiva": null,
        "plotupdate": null,
        "plot_yesno": "Yes",
        "category_i": "INDUSTRIAL PLOT-ALLOTED",
        "quest": null,
        "status_inf": "AVAILABLE",
        "applied_ti": null,
        "alloted_ti": null,
        "allotmentr": null,
        "industri_1": "Food Park Sukma",
        "industri_2": "Food Park Sukma",
        "gis_tid": null,
        "st_area_sh": 0.0,
        "st_length_": 0.0,
        "uidv1": null,
        "status_from_csidc": "AVAILABLE",
        "uid": "IA-2020"
      }
    },
    {
      "type": "Feature",
      "id": "csidc_industrial_area_with_plots.fid-23377b7a_19c5672bde0_71d4",
      "geometry": {
        "type": "Polygon",
        "coordinates": [
          [
            [
              81.52810086,
              20.69019773
            ],
            [
              81.52805672,
              20.69002808
            ],
            [
              81.52768532,
              20.69011232
            ],
            [
              81.52772946,
              20.69028196
            ],
            [
              81.52810086,
              20.69019773
            ]
          ]
        ]
      },
      "geometry_name": "geom",
      "properties": {
        "gid": 97,
        "objectid": 26,
        "district": "Dhamtari",
        "plot_type": "INDUSTRIAL PURPOSE",
        "total_area": 1000,
        "reservatio": "No",
        "plot_munci": "YES",
        "corner_plo": "Yes",
        "premium_ba": 4000000,
        "addi_premi": 800000,
        "total_prem": 4800000,
        "label": null,
        "tot_premiu": 0.0,
        "location": "Shyamtarai",
        "remark": null,
        "sector_inf": null,
        "industrial": "Inustrial Area Shyamtarai",
        "district_i": "Dhamtari",
        "plotno_inf": "26",
        "uniqueplot": "26",
        "plotactiva": null,
        "plotupdate": null,
        "plot_yesno": "Yes",
        "category_i": "INDUSTRIAL PLOT-ALLOTED",
        "quest": null,
        "status_inf": "ALLOTTED",
        "applied_ti": null,
        "alloted_ti": null,
        "allotmentr": null,
        "industri_1": "Industrial Area Shyamtarai",
        "industri_2": "Industrial Area Shyamtarai",
        "gis_tid": null,
        "st_area_sh": 6.6723343e-08,
        "st_length_": 0.00111224241063,
        "uidv1": null,
        "status_from_csidc": "ALLOTTED",
        "uid": "IA-2019"
      }
    },
    {
      "type": "Feature",
      "id": "csidc_industrial_area_with_plots.fid-23377b7a_19c5672bde0_71d5",
      "geometry": {
        "type": "Polygon",
        "coordinates": [
          [
            [
              81.70694349,
              18.39512517
            ],
            [
              81.70690703,
              18.39494959
            ],
            [
              81.70671677,
              18.39498648
            ],
            [
              81.70674776,
              18.39513573
            ],
            [
              81.70674915,
              18.39514021
            ],
            [
              81.70675136,
              18.3951444
            ],
            [
              81.70675432,
              18.39514815
            ],
            [
              81.70675796,
              18.39515136
            ],
            [
              81.70676215,
              18.39515393
            ],
            [
              81.70676677,
              18.39515577
            ],
            [
              81.70677168,
              18.39515683
            ],
            [
              81.70677673,
              18.39515709
            ],
            [
              81.70678177,
              18.39515653
            ],
            [
              81.70694349,
              18.39512517
            ]
          ]
        ]
      },
      "geometry_name": "geom",
      "properties": {
        "gid": 98,
        "objectid": 36,
        "district": "SUKMA",
        "plot_type": "Industrial Purpose",
        "total_area": 398.07,
        "reservatio": "NO",
        "plot_munci": "YES",
        "corner_plo": "YES",
        "premium_ba": 4000000,
        "addi_premi": 1200000,
        "total_prem": 5200000,
        "label": null,
        "tot_premiu": 0.0,
        "location": "SUKMA",
        "remark": null,
        "sector_inf": null,
        "industrial": "Food Park Sukma",
        "district_i": "Sukma",
        "plotno_inf": "36",
        "uniqueplot": "36",
        "plotactiva": null,
        "plotupdate": null,
        "plot_yesno": "Yes",
        "category_i": "INDUSTRIAL PLOT-ALLOTED",
        "quest": null,
        "status_inf": "AVAILABLE",
        "applied_ti": null,
        "alloted_ti": null,
        "allotmentr": null,
        "industri_1": "Food Park Sukma",
        "industri_2": "Food Park Sukma",
        "gis_tid": null,
        "st_area_sh": 0.0,
        "st_length_": 0.0,
        "uidv1": null,
        "status_from_csidc": "AVAILABLE",
        "uid": "IA-2024"
      }
    },
    {
      "type": "Feature",
      "id": "csidc_industrial_area_with_plots.fid-23377b7a_19c5672bde0_71d6",
      "geometry": {
        "type": "Polygon",
        "coordinates": [
          [
            [
              81.52805672,
              20.69002808
            ],
            [
              81.52801258,
              20.68985843
            ],
            [
              81.52764119,
              20.68994267
            ],
            [
              81.52768532,
              20.69011232
            ],
            [
              81.52805672,
              20.69002808
            ]
          ]
        ]
      },
      "geometry_name": "geom",
      "properties": {
        "gid": 99,
        "objectid": 25,
        "district": "Dhamtari",
        "plot_type": "INDUSTRIAL PURPOSE",
        "total_area": 1000,
        "reservatio": "No",
        "plot_munci": "YES",
        "corner_plo": "No",
        "premium_ba": 4000000,
        "addi_premi": 400000,
        "total_prem": 4400000,
        "label": null,
        "tot_premiu": 0.0,
        "location": "Shyamtarai",
        "remark": null,
        "sector_inf": null,
        "industrial": "Inustrial Area Shyamtarai",
        "district_i": "Dhamtari",
        "plotno_inf": "25",
        "uniqueplot": "25",
        "plotactiva": null,
        "plotupdate": null,
        "plot_yesno": "Yes",
        "category_i": "INDUSTRIAL PLOT-ALLOTED",
        "quest": null,
        "status_inf": "ALLOTTED",
        "applied_ti": null,
        "alloted_ti": null,
        "allotmentr": null,
        "industri_1": "Industrial Area Shyamtarai",
        "industri_2": "Industrial Area Shyamtarai",
        "gis_tid": null,
        "st_area_sh": 6.6723867e-08,
        "st_length_": 0.00111224570773,
        "uidv1": null,
        "status_from_csidc": "BOOKED",
        "uid": "IA-2012"
      }
    },
    {
      "type": "Feature",
      "id": "csidc_industrial_area_with_plots.fid-23377b7a_19c5672bde0_71d7",
      "geometry": {
        "type": "Polygon",
        "coordinates": [
          [
            [
              80.85441585,
              20.91441161
            ],
            [
              80.85428864,
              20.91412153
            ],
            [
              80.85375405,
              20.91432878
            ],
            [
              80.85388126,
              20.91461886
            ],
            [
              80.85441585,
              20.91441161
            ]
          ]
        ]
      },
      "geometry_name": "geom",
      "properties": {
        "gid": 100,
        "objectid": 2962,
        "district": "Rajnandgaon",
        "plot_type": "Industrial  Purpose",
        "total_area": 1750,
        "reservatio": null,
        "plot_munci": "NO",
        "corner_plo": "YES",
        "premium_ba": 2100000,
        "addi_premi": 210000,
        "total_prem": 2310000,
        "label": "C",
        "tot_premiu": 2310000,
        "location": "Pangrikhurd",
        "remark": null,
        "sector_inf": "BLOCK - C",
        "industrial": "RAJNANDGAON",
        "district_i": "RAJNANDGAON",
        "plotno_inf": "44",
        "uniqueplot": "44",
        "plotactiva": null,
        "plotupdate": null,
        "plot_yesno": "YES",
        "category_i": "INDUSTRIAL PLOT-ALLOTED",
        "quest": null,
        "status_inf": "ALLOTTED",
        "applied_ti": null,
        "alloted_ti": null,
        "allotmentr": null,
        "industri_1": "INDUSTRIAL AREA PANGRIKHURD_BLOCK - C",
        "industri_2": "INDUSTRIAL AREA PANGRIKHURD",
        "gis_tid": null,
        "st_area_sh": 1.81437725e-07,
        "st_length_": 0.00178020704337,
        "uidv1": "IA-1354",
        "status_from_csidc": "ALLOTTED",
        "uid": "IA-1354"
      }
    },
    {
      "type": "Feature",
      "id": "csidc_industrial_area_with_plots.fid-23377b7a_19c5672bde0_71d8",
      "geometry": {
        "type": "Polygon",
        "coordinates": [
          [
            [
              81.52876937,
              20.6900461
            ],
            [
              81.52871641,
              20.68984253
            ],
            [
              81.52854928,
              20.68988043
            ],
            [
              81.52860224,
              20.69008401
            ],
            [
              81.52876937,
              20.6900461
            ]
          ]
        ]
      },
      "geometry_name": "geom",
      "properties": {
        "gid": 101,
        "objectid": 8,
        "district": "Dhamtari",
        "plot_type": "INDUSTRIAL PURPOSE",
        "total_area": 540,
        "reservatio": "No",
        "plot_munci": "YES",
        "corner_plo": "No",
        "premium_ba": 4000000,
        "addi_premi": 400000,
        "total_prem": 4400000,
        "label": null,
        "tot_premiu": 0.0,
        "location": "Shyamtarai",
        "remark": null,
        "sector_inf": null,
        "industrial": "Inustrial Area Shyamtarai",
        "district_i": "Dhamtari",
        "plotno_inf": "8",
        "uniqueplot": "8",
        "plotactiva": null,
        "plotupdate": null,
        "plot_yesno": "Yes",
        "category_i": "INDUSTRIAL PLOT-ALLOTED",
        "quest": null,
        "status_inf": "ALLOTTED",
        "applied_ti": null,
        "alloted_ti": null,
        "allotmentr": null,
        "industri_1": "Industrial Area Shyamtarai",
        "industri_2": "Industrial Area Shyamtarai",
        "gis_tid": null,
        "st_area_sh": 3.6031005e-08,
        "st_length_": 0.000763451874786,
        "uidv1": null,
        "status_from_csidc": "ALLOTTED",
        "uid": "IA-2016"
      }
    },
    {
      "type": "Feature",
      "id": "csidc_industrial_area_with_plots.fid-23377b7a_19c5672bde0_71d9",
      "geometry": {
        "type": "Polygon",
        "coordinates": [
          [
            [
              82.18723457,
              22.02244347
            ],
            [
              82.18660488,
              22.02244545
            ],
            [
              82.18660699,
              22.02303258
            ],
            [
              82.18723669,
              22.02303061
            ],
            [
              82.18723457,
              22.02244347
            ]
          ]
        ]
      },
      "geometry_name": "geom",
      "properties": {
        "gid": 102,
        "objectid": 1900,
        "district": "BILASPUR",
        "plot_type": "INDUSTRIAL PURPOSE",
        "total_area": 4225,
        "reservatio": null,
        "plot_munci": "YES",
        "corner_plo": "YES",
        "premium_ba": 2957500,
        "addi_premi": 591500,
        "total_prem": 3549000,
        "label": null,
        "tot_premiu": 3549000,
        "location": "SILPAHARI",
        "remark": null,
        "sector_inf": "BLOCK-C",
        "industrial": "SILPAHARI INDUSTRIAL AREA",
        "district_i": "BILASPUR",
        "plotno_inf": "1",
        "uniqueplot": "1",
        "plotactiva": "2018-01-09Z",
        "plotupdate": null,
        "plot_yesno": "YES",
        "category_i": "INDUSTRIAL PLOT-ALLOTED",
        "quest": null,
        "status_inf": "ALLOTTED",
        "applied_ti": null,
        "alloted_ti": null,
        "allotmentr": null,
        "industri_1": "SILPAHARI BLOCK-C",
        "industri_2": "SILPAHARI BLOCK-C",
        "gis_tid": null,
        "st_area_sh": 3.69720643e-07,
        "st_length_": 0.00243367578089,
        "uidv1": "IA-60",
        "status_from_csidc": "ALLOTTED",
        "uid": "IA-60"
      }
    },
    {
      "type": "Feature",
      "id": "csidc_industrial_area_with_plots.fid-23377b7a_19c5672bde0_71da",
      "geometry": {
        "type": "Polygon",
        "coordinates": [
          [
            [
              82.24898749,
              22.1769856
            ],
            [
              82.24884454,
              22.17666301
            ],
            [
              82.24838392,
              22.17679652
            ],
            [
              82.24852623,
              22.17712697
            ],
            [
              82.24898749,
              22.1769856
            ]
          ]
        ]
      },
      "geometry_name": "geom",
      "properties": {
        "gid": 103,
        "objectid": 0,
        "district": "BILASPUR",
        "plot_type": "INDUSTRIAL PURPOSE",
        "total_area": 2000,
        "reservatio": null,
        "plot_munci": "No",
        "corner_plo": "No",
        "premium_ba": 14400000,
        "addi_premi": 0.0,
        "total_prem": 2880000,
        "label": null,
        "tot_premiu": 0.0,
        "location": "Selar",
        "remark": null,
        "sector_inf": "BLOCK - I",
        "industrial": "Industrial Area Selar",
        "district_i": "BILASPUR",
        "plotno_inf": "1",
        "uniqueplot": "1",
        "plotactiva": null,
        "plotupdate": null,
        "plot_yesno": "YES",
        "category_i": "INDUSTRIAL PLOT-ALLOTED",
        "quest": null,
        "status_inf": "AVAILABLE",
        "applied_ti": null,
        "alloted_ti": null,
        "allotmentr": null,
        "industri_1": "Industrial Area Selar",
        "industri_2": "Industrial Area Selar",
        "gis_tid": null,
        "st_area_sh": 0.0,
        "st_length_": 0.0,
        "uidv1": "IA-62",
        "status_from_csidc": "AVAILABLE",
        "uid": "IA-62"
      }
    },
    {
      "type": "Feature",
      "id": "csidc_industrial_area_with_plots.fid-23377b7a_19c5672bde0_71db",
      "geometry": {
        "type": "Polygon",
        "coordinates": [
          [
            [
              81.70661243,
              18.39562773
            ],
            [
              81.70658508,
              18.39549604
            ],
            [
              81.7062997,
              18.39555137
            ],
            [
              81.70632704,
              18.39568306
            ],
            [
              81.70661243,
              18.39562773
            ]
          ]
        ]
      },
      "geometry_name": "geom",
      "properties": {
        "gid": 104,
        "objectid": 23,
        "district": "SUKMA",
        "plot_type": "Industrial Purpose",
        "total_area": 450,
        "reservatio": "NO",
        "plot_munci": "YES",
        "corner_plo": "YES",
        "premium_ba": 4000000,
        "addi_premi": 1200000,
        "total_prem": 5200000,
        "label": null,
        "tot_premiu": 0.0,
        "location": "SUKMA",
        "remark": null,
        "sector_inf": null,
        "industrial": "Food Park Sukma",
        "district_i": "Sukma",
        "plotno_inf": "23",
        "uniqueplot": "23",
        "plotactiva": null,
        "plotupdate": null,
        "plot_yesno": "Yes",
        "category_i": "INDUSTRIAL PLOT-ALLOTED",
        "quest": null,
        "status_inf": "AVAILABLE",
        "applied_ti": null,
        "alloted_ti": null,
        "allotmentr": null,
        "industri_1": "Food Park Sukma",
        "industri_2": "Food Park Sukma",
        "gis_tid": null,
        "st_area_sh": 0.0,
        "st_length_": 0.0,
        "uidv1": null,
        "status_from_csidc": "AVAILABLE",
        "uid": "IA-2029"
      }
    },
    {
      "type": "Feature",
      "id": "csidc_industrial_area_with_plots.fid-23377b7a_19c5672bde0_71dc",
      "geometry": {
        "type": "Polygon",
        "coordinates": [
          [
            [
              81.70663977,
              18.39575941
            ],
            [
              81.70661243,
              18.39562773
            ],
            [
              81.70632704,
              18.39568306
            ],
            [
              81.70635438,
              18.39581475
            ],
            [
              81.70663977,
              18.39575941
            ]
          ]
        ]
      },
      "geometry_name": "geom",
      "properties": {
        "gid": 105,
        "objectid": 22,
        "district": "SUKMA",
        "plot_type": "Industrial Purpose",
        "total_area": 450,
        "reservatio": "NO",
        "plot_munci": "YES",
        "corner_plo": "YES",
        "premium_ba": 4000000,
        "addi_premi": 1200000,
        "total_prem": 5200000,
        "label": null,
        "tot_premiu": 0.0,
        "location": "SUKMA",
        "remark": null,
        "sector_inf": null,
        "industrial": "Food Park Sukma",
        "district_i": "Sukma",
        "plotno_inf": "22",
        "uniqueplot": "22",
        "plotactiva": null,
        "plotupdate": null,
        "plot_yesno": "Yes",
        "category_i": "INDUSTRIAL PLOT-ALLOTED",
        "quest": null,
        "status_inf": "AVAILABLE",
        "applied_ti": null,
        "alloted_ti": null,
        "allotmentr": null,
        "industri_1": "Food Park Sukma",
        "industri_2": "Food Park Sukma",
        "gis_tid": null,
        "st_area_sh": 0.0,
        "st_length_": 0.0,
        "uidv1": null,
        "status_from_csidc": "AVAILABLE",
        "uid": "IA-2032"
      }
    }
  ]
}